VegID,CommonName,GenusGroup,Family,GrowthForm,Type,EF1,EF2,EF3,EF4,EF5,EF6,EF7,EF8,EF9,EF10,EF11,EF12,EF13,EF14,EF15,EF16,EF17,EF18,EF19,LDF3,LDF4,LDF5,LDF6,References,Comment
Abies,fir,Abies,Pinaceae,Ntr,genus,0.5,0.003,0.2,0.2,0.05,0.2,0.03,0.05,0.09,0.06,1.6,0.4,0.7,0.4,1.5,0.1,0.2,0.04,1,0.5,0.8,0.3,0.4,,
Abies alba,silver fir,AbiesIso2,Pinaceae,Ntr,species,8,0.003,0.2,0.2,0.05,0.2,0.03,0.05,0.09,0.06,1.6,0.4,0.7,0.4,1.5,0.1,0.2,0.04,1,0.5,0.8,0.3,0.4,,
Abies amabilis,Pacific silver fir,Abies,Pinaceae,Ntr,species,0.003,0.003,0.2,0.2,0.05,0.2,0.03,0.05,0.09,0.06,1.6,0.4,0.7,0.4,1.5,0.1,0.2,0.04,1,0.5,0.8,0.3,0.4,,
Abies balsamea,balsam fir,Abies,Pinaceae,Ntr,species,0.003,0.003,0.2,0.2,0.05,0.2,0.03,0.05,0.09,0.06,1.6,0.4,0.7,0.4,1.5,0.1,0.2,0.04,1,0.5,0.8,0.3,0.4,,
Abies borisii-regis,fir,AbiesIso,Pinaceae,Ntr,species,8,0.003,0.2,0.2,0.05,0.2,0.03,0.05,0.09,0.06,1.6,0.4,0.7,0.4,1.5,0.1,0.2,0.04,1,0.5,0.8,0.3,0.4,,
Abies bornmulleriana,Uludag fir,Abies,Pinaceae,Ntr,species,0.5,0.003,0.2,0.2,0.05,0.2,0.03,0.05,0.09,0.06,1.6,0.4,0.7,0.4,1.5,0.1,0.2,0.04,1,0.5,0.8,0.3,0.4,,
Abies bracteata,bristlecone fir,Abies,Pinaceae,Ntr,species,0.003,0.003,0.2,0.2,0.05,0.2,0.03,0.05,0.09,0.06,1.6,0.4,0.7,0.4,1.5,0.1,0.2,0.04,1,0.5,0.8,0.3,0.4,,
Abies cephalonica,,AbiesIso,Pinaceae,Ntr,species,8,0.003,0.2,0.2,0.05,0.2,0.03,0.05,0.09,0.06,1.6,0.4,0.7,0.4,1.5,0.1,0.2,0.04,1,0.5,0.8,0.3,0.4,,
Abies cilicica,,AbiesIso,Pinaceae,Ntr,species,8,0.003,0.2,0.2,0.05,0.2,0.03,0.05,0.09,0.06,1.6,0.4,0.7,0.4,1.5,0.1,0.2,0.04,1,0.5,0.8,0.3,0.4,,
Abies concolor,white fir,Abies,Pinaceae,Ntr,species,0.003,0.003,0.2,0.2,0.05,0.2,0.03,0.05,0.09,0.06,1.6,0.4,0.7,0.4,1.5,0.1,0.2,0.04,1,0.5,0.8,0.3,0.4,,
Abies equi-trojani,fir,AbiesIso,Pinaceae,Ntr,species,8,0.003,0.2,0.2,0.05,0.2,0.03,0.05,0.09,0.06,1.6,0.4,0.7,0.4,1.5,0.1,0.2,0.04,1,0.5,0.8,0.3,0.4,,
Abies fraseri,Fraser fir,Abies,Pinaceae,Ntr,species,0.5,0.003,0.2,0.2,0.05,0.2,0.03,0.05,0.09,0.06,1.6,0.4,0.7,0.4,1.5,0.1,0.2,0.04,1,0.5,0.8,0.3,0.4,,
Abies grandis,grand fir,Abies,Pinaceae,Ntr,species,0.003,0.003,0.2,0.2,0.05,0.2,0.03,0.05,0.09,0.06,1.6,0.4,0.7,0.4,1.5,0.1,0.2,0.04,1,0.5,0.8,0.3,0.4,,
Abies insignis,,AbiesIso,Pinaceae,Ntr,species,8,0.003,0.2,0.2,0.05,0.2,0.03,0.05,0.09,0.06,1.6,0.4,0.7,0.4,1.5,0.1,0.2,0.04,1,0.5,0.8,0.3,0.4,,
Abies lasiocarpa,subalpine fir,Abies,Pinaceae,Ntr,species,0.003,0.003,0.2,0.2,0.05,0.2,0.03,0.05,0.09,0.06,1.6,0.4,0.7,0.4,1.5,0.1,0.2,0.04,1,0.5,0.8,0.3,0.4,,
Abies magnifica,California red fir,Abies,Pinaceae,Ntr,species,0.003,0.003,0.2,0.2,0.05,0.2,0.03,0.05,0.09,0.06,1.6,0.4,0.7,0.4,1.5,0.1,0.2,0.04,1,0.5,0.8,0.3,0.4,,
Abies marocana,,AbiesIso,Pinaceae,Ntr,species,8,0.003,0.2,0.2,0.05,0.2,0.03,0.05,0.09,0.06,1.6,0.4,0.7,0.4,1.5,0.1,0.2,0.04,1,0.5,0.8,0.3,0.4,,
Abies nebrodensis,,Abies,Pinaceae,Ntr,species,0.5,0.003,0.2,0.2,0.05,0.2,0.03,0.05,0.09,0.06,1.6,0.4,0.7,0.4,1.5,0.1,0.2,0.04,1,0.5,0.8,0.3,0.4,,
Abies nordmanniana,fir,AbiesIso,Pinaceae,Ntr,species,8,0.003,0.2,0.2,0.05,0.2,0.03,0.05,0.09,0.06,1.6,0.4,0.7,0.4,1.5,0.1,0.2,0.04,1,0.5,0.8,0.3,0.4,,
Abies numidica,,AbiesIso,Pinaceae,Ntr,species,8,0.003,0.2,0.2,0.05,0.2,0.03,0.05,0.09,0.06,1.6,0.4,0.7,0.4,1.5,0.1,0.2,0.04,1,0.5,0.8,0.3,0.4,,
Abies pardei,,AbiesIso,Pinaceae,Ntr,species,8,0.003,0.2,0.2,0.05,0.2,0.03,0.05,0.09,0.06,1.6,0.4,0.7,0.4,1.5,0.1,0.2,0.04,1,0.5,0.8,0.3,0.4,,
Abies pinsapo,,AbiesIso,Pinaceae,Ntr,species,0.003,0.003,0.2,0.2,0.05,0.2,0.03,0.05,0.09,0.06,1.6,0.4,0.7,0.4,1.5,0.1,0.2,0.04,1,0.5,0.8,0.3,0.4,,
Abies procera,noble fir,Abies,Pinaceae,Ntr,species,0.003,0.003,0.2,0.2,0.05,0.2,0.03,0.05,0.09,0.06,1.6,0.4,0.7,0.4,1.5,0.1,0.2,0.04,1,0.5,0.8,0.3,0.4,,
Abutilon striatum,,Abutilon,Malvaceae,Btr,species,6,0.01,0.4,0.3,0.18,0.25,0.03,0.05,0.06,0.04,1.4,0.4,0.7,0.4,1.2,0.1,0.2,0.04,1,0.5,0.8,0.3,0.4,,
Acacia,acacia,Acacia,Fabaceae,Btr,genus,5,0.003,0.3,0.1,0.1,0.1,0.03,0.05,0.06,0.04,1.6,0.4,0.7,0.4,1.2,0.1,0.2,0.04,1,0.5,0.8,0.3,0.4,,
Acacia amara,,Acacia,Fabaceae,Btr,species,0.1,0.003,0.3,0.1,0.1,0.1,0.03,0.05,0.06,0.04,1.6,0.4,0.7,0.4,1.2,0.1,0.2,0.04,1,0.5,0.8,0.3,0.4,,
Acacia aneura,mulga,Acacia,Fabaceae,Btr,species,0.1,0.003,0.3,0.1,0.1,0.1,0.03,0.05,0.06,0.04,1.6,0.4,0.7,0.4,1.2,0.1,0.2,0.04,1,0.5,0.8,0.3,0.4,,
Acacia auculaeformis,,Acacia,Fabaceae,Btr,species,0.1,0.003,0.3,0.1,0.1,0.1,0.03,0.05,0.06,0.04,1.6,0.4,0.7,0.4,1.2,0.1,0.2,0.04,1,0.5,0.8,0.3,0.4,,
Acacia auriculiformis,earleaf acacia,Acacia,Fabaceae,Btr,species,0.1,0.003,0.3,0.1,0.1,0.1,0.03,0.05,0.06,0.04,1.6,0.4,0.7,0.4,1.2,0.1,0.2,0.04,1,0.5,0.8,0.3,0.4,,
Acacia baileyana,cootamundra wattle,Acacia,Fabaceae,Btr,species,0.1,0.003,0.3,0.1,0.1,0.1,0.03,0.05,0.06,0.04,1.6,0.4,0.7,0.4,1.2,0.1,0.2,0.04,1,0.5,0.8,0.3,0.4,,
Acacia berlandieri,guajillo,Acacia,Fabaceae,Btr,species,0.1,0.003,0.3,0.1,0.1,0.1,0.03,0.05,0.06,0.04,1.6,0.4,0.7,0.4,1.2,0.1,0.2,0.04,1,0.5,0.8,0.3,0.4,,
Acacia borleae,,Acacia,Fabaceae,Btr,species,0.1,0.003,0.3,0.1,0.1,0.1,0.03,0.05,0.06,0.04,1.6,0.4,0.7,0.4,1.2,0.1,0.2,0.04,1,0.5,0.8,0.3,0.4,,
Acacia burkei,,Acacia,Fabaceae,Btr,species,0.1,0.003,0.3,0.1,0.1,0.1,0.03,0.05,0.06,0.04,1.6,0.4,0.7,0.4,1.2,0.1,0.2,0.04,1,0.5,0.8,0.3,0.4,,
Acacia caffra,,Acacia,Fabaceae,Btr,species,0.1,0.003,0.3,0.1,0.1,0.1,0.03,0.05,0.06,0.04,1.6,0.4,0.7,0.4,1.2,0.1,0.2,0.04,1,0.5,0.8,0.3,0.4,,
Acacia cognata,bower wattle,Acacia,Fabaceae,Btr,species,0.1,0.003,0.3,0.1,0.1,0.1,0.03,0.05,0.06,0.04,1.6,0.4,0.7,0.4,1.2,0.1,0.2,0.04,1,0.5,0.8,0.3,0.4,,
Acacia confusa,small Philippine acacia,Acacia,Fabaceae,Btr,species,0.1,0.003,0.3,0.1,0.1,0.1,0.03,0.05,0.06,0.04,1.6,0.4,0.7,0.4,1.2,0.1,0.2,0.04,1,0.5,0.8,0.3,0.4,,
Acacia constricta,whitethorn acacia,Acacia,Fabaceae,Btr,species,0.1,0.003,0.3,0.1,0.1,0.1,0.03,0.05,0.06,0.04,1.6,0.4,0.7,0.4,1.2,0.1,0.2,0.04,1,0.5,0.8,0.3,0.4,,
Acacia craspedocarpa,,Acacia,Fabaceae,Btr,species,0.1,0.003,0.3,0.1,0.1,0.1,0.03,0.05,0.06,0.04,1.6,0.4,0.7,0.4,1.2,0.1,0.2,0.04,1,0.5,0.8,0.3,0.4,,
Acacia crassiramia,,Acacia,Fabaceae,Btr,species,0.1,0.003,0.3,0.1,0.1,0.1,0.03,0.05,0.06,0.04,1.6,0.4,0.7,0.4,1.2,0.1,0.2,0.04,1,0.5,0.8,0.3,0.4,,
Acacia cultriformis,knife acacia,Acacia,Fabaceae,Btr,species,0.1,0.003,0.3,0.1,0.1,0.1,0.03,0.05,0.06,0.04,1.6,0.4,0.7,0.4,1.2,0.1,0.2,0.04,1,0.5,0.8,0.3,0.4,,
Acacia cyanophylla,,Acacia,Fabaceae,Unknown,species,0.1,0.003,0.3,0.1,0.1,0.1,0.03,0.05,0.06,0.04,1.6,0.4,0.7,0.4,1.2,0.1,0.2,0.04,1,0.5,0.8,0.3,0.4,,
Acacia cyclops,coastal wattle,Acacia,Fabaceae,Shrub,species,0.1,0.003,0.3,0.1,0.1,0.1,0.03,0.05,0.06,0.04,1.6,0.4,0.7,0.4,1.2,0.1,0.2,0.04,1,0.5,0.8,0.3,0.4,,
Acacia dealbata,silver wattle,Acacia,Fabaceae,Btr,species,0.1,0.003,0.3,0.1,0.1,0.1,0.03,0.05,0.06,0.04,1.6,0.4,0.7,0.4,1.2,0.1,0.2,0.04,1,0.5,0.8,0.3,0.4,,
Acacia decurrens,green wattle,Acacia,Fabaceae,Btr,species,0.1,0.003,0.3,0.1,0.1,0.1,0.03,0.05,0.06,0.04,1.6,0.4,0.7,0.4,1.2,0.1,0.2,0.04,1,0.5,0.8,0.3,0.4,,
Acacia erioloba,camelthorn,Acacia_MT,Fabaceae,Btr,species,0.1,0.003,3,1,1,1,0.03,0.05,0.06,0.04,1.6,0.4,0.7,0.4,1.2,0.1,0.2,0.04,1,0.5,0.8,0.3,0.4,,
Acacia farnesiana,sweet acacia,Acacia,Fabaceae,Btr,species,0.1,0.003,0.3,0.1,0.1,0.1,0.03,0.05,0.06,0.04,1.6,0.4,0.7,0.4,1.2,0.1,0.2,0.04,1,0.5,0.8,0.3,0.4,,
Acacia floribunda,,Acacia,Fabaceae,Btr,species,0.1,0.003,0.3,0.1,0.1,0.1,0.03,0.05,0.06,0.04,1.6,0.4,0.7,0.4,1.2,0.1,0.2,0.04,1,0.5,0.8,0.3,0.4,,
Acacia galpinii,,Acacia,Fabaceae,Btr,species,0.1,0.003,0.3,0.1,0.1,0.1,0.03,0.05,0.06,0.04,1.6,0.4,0.7,0.4,1.2,0.1,0.2,0.04,1,0.5,0.8,0.3,0.4,,
Acacia greggii,catclaw acacia,Acacia,Fabaceae,Btr,species,0.1,0.003,0.3,0.1,0.1,0.1,0.03,0.05,0.06,0.04,1.6,0.4,0.7,0.4,1.2,0.1,0.2,0.04,1,0.5,0.8,0.3,0.4,,
Acacia guachapele,,Acacia,Fabaceae,Btr,species,0.1,0.003,0.3,0.1,0.1,0.1,0.03,0.05,0.06,0.04,1.6,0.4,0.7,0.4,1.2,0.1,0.2,0.04,1,0.5,0.8,0.3,0.4,,
Acacia harpophylla,,Acacia,Fabaceae,Btr,species,0.1,0.003,0.3,0.1,0.1,0.1,0.03,0.05,0.06,0.04,1.6,0.4,0.7,0.4,1.2,0.1,0.2,0.04,1,0.5,0.8,0.3,0.4,,
Acacia holosericea,candelabra wattle,Acacia,Fabaceae,Btr,species,0.1,0.003,0.3,0.1,0.1,0.1,0.03,0.05,0.06,0.04,1.6,0.4,0.7,0.4,1.2,0.1,0.2,0.04,1,0.5,0.8,0.3,0.4,,
Acacia intsia,,Acacia,Fabaceae,Btr,species,0.1,0.003,0.3,0.1,0.1,0.1,0.03,0.05,0.06,0.04,1.6,0.4,0.7,0.4,1.2,0.1,0.2,0.04,1,0.5,0.8,0.3,0.4,,
Acacia julibrissin,,Acacia,Fabaceae,Btr,species,0.1,0.003,0.3,0.1,0.1,0.1,0.03,0.05,0.06,0.04,1.6,0.4,0.7,0.4,1.2,0.1,0.2,0.04,1,0.5,0.8,0.3,0.4,,
Acacia karroo,karroothorn,Acacia,Fabaceae,Btr,species,0.1,0.003,0.3,0.1,0.1,0.1,0.03,0.05,0.06,0.04,1.6,0.4,0.7,0.4,1.2,0.1,0.2,0.04,1,0.5,0.8,0.3,0.4,,
Acacia longifolia,Sydney golden wattle,Acacia,Fabaceae,Btr,species,0.1,0.003,0.3,0.1,0.1,0.1,0.03,0.05,0.06,0.04,1.6,0.4,0.7,0.4,1.2,0.1,0.2,0.04,1,0.5,0.8,0.3,0.4,,
Acacia lucidior,,Acacia,Fabaceae,Btr,species,0.1,0.003,0.3,0.1,0.1,0.1,0.03,0.05,0.06,0.04,1.6,0.4,0.7,0.4,1.2,0.1,0.2,0.04,1,0.5,0.8,0.3,0.4,,
Acacia mangium,,Acacia,Fabaceae,Btr,species,0.1,0.003,0.3,0.1,0.1,0.1,0.03,0.05,0.06,0.04,1.6,0.4,0.7,0.4,1.2,0.1,0.2,0.04,1,0.5,0.8,0.3,0.4,,
Acacia melanoxylon,blackwood,Acacia,Fabaceae,Btr,species,0.1,0.003,0.3,0.1,0.1,0.1,0.03,0.05,0.06,0.04,1.6,0.4,0.7,0.4,1.2,0.1,0.2,0.04,1,0.5,0.8,0.3,0.4,,
Acacia nigrescens,knobthorn,Acacia_ISO,Fabaceae,Btr,species,8,0.003,0.3,0.1,0.1,0.1,0.03,0.05,0.06,0.04,1.6,0.4,0.7,0.4,1.2,0.1,0.2,0.04,1,0.5,0.8,0.3,0.4,,
Acacia nilotica,gum arabic tree,Acacia,Fabaceae,Btr,species,0.1,0.003,0.3,0.1,0.1,0.1,0.03,0.05,0.06,0.04,1.6,0.4,0.7,0.4,1.2,0.1,0.2,0.04,1,0.5,0.8,0.3,0.4,,
Acacia paradoxa,paradox acacia,Acacia,Fabaceae,Shrub,species,0.1,0.003,0.3,0.1,0.1,0.1,0.03,0.05,0.06,0.04,1.6,0.4,0.7,0.4,1.2,0.1,0.2,0.04,1,0.5,0.8,0.3,0.4,,
Acacia pendula,myall acacia,Acacia,Fabaceae,Btr,species,0.1,0.003,0.3,0.1,0.1,0.1,0.03,0.05,0.06,0.04,1.6,0.4,0.7,0.4,1.2,0.1,0.2,0.04,1,0.5,0.8,0.3,0.4,,
Acacia pennata,,Acacia,Fabaceae,Btr,species,0.1,0.003,0.3,0.1,0.1,0.1,0.03,0.05,0.06,0.04,1.6,0.4,0.7,0.4,1.2,0.1,0.2,0.04,1,0.5,0.8,0.3,0.4,,
Acacia pentagona,,Acacia,Fabaceae,Btr,species,0.1,0.003,0.3,0.1,0.1,0.1,0.03,0.05,0.06,0.04,1.6,0.4,0.7,0.4,1.2,0.1,0.2,0.04,1,0.5,0.8,0.3,0.4,,
Acacia podalyriaefolia,,Acacia,Fabaceae,Btr,species,0.1,0.003,0.3,0.1,0.1,0.1,0.03,0.05,0.06,0.04,1.6,0.4,0.7,0.4,1.2,0.1,0.2,0.04,1,0.5,0.8,0.3,0.4,,
Acacia podalyriifolia,pearl wattle,Acacia,Fabaceae,Btr,species,0.1,0.003,0.3,0.1,0.1,0.1,0.03,0.05,0.06,0.04,1.6,0.4,0.7,0.4,1.2,0.1,0.2,0.04,1,0.5,0.8,0.3,0.4,,
Acacia polyacantha,catechu tree,Acacia,Fabaceae,Btr,species,0.1,0.003,0.3,0.1,0.1,0.1,0.03,0.05,0.06,0.04,1.6,0.4,0.7,0.4,1.2,0.1,0.2,0.04,1,0.5,0.8,0.3,0.4,,
Acacia pravissima,wedge-leaf wattle,Acacia,Fabaceae,Btr,species,0.1,0.003,0.3,0.1,0.1,0.1,0.03,0.05,0.06,0.04,1.6,0.4,0.7,0.4,1.2,0.1,0.2,0.04,1,0.5,0.8,0.3,0.4,,
Acacia pycnantha,golden wattle,Acacia_ISO,Fabaceae,Btr,species,8,0.003,0.3,0.1,0.1,0.1,0.03,0.05,0.06,0.04,1.6,0.4,0.7,0.4,1.2,0.1,0.2,0.04,1,0.5,0.8,0.3,0.4,,
Acacia redolens,bank catclaw,Acacia,Fabaceae,Shrub,species,0.1,0.003,0.3,0.1,0.1,0.1,0.03,0.05,0.06,0.04,1.6,0.4,0.7,0.4,1.2,0.1,0.2,0.04,1,0.5,0.8,0.3,0.4,,
Acacia retinodes,water wattle,Acacia,Fabaceae,Btr,species,0.1,0.003,0.3,0.1,0.1,0.1,0.03,0.05,0.06,0.04,1.6,0.4,0.7,0.4,1.2,0.1,0.2,0.04,1,0.5,0.8,0.3,0.4,,
Acacia rigidula,blackbrush acacia,Acacia,Fabaceae,Btr,species,0.1,0.003,0.3,0.1,0.1,0.1,0.03,0.05,0.06,0.04,1.6,0.4,0.7,0.4,1.2,0.1,0.2,0.04,1,0.5,0.8,0.3,0.4,,
Acacia robusta,,Acacia,Fabaceae,Btr,species,0.1,0.003,0.3,0.1,0.1,0.1,0.03,0.05,0.06,0.04,1.6,0.4,0.7,0.4,1.2,0.1,0.2,0.04,1,0.5,0.8,0.3,0.4,,
Acacia rubusta,,Acacia,Fabaceae,Btr,species,0.1,0.003,0.3,0.1,0.1,0.1,0.03,0.05,0.06,0.04,1.6,0.4,0.7,0.4,1.2,0.1,0.2,0.04,1,0.5,0.8,0.3,0.4,,
Acacia salicina,cooba,Acacia,Fabaceae,Btr,species,0.1,0.003,0.3,0.1,0.1,0.1,0.03,0.05,0.06,0.04,1.6,0.4,0.7,0.4,1.2,0.1,0.2,0.04,1,0.5,0.8,0.3,0.4,,
Acacia saligna,orange wattle,Acacia,Fabaceae,Btr,species,0.1,0.003,0.3,0.1,0.1,0.1,0.03,0.05,0.06,0.04,1.6,0.4,0.7,0.4,1.2,0.1,0.2,0.04,1,0.5,0.8,0.3,0.4,,
Acacia senegal,gum arabic,Acacia,Fabaceae,Btr,species,0.1,0.003,0.3,0.1,0.1,0.1,0.03,0.05,0.06,0.04,1.6,0.4,0.7,0.4,1.2,0.1,0.2,0.04,1,0.5,0.8,0.3,0.4,,
Acacia sieberana,,Acacia,Fabaceae,Btr,species,0.1,0.003,0.3,0.1,0.1,0.1,0.03,0.05,0.06,0.04,1.6,0.4,0.7,0.4,1.2,0.1,0.2,0.04,1,0.5,0.8,0.3,0.4,,
Acacia smallii,,Acacia,Fabaceae,Btr,species,0.1,0.003,0.3,0.1,0.1,0.1,0.03,0.05,0.06,0.04,1.6,0.4,0.7,0.4,1.2,0.1,0.2,0.04,1,0.5,0.8,0.3,0.4,,
Acacia sophorae,acacia,Acacia,Fabaceae,Btr,species,0.1,0.003,0.3,0.1,0.1,0.1,0.03,0.05,0.06,0.04,1.6,0.4,0.7,0.4,1.2,0.1,0.2,0.04,1,0.5,0.8,0.3,0.4,,
Acacia stenophylla,Dalby myall,Acacia,Fabaceae,Btr,species,0.1,0.003,0.3,0.1,0.1,0.1,0.03,0.05,0.06,0.04,1.6,0.4,0.7,0.4,1.2,0.1,0.2,0.04,1,0.5,0.8,0.3,0.4,,
Acacia subporosa,,Acacia,Fabaceae,Btr,species,0.1,0.003,0.3,0.1,0.1,0.1,0.03,0.05,0.06,0.04,1.6,0.4,0.7,0.4,1.2,0.1,0.2,0.04,1,0.5,0.8,0.3,0.4,,
Acacia tortilis,umbrella thorn,Acacia,Fabaceae,Btr,species,0.1,0.003,0.3,0.1,0.1,0.1,0.03,0.05,0.06,0.04,1.6,0.4,0.7,0.4,1.2,0.1,0.2,0.04,1,0.5,0.8,0.3,0.4,,
Acacia willardiana,,Acacia,Fabaceae,Btr,species,0.1,0.003,0.3,0.1,0.1,0.1,0.03,0.05,0.06,0.04,1.6,0.4,0.7,0.4,1.2,0.1,0.2,0.04,1,0.5,0.8,0.3,0.4,,
Acacia xanthoploea,,Acacia,Fabaceae,Btr,species,0.1,0.003,0.3,0.1,0.1,0.1,0.03,0.05,0.06,0.04,1.6,0.4,0.7,0.4,1.2,0.1,0.2,0.04,1,0.5,0.8,0.3,0.4,,
Acacia zygia,,Acacia,Fabaceae,Btr,species,0.1,0.003,0.3,0.1,0.1,0.1,0.03,0.05,0.06,0.04,1.6,0.4,0.7,0.4,1.2,0.1,0.2,0.04,1,0.5,0.8,0.3,0.4,,
Acalypha wilkesiana,common threeseed mercury,Acalypha,Euphorbiaceae,Herb,species,6,0.01,0.4,0.3,0.18,0.25,0.03,0.05,0.06,0.04,1.4,0.4,0.7,0.4,1.2,0.1,0.2,0.04,1,0.5,0.8,0.3,0.4,,
Acanthopanax evodiaefolius,,Acanthopanax,Araliaceae,btr,species,6,0.01,0.4,0.3,0.18,0.25,0.03,0.05,0.06,0.04,1.4,0.4,0.7,0.4,1.2,0.1,0.2,0.04,1,0.5,0.8,0.3,0.4,,
Acca sellowiana,ápineapple guava,Acca,Myrtaceae,Btr,species,6,0.01,0.4,0.3,0.18,0.25,0.03,0.05,0.06,0.04,1.4,0.4,0.7,0.4,1.2,0.1,0.2,0.04,1,0.5,0.8,0.3,0.4,,
Acer,maple,Acer,Aceraceae,Btr,genus,0.003,0.003,0.12,0.2,0.04,0.12,0.03,0.05,0.06,0.04,1.6,0.4,0.7,0.4,1.2,0.1,0.2,0.04,1,0.6,0.9,0.4,0.5,,Previously included in Aceraceae family
Acer barbatum,southern sugar maple,Acer,Sapindaceae,Btr,species,0.003,0.003,0.12,0.2,0.04,0.12,0.03,0.05,0.06,0.04,1.6,0.4,0.7,0.4,1.2,0.1,0.2,0.04,1,0.6,0.9,0.4,0.5,,Previously included in Aceraceae family
Acer barbinerve,,Acer,Aceraceae,Btr,species,0.003,0.003,0.12,0.2,0.04,0.12,0.03,0.05,0.06,0.04,1.6,0.4,0.7,0.4,1.2,0.1,0.2,0.04,1,0.6,0.9,0.4,0.5,,
Acer buergerianum,trident maple,Acer,Aceraceae,Btr,species,0.003,0.003,0.12,0.2,0.04,0.12,0.03,0.05,0.06,0.04,1.6,0.4,0.7,0.4,1.2,0.1,0.2,0.04,1,0.6,0.9,0.4,0.5,,Previously included in Aceraceae family
Acer campestre,hedge maple,Acer,Aceraceae,Btr,species,0.003,0.003,0.12,0.2,0.04,0.12,0.03,0.05,0.06,0.04,1.6,0.4,0.7,0.4,1.2,0.1,0.2,0.04,1,0.6,0.9,0.4,0.5,,Previously included in Aceraceae family
Acer circinatum,vine maple,Acer,Sapindaceae,Btr,species,0.003,0.003,0.12,0.2,0.04,0.12,0.03,0.05,0.06,0.04,1.6,0.4,0.7,0.4,1.2,0.1,0.2,0.04,1,0.6,0.9,0.4,0.5,,Previously included in Aceraceae family
Acer floridanum,,Acer,Aceraceae,Btr,species,0.003,0.003,0.12,0.2,0.04,0.12,0.03,0.05,0.06,0.04,1.6,0.4,0.7,0.4,1.2,0.1,0.2,0.04,1,0.6,0.9,0.4,0.5,,
Acer glabrum,Rocky Mountain maple,Acer,Sapindaceae,Btr,species,0.003,0.003,0.12,0.2,0.04,0.12,0.03,0.05,0.06,0.04,1.6,0.4,0.7,0.4,1.2,0.1,0.2,0.04,1,0.6,0.9,0.4,0.5,,Previously included in Aceraceae family
Acer grandidentatum,bigtooth maple,Acer,Sapindaceae,Btr,species,0.003,0.003,0.12,0.2,0.04,0.12,0.03,0.05,0.06,0.04,1.6,0.4,0.7,0.4,1.2,0.1,0.2,0.04,1,0.6,0.9,0.4,0.5,,Previously included in Aceraceae family
Acer grandidentatum var. grandidentatum,bigtooth maple,Acer,Sapindaceae,Btr,species,0.003,0.003,0.12,0.2,0.04,0.12,0.03,0.05,0.06,0.04,1.6,0.4,0.7,0.4,1.2,0.1,0.2,0.04,1,0.6,0.9,0.4,0.5,,Previously included in Aceraceae family
Acer heptalobum,,Acer,Aceraceae,Btr,species,0.003,0.003,0.12,0.2,0.04,0.12,0.03,0.05,0.06,0.04,1.6,0.4,0.7,0.4,1.2,0.1,0.2,0.04,1,0.6,0.9,0.4,0.5,,
Acer leucoderme,chalk maple,Acer,Sapindaceae,Btr,species,0.003,0.003,0.12,0.2,0.04,0.12,0.03,0.05,0.06,0.04,1.6,0.4,0.7,0.4,1.2,0.1,0.2,0.04,1,0.6,0.9,0.4,0.5,,Previously included in Aceraceae family
Acer macrophyllum,bigleaf maple,Acer,Aceraceae,Btr,species,0.003,0.003,0.12,0.2,0.04,0.12,0.03,0.05,0.06,0.04,1.6,0.4,0.7,0.4,1.2,0.1,0.2,0.04,1,0.6,0.9,0.4,0.5,,Previously included in Aceraceae family
Acer mandshurica,,Acer,Aceraceae,Btr,species,0.003,0.003,0.12,0.2,0.04,0.12,0.03,0.05,0.06,0.04,1.6,0.4,0.7,0.4,1.2,0.1,0.2,0.04,1,0.6,0.9,0.4,0.5,,
Acer mono,Painted maple,Acer,Aceraceae,Btr,species,0.003,0.003,0.12,0.2,0.04,0.12,0.03,0.05,0.06,0.04,1.6,0.4,0.7,0.4,1.2,0.1,0.2,0.04,1,0.6,0.9,0.4,0.5,,
Acer monspessulanum,,Acer,Aceraceae,Unknown,species,0.003,0.003,0.12,0.2,0.04,0.12,0.03,0.05,0.06,0.04,1.6,0.4,0.7,0.4,1.2,0.1,0.2,0.04,1,0.6,0.9,0.4,0.5,,
Acer negundo,boxelder,Acer,Aceraceae,Btr,species,0.003,0.003,0.12,0.2,0.04,0.12,0.03,0.05,0.06,0.04,1.6,0.4,0.7,0.4,1.2,0.1,0.2,0.04,1,0.6,0.9,0.4,0.5,,Previously included in Aceraceae family
Acer nigrum,black maple,Acer,Sapindaceae,Btr,species,0.003,0.003,0.12,0.2,0.04,0.12,0.03,0.05,0.06,0.04,1.6,0.4,0.7,0.4,1.2,0.1,0.2,0.04,1,0.6,0.9,0.4,0.5,,Previously included in Aceraceae family
Acer oblongum,Himalayan maple,Acer,Aceraceae,Btr,species,0.003,0.003,0.12,0.2,0.04,0.12,0.03,0.05,0.06,0.04,1.6,0.4,0.7,0.4,1.2,0.1,0.2,0.04,1,0.6,0.9,0.4,0.5,,Previously included in Aceraceae family
Acer palmatum,Japanese maple,Acer,Aceraceae,Btr,species,0.003,0.003,0.12,0.2,0.04,0.12,0.03,0.05,0.06,0.04,1.6,0.4,0.7,0.4,1.2,0.1,0.2,0.04,1,0.6,0.9,0.4,0.5,,Previously included in Aceraceae family
Acer paxii,,Acer,Aceraceae,Btr,species,0.003,0.003,0.12,0.2,0.04,0.12,0.03,0.05,0.06,0.04,1.6,0.4,0.7,0.4,1.2,0.1,0.2,0.04,1,0.6,0.9,0.4,0.5,,Previously included in Aceraceae family
Acer pensylvanicum,striped maple,Acer,Sapindaceae,Btr,species,0.003,0.003,0.12,0.2,0.04,0.12,0.03,0.05,0.06,0.04,1.6,0.4,0.7,0.4,1.2,0.1,0.2,0.04,1,0.6,0.9,0.4,0.5,,Previously included in Aceraceae family
Acer platanoides,Norway maple,Acer,Aceraceae,Btr,species,0.003,0.003,0.12,0.2,0.04,0.12,0.03,0.05,0.06,0.04,1.6,0.4,0.7,0.4,1.2,0.1,0.2,0.04,1,0.6,0.9,0.4,0.5,,Previously included in Aceraceae family
Acer pseudoplatanus,sycamore maple,Acer,Aceraceae,Btr,species,0.003,0.003,0.12,0.2,0.04,0.12,0.03,0.05,0.06,0.04,1.6,0.4,0.7,0.4,1.2,0.1,0.2,0.04,1,0.6,0.9,0.4,0.5,,
Acer pseudo-sieboldiamum,,Acer,Aceraceae,Btr,species,0.003,0.003,0.12,0.2,0.04,0.12,0.03,0.05,0.06,0.04,1.6,0.4,0.7,0.4,1.2,0.1,0.2,0.04,1,0.6,0.9,0.4,0.5,,
Acer rubrum,red maple,Acer,Aceraceae,Btr,species,0.003,0.003,0.12,0.2,0.04,0.12,0.03,0.05,0.06,0.04,1.6,0.4,0.7,0.4,1.2,0.1,0.2,0.04,1,0.6,0.9,0.4,0.5,,Previously included in Aceraceae family
Acer saccharinum,silver maple,Acer,Aceraceae,Btr,species,0.003,0.003,0.12,0.2,0.04,0.12,0.03,0.05,0.06,0.04,1.6,0.4,0.7,0.4,1.2,0.1,0.2,0.04,1,0.6,0.9,0.4,0.5,,Previously included in Aceraceae family
Acer saccharum,sugar maple,Acer,Aceraceae,Btr,species,0.003,0.003,0.12,0.2,0.04,0.12,0.03,0.05,0.06,0.04,1.6,0.4,0.7,0.4,1.2,0.1,0.2,0.04,1,0.6,0.9,0.4,0.5,,Previously included in Aceraceae family
Acer speciosa,,Acer,Aceraceae,Btr,species,0.003,0.003,0.12,0.2,0.04,0.12,0.03,0.05,0.06,0.04,1.6,0.4,0.7,0.4,1.2,0.1,0.2,0.04,1,0.6,0.9,0.4,0.5,,
Acer spicatum,mountain maple,Acer,Sapindaceae,Btr,species,0.003,0.003,0.074,0.065,0.017,0.097,0.03,0.05,0.06,0.04,1.6,0.4,0.7,0.4,1.2,0.1,0.2,0.04,1,0.6,0.9,0.4,0.5,,Previously included in Aceraceae family
Acer tegmentosum,,Acer,Aceraceae,Btr,species,0.003,0.003,0.12,0.2,0.04,0.12,0.03,0.05,0.06,0.04,1.6,0.4,0.7,0.4,1.2,0.1,0.2,0.04,1,0.6,0.9,0.4,0.5,,
Acer triflorum,,Acer,Aceraceae,Btr,species,0.003,0.003,0.12,0.2,0.04,0.12,0.03,0.05,0.06,0.04,1.6,0.4,0.7,0.4,1.2,0.1,0.2,0.04,1,0.6,0.9,0.4,0.5,,
Acer ukurunduense,,Acer,Aceraceae,Btr,species,0.003,0.003,0.12,0.2,0.04,0.12,0.03,0.05,0.06,0.04,1.6,0.4,0.7,0.4,1.2,0.1,0.2,0.04,1,0.6,0.9,0.4,0.5,,
Acer x freemanii,Freeman maple,Acer,Aceraceae,Btr,species,0.003,0.003,0.12,0.2,0.04,0.12,0.03,0.05,0.06,0.04,1.6,0.4,0.7,0.4,1.2,0.1,0.2,0.04,1,0.6,0.9,0.4,0.5,,Previously included in Aceraceae family
Aceraceae,,Aceraceae,Aceraceae,Btr,family,0.003,0.003,0.12,0.2,0.04,0.12,0.03,0.05,0.06,0.04,1.6,0.4,0.7,0.4,1.2,0.1,0.2,0.04,1,0.6,0.9,0.4,0.5,,
Achillea asiatica,,Achillea,Asteraceae,Herb,species,6,0.01,0.4,0.3,0.18,0.25,0.03,0.05,0.06,0.04,1.4,0.4,0.7,0.4,1.2,0.1,0.2,0.04,1,0.5,0.8,0.3,0.4,,
Achillea ptarmicoides,,Achillea,Asteraceae,Herb,species,6,0.01,0.4,0.3,0.18,0.25,0.03,0.05,0.06,0.04,1.4,0.4,0.7,0.4,1.2,0.1,0.2,0.04,1,0.5,0.8,0.3,0.4,,
Achnatherum sibiricum,,Achnatherum,Poaceae,Herb,species,6,0.01,0.4,0.3,0.18,0.25,0.03,0.05,0.06,0.04,1.4,0.4,0.7,0.4,1.2,0.1,0.2,0.04,1,0.5,0.8,0.3,0.4,,
Achnatherum splendens,,Achnatherum,Poaceae,Herb,species,6,0.01,0.4,0.3,0.18,0.25,0.03,0.05,0.06,0.04,1.4,0.4,0.7,0.4,1.2,0.1,0.2,0.04,1,0.5,0.8,0.3,0.4,,
Achras zapota,,Achras,Sapotaceae,Btr,species,6,0.01,0.4,0.3,0.18,0.25,0.03,0.05,0.06,0.04,1.4,0.4,0.7,0.4,1.2,0.1,0.2,0.04,1,0.5,0.8,0.3,0.4,,
Acmena smithii,,Acmena,Myrtaceae,Unknown,species,6,0.01,0.4,0.3,0.18,0.25,0.03,0.05,0.06,0.04,1.4,0.4,0.7,0.4,1.2,0.1,0.2,0.04,1,0.5,0.8,0.3,0.4,,
Aconitum kusnezoffii,,Aconitum,Ranunculaceae,Herb,species,6,0.01,0.4,0.3,0.18,0.25,0.03,0.05,0.06,0.04,1.4,0.4,0.7,0.4,1.2,0.1,0.2,0.04,1,0.5,0.8,0.3,0.4,,
Acrocomia vinifera,coyol palm,Acrocomia,Arecaceae,Unknown,species,6,0.01,0.4,0.3,0.18,0.25,0.03,0.05,0.06,0.04,1.4,0.4,0.7,0.4,1.2,0.1,0.2,0.04,1,0.5,0.8,0.3,0.4,,
Actinostrobus pyramidalis,cypress-pine,Actinostrobus,Cupressaceae,Ntr,species,6,0.01,0.4,0.3,0.18,0.25,0.03,0.05,0.06,0.04,1.4,0.4,0.7,0.4,1.2,0.1,0.2,0.04,1,0.5,0.8,0.3,0.4,,
Adansonia digitata,baobab,Adansonia,Bombacaceae,Btr,species,6,0.01,0.4,0.3,0.18,0.25,0.03,0.05,0.06,0.04,1.4,0.4,0.7,0.4,1.2,0.1,0.2,0.04,1,0.5,0.8,0.3,0.4,,
Adenanthera pavonina,red beadtree,Adenanthera,Fabaceae,Btr,species,6,0.01,0.4,0.3,0.18,0.25,0.03,0.05,0.06,0.04,1.4,0.4,0.7,0.4,1.2,0.1,0.2,0.04,1,0.5,0.8,0.3,0.4,,
Adenium multiflorum,,Adenium,Apocynaceae,Unknown,species,6,0.01,0.4,0.3,0.18,0.25,0.03,0.05,0.06,0.04,1.4,0.4,0.7,0.4,1.2,0.1,0.2,0.04,1,0.5,0.8,0.3,0.4,,
Adenocarpus decorticans,,Adenocarpus,Fabaceae,Unknown,species,6,0.01,0.4,0.3,0.18,0.25,0.03,0.05,0.06,0.04,1.4,0.4,0.7,0.4,1.2,0.1,0.2,0.04,1,0.5,0.8,0.3,0.4,,
Adenophora crispata,,Adenopho,Campanulaceae,Herb,species,6,0.01,0.4,0.3,0.18,0.25,0.03,0.05,0.06,0.04,1.4,0.4,0.7,0.4,1.2,0.1,0.2,0.04,1,0.5,0.8,0.3,0.4,,
Adenophora gmelinni,,Adenopho,Campanulaceae,Herb,species,6,0.01,0.4,0.3,0.18,0.25,0.03,0.05,0.06,0.04,1.4,0.4,0.7,0.4,1.2,0.1,0.2,0.04,1,0.5,0.8,0.3,0.4,,
Adenophora paniculata,,Adenopho,Campanulaceae,Herb,species,6,0.01,0.4,0.3,0.18,0.25,0.03,0.05,0.06,0.04,1.4,0.4,0.7,0.4,1.2,0.1,0.2,0.04,1,0.5,0.8,0.3,0.4,,
Adenophora stenanthina,,Adenopho,Campanulaceae,Herb,species,6,0.01,0.4,0.3,0.18,0.25,0.03,0.05,0.06,0.04,1.4,0.4,0.7,0.4,1.2,0.1,0.2,0.04,1,0.5,0.8,0.3,0.4,,
Adenostoma fasciculatum,chamise,Adenostoma,Rosaceae,Shrub,species,6,0.01,0.4,0.3,0.18,0.25,0.03,0.05,0.06,0.04,1.4,0.4,0.7,0.4,1.2,0.1,0.2,0.04,1,0.5,0.8,0.3,0.4,,
Adenostoma sparsifolium,redshank,Adenostoma,Rosaceae,Btr,species,6,0.01,0.4,0.3,0.18,0.25,0.03,0.05,0.06,0.04,1.4,0.4,0.7,0.4,1.2,0.1,0.2,0.04,1,0.5,0.8,0.3,0.4,,
Adiantum capillus-veneris,common maidenhair,Adiantum,Pteridaceae,Herb,species,6,0.01,0.4,0.3,0.18,0.25,0.03,0.05,0.06,0.04,1.4,0.4,0.7,0.4,1.2,0.1,0.2,0.04,1,0.5,0.8,0.3,0.4,,
Adiantum trapeziform,,Adiantum,Pteridaceae,Unknown,species,6,0.01,0.4,0.3,0.18,0.25,0.03,0.05,0.06,0.04,1.4,0.4,0.7,0.4,1.2,0.1,0.2,0.04,1,0.5,0.8,0.3,0.4,,
Aegiceras corniculatum,,Aegiceras,Primulaceae,Btr,species,6,0.01,0.4,0.3,0.18,0.25,0.03,0.05,0.06,0.04,1.4,0.4,0.7,0.4,1.2,0.1,0.2,0.04,1,0.5,0.8,0.3,0.4,,
Aesculus,buckeye,Aesculus,Hippocastanaceae,Btr,genus,0.003,0.003,0.18,0.19,0.05,0.13,0.03,0.05,0.06,0.04,1.6,0.4,0.7,0.4,1.2,0.1,0.2,0.04,1,0.5,0.8,0.3,0.4,,
Aesculus californica,California buckeye,Aesculus,Hippocastanaceae,Btr,species,0.003,0.003,0.2,0.2,0.07,0.3,0.03,0.05,0.06,0.04,1.6,0.4,0.7,0.4,1.2,0.1,0.2,0.04,1,0.5,0.8,0.3,0.4,,
Aesculus flava,yellow buckeye,Aesculus,Hippocastanaceae,Btr,species,0.003,0.003,0.2,0.2,0.07,0.3,0.03,0.05,0.06,0.04,1.6,0.4,0.7,0.4,1.2,0.1,0.2,0.04,1,0.5,0.8,0.3,0.4,,
Aesculus glabra,Ohio buckeye,Aesculus,Hippocastanaceae,Btr,species,0.003,0.003,0.2,0.2,0.07,0.3,0.03,0.05,0.06,0.04,1.6,0.4,0.7,0.4,1.2,0.1,0.2,0.04,1,0.5,0.8,0.3,0.4,,
Aesculus hippocastanum,horse chestnut,Aesculus,Hippocastanaceae,Btr,species,0.003,0.003,0.2,0.2,0.07,0.3,0.03,0.05,0.06,0.04,1.6,0.4,0.7,0.4,1.2,0.1,0.2,0.04,1,0.5,0.8,0.3,0.4,,
Aesculus x carnea,red horse-chestnut,Aesculus,Hippocastanaceae,Btr,species,0.003,0.003,0.2,0.2,0.07,0.3,0.03,0.05,0.06,0.04,1.6,0.4,0.7,0.4,1.2,0.1,0.2,0.04,1,0.5,0.8,0.3,0.4,,
Aframomum giganteum,,Aframomum,Zingiberaceae,Unknown,species,0.003,0.003,0.1,0.05,0.1,0.1,0.05,0.05,0.06,0.04,1.4,0.4,0.7,0.4,1.2,0.1,0.2,0.04,1,0.5,0.8,0.3,0.4,,
Afrocarpus,yellowwood,Afrocarpus,Podocarpaceae,Ntr,genus,0.003,0.003,0.1,0.05,0.1,0.1,0.05,0.05,0.06,0.04,1.4,0.4,0.7,0.4,1.2,0.1,0.2,0.04,1,0.5,0.8,0.3,0.4,,
Afrocarpus falcatus,yellowwood,Afrocarpus,Podocarpaceae,Ntr,species,0.003,0.003,0.1,0.05,0.1,0.1,0.05,0.05,0.06,0.04,1.4,0.4,0.7,0.4,1.2,0.1,0.2,0.04,1,0.5,0.8,0.3,0.4,,
Afrocarpus gracilior,East African yellowwood,Afrocarpus,Podocarpaceae,Ntr,species,0.003,0.003,0.1,0.05,0.1,0.1,0.05,0.05,0.06,0.04,1.4,0.4,0.7,0.4,1.2,0.1,0.2,0.04,1,0.5,0.8,0.3,0.4,,
Afrocarpus henkelii,,Afrocarpus,Podocarpaceae,Ntr,species,0.003,0.003,0.1,0.05,0.1,0.1,0.05,0.05,0.06,0.04,1.4,0.4,0.7,0.4,1.2,0.1,0.2,0.04,1,0.5,0.8,0.3,0.4,,
Afrocarpus macrophyllus,,Afrocarpus,Podocarpaceae,Ntr,species,0.003,0.003,0.1,0.05,0.1,0.1,0.05,0.05,0.06,0.04,1.4,0.4,0.7,0.4,1.2,0.1,0.2,0.04,1,0.5,0.8,0.3,0.4,,
Afrocarpus nagi,,Afrocarpus,Podocarpaceae,Ntr,species,0.003,0.003,0.1,0.05,0.1,0.1,0.05,0.05,0.06,0.04,1.4,0.4,0.7,0.4,1.2,0.1,0.2,0.04,1,0.5,0.8,0.3,0.4,,
Afrormosia laxiflora,,Afrormosia,Fabaceae,Unknown,species,6,0.01,0.4,0.3,0.18,0.25,0.03,0.05,0.06,0.04,1.4,0.4,0.7,0.4,1.2,0.1,0.2,0.04,1,0.5,0.8,0.3,0.4,,
Afrostyrax lepidophyllus,,Afrostyrax,Huaceae,Unknown,species,6,0.01,0.4,0.3,0.18,0.25,0.03,0.05,0.06,0.04,1.4,0.4,0.7,0.4,1.2,0.1,0.2,0.04,1,0.5,0.8,0.3,0.4,,
Afzelia quanzensis,pod mahogany,Afzelia,Fabaceae,Unknown,species,6,0.01,0.4,0.3,0.18,0.25,0.03,0.05,0.06,0.04,1.4,0.4,0.7,0.4,1.2,0.1,0.2,0.04,1,0.5,0.8,0.3,0.4,,
Afzelia xylocarpa,,Afzelia,Fabaceae,Unknown,species,6,0.01,0.4,0.3,0.18,0.25,0.03,0.05,0.06,0.04,1.4,0.4,0.7,0.4,1.2,0.1,0.2,0.04,1,0.5,0.8,0.3,0.4,,
Agathis robusta,Queensland kauri,Agathis,Araucariaceae,Btr,species,6,0.01,0.4,0.3,0.18,0.25,0.03,0.05,0.06,0.04,1.4,0.4,0.7,0.4,1.2,0.1,0.2,0.04,1,0.5,0.8,0.3,0.4,,
Agavaceae,,Agavaceae,Agavaceae,Unknown,family,6,0.01,0.4,0.3,0.18,0.25,0.03,0.05,0.06,0.04,1.4,0.4,0.7,0.4,1.2,0.1,0.2,0.04,1,0.5,0.8,0.3,0.4,,
Agave americana,American century plant,Agave,Agavaceae,Shrub,species,6,0.01,0.4,0.3,0.18,0.25,0.03,0.05,0.06,0.04,1.4,0.4,0.7,0.4,1.2,0.1,0.2,0.04,1,0.5,0.8,0.3,0.4,,
Agelaea dewevrei,,Agelaea,Connaraceae,Unknown,species,6,0.01,0.4,0.3,0.18,0.25,0.03,0.05,0.06,0.04,1.4,0.4,0.7,0.4,1.2,0.1,0.2,0.04,1,0.5,0.8,0.3,0.4,,
Agonis,,Agonis,Myrtaceae,Shrub,genus,6,0.01,0.4,0.3,0.18,0.25,0.03,0.05,0.06,0.04,1.4,0.4,0.7,0.4,1.2,0.1,0.2,0.04,1,0.5,0.8,0.3,0.4,,
Agonis flexuosa,,Agonis,Myrtaceae,Unknown,species,6,0.01,0.4,0.3,0.18,0.25,0.03,0.05,0.06,0.04,1.4,0.4,0.7,0.4,1.2,0.1,0.2,0.04,1,0.5,0.8,0.3,0.4,,
Agrimonia pilosa,,Agrimonia,Rosaceae,Herb,species,6,0.01,0.4,0.3,0.18,0.25,0.03,0.05,0.06,0.04,1.4,0.4,0.7,0.4,1.2,0.1,0.2,0.04,1,0.5,0.8,0.3,0.4,,
Agropyron cristatum,crested wheatgrass,Agropyron,Poaceae,Herb,species,6,0.01,0.4,0.3,0.18,0.25,0.03,0.05,0.06,0.04,1.4,0.4,0.7,0.4,1.2,0.1,0.2,0.04,1,0.5,0.8,0.3,0.4,,
Agropyron fragile,Siberian wheatgrass,Agropyron,Poaceae,Herb,species,6,0.01,0.4,0.3,0.18,0.25,0.03,0.05,0.06,0.04,1.4,0.4,0.7,0.4,1.2,0.1,0.2,0.04,1,0.5,0.8,0.3,0.4,,
Agropyron michnoi,,Agropyron,Poaceae,Herb,species,6,0.01,0.4,0.3,0.18,0.25,0.03,0.05,0.06,0.04,1.4,0.4,0.7,0.4,1.2,0.1,0.2,0.04,1,0.5,0.8,0.3,0.4,,
Agrostis curtissii,,Agrostis,Poaceae,Unknown,species,6,0.01,0.4,0.3,0.18,0.25,0.03,0.05,0.06,0.04,1.4,0.4,0.7,0.4,1.2,0.1,0.2,0.04,1,0.5,0.8,0.3,0.4,,
Agrostis gigantea,redtop,Agrostis,Poaceae,Herb,species,6,0.01,0.4,0.3,0.18,0.25,0.03,0.05,0.06,0.04,1.4,0.4,0.7,0.4,1.2,0.1,0.2,0.04,1,0.5,0.8,0.3,0.4,,
Agrostis trinii,,Agrostis,Poaceae,Herb,species,6,0.01,0.4,0.3,0.18,0.25,0.03,0.05,0.06,0.04,1.4,0.4,0.7,0.4,1.2,0.1,0.2,0.04,1,0.5,0.8,0.3,0.4,,
Ailanthus,tree of heaven,Ailanthus,Simaroubaceae,Btr,species,0.003,0.003,0.08,0.1,0.05,0.05,0.03,0.05,0.06,0.04,1.6,0.4,0.7,0.4,1.2,0.1,0.2,0.04,1,0.5,0.8,0.3,0.4,,
Ailanthus altissima,tree of heaven,Ailanthus,Simaroubaceae,Btr,species,0.003,0.003,0.08,0.1,0.05,0.05,0.03,0.05,0.06,0.04,1.6,0.4,0.7,0.4,1.2,0.1,0.2,0.04,1,0.5,0.8,0.3,0.4,,
Ailanthus fordii,,Ailanthus,Simaroubaceae,Unknown,species,0.003,0.003,0.08,0.1,0.05,0.05,0.03,0.05,0.06,0.04,1.6,0.4,0.7,0.4,1.2,0.1,0.2,0.04,1,0.5,0.8,0.3,0.4,,
Alangium barbatum,,Alangium,Cornaceae,Unknown,species,6,0.01,0.4,0.3,0.18,0.25,0.03,0.05,0.06,0.04,1.4,0.4,0.7,0.4,1.2,0.1,0.2,0.04,1,0.5,0.8,0.3,0.4,,
Alangium chinensis,,Alangium,Cornaceae,Unknown,species,6,0.01,0.4,0.3,0.18,0.25,0.03,0.05,0.06,0.04,1.4,0.4,0.7,0.4,1.2,0.1,0.2,0.04,1,0.5,0.8,0.3,0.4,,
Alangium kuzii,,Alangium,Cornaceae,Unknown,species,6,0.01,0.4,0.3,0.18,0.25,0.03,0.05,0.06,0.04,1.4,0.4,0.7,0.4,1.2,0.1,0.2,0.04,1,0.5,0.8,0.3,0.4,,
Albizia,albizia,Albizia,Fabaceae,Btr,genus,8,0.003,0.1,0.15,0.03,0.03,0.03,0.05,0.01,0.04,1.6,0.4,0.7,0.4,1.2,0.1,0.2,0.04,1,0.5,0.8,0.3,0.4,,
Albizia adianthifolia,West African albizzia,Albizia,Fabaceae,Unknown,species,8,0.003,0.1,0.15,0.03,0.03,0.03,0.05,0.01,0.04,1.6,0.4,0.7,0.4,1.2,0.1,0.2,0.04,1,0.5,0.8,0.3,0.4,,
Albizia distachya,,Albizia,Fabaceae,Btr,species,8,0.003,0.1,0.15,0.03,0.03,0.03,0.05,0.01,0.04,1.6,0.4,0.7,0.4,1.2,0.1,0.2,0.04,1,0.5,0.8,0.3,0.4,,
Albizia falcataria,also A. falcata,Albizia,Fabaceae,Btr,species,8,0.003,0.1,0.15,0.03,0.03,0.03,0.05,0.01,0.04,1.6,0.4,0.7,0.4,1.2,0.1,0.2,0.04,1,0.5,0.8,0.3,0.4,,
Albizia ferruginea,albizia,Albizia,Fabaceae,Unknown,species,8,0.003,0.1,0.15,0.03,0.03,0.03,0.05,0.01,0.04,1.6,0.4,0.7,0.4,1.2,0.1,0.2,0.04,1,0.5,0.8,0.3,0.4,,
Albizia forbesii,,Albizia,Fabaceae,Unknown,species,8,0.003,0.1,0.15,0.03,0.03,0.03,0.05,0.01,0.04,1.6,0.4,0.7,0.4,1.2,0.1,0.2,0.04,1,0.5,0.8,0.3,0.4,,
Albizia glaberrina,,Albizia,Fabaceae,Unknown,species,8,0.003,0.1,0.15,0.03,0.03,0.03,0.05,0.01,0.04,1.6,0.4,0.7,0.4,1.2,0.1,0.2,0.04,1,0.5,0.8,0.3,0.4,,
Albizia guachapele,,Albizia,Fabaceae,Unknown,species,8,0.003,0.1,0.15,0.03,0.03,0.03,0.05,0.01,0.04,1.6,0.4,0.7,0.4,1.2,0.1,0.2,0.04,1,0.5,0.8,0.3,0.4,,
Albizia harveyi,,Albizia,Fabaceae,Unknown,species,8,0.003,0.1,0.15,0.03,0.03,0.03,0.05,0.01,0.04,1.6,0.4,0.7,0.4,1.2,0.1,0.2,0.04,1,0.5,0.8,0.3,0.4,,
Albizia julibrissin,silktree,Albizia,Fabaceae,Btr,species,8,0.003,0.1,0.15,0.03,0.03,0.03,0.05,0.01,0.04,1.6,0.4,0.7,0.4,1.2,0.1,0.2,0.04,1,0.5,0.8,0.3,0.4,,
Albizia lebbeck,woman's tongue,Albizia,Fabaceae,Btr,species,8,0.003,0.1,0.15,0.03,0.03,0.03,0.05,0.01,0.04,1.6,0.4,0.7,0.4,1.2,0.1,0.2,0.04,1,0.5,0.8,0.3,0.4,,
Albizia lucidior,,Albizia,Fabaceae,Btr,species,8,0.003,0.1,0.15,0.03,0.03,0.03,0.05,0.01,0.04,1.6,0.4,0.7,0.4,1.2,0.1,0.2,0.04,1,0.5,0.8,0.3,0.4,,
Albizia versicolor,,Albizia,Fabaceae,Unknown,species,8,0.003,0.1,0.15,0.03,0.03,0.03,0.05,0.01,0.04,1.6,0.4,0.7,0.4,1.2,0.1,0.2,0.04,1,0.5,0.8,0.3,0.4,,
Albizia zygia,albizia,Albizia,Fabaceae,Unknown,species,8,0.003,0.1,0.15,0.03,0.03,0.03,0.05,0.01,0.04,1.6,0.4,0.7,0.4,1.2,0.1,0.2,0.04,1,0.5,0.8,0.3,0.4,,
Alchornea cordifolia,,Alchornea,Euphorbiaceae,Unknown,species,6,0.01,0.4,0.3,0.18,0.25,0.03,0.05,0.06,0.04,1.4,0.4,0.7,0.4,1.2,0.1,0.2,0.04,1,0.5,0.8,0.3,0.4,,
Alchornea costaricensis,,Alchornea,Euphorbiaceae,Unknown,species,6,0.01,0.4,0.3,0.18,0.25,0.03,0.05,0.06,0.04,1.4,0.4,0.7,0.4,1.2,0.1,0.2,0.04,1,0.5,0.8,0.3,0.4,,
Alchornea davidii,,Alchornea,Euphorbiaceae,Unknown,species,6,0.01,0.4,0.3,0.18,0.25,0.03,0.05,0.06,0.04,1.4,0.4,0.7,0.4,1.2,0.1,0.2,0.04,1,0.5,0.8,0.3,0.4,,
Alchornea tremioides,,Alchornea,Euphorbiaceae,Unknown,species,6,0.01,0.4,0.3,0.18,0.25,0.03,0.05,0.06,0.04,1.4,0.4,0.7,0.4,1.2,0.1,0.2,0.04,1,0.5,0.8,0.3,0.4,,
Alectryon excelsus,alectryon,Alectryon,Sapindaceae,Btr,species,6,0.01,0.4,0.3,0.18,0.25,0.03,0.05,0.06,0.04,1.4,0.4,0.7,0.4,1.2,0.1,0.2,0.04,1,0.5,0.8,0.3,0.4,,
Aleurites fordii,,Aleurites,Euphorbiaceae,Unknown,species,6,0.01,0.4,0.3,0.18,0.25,0.03,0.05,0.06,0.04,1.4,0.4,0.7,0.4,1.2,0.1,0.2,0.04,1,0.5,0.8,0.3,0.4,,
Aleurites moluccana,Indian walnut,Aleurites,Euphorbiaceae,Btr,species,6,0.01,0.4,0.3,0.18,0.25,0.03,0.05,0.06,0.04,1.4,0.4,0.7,0.4,1.2,0.1,0.2,0.04,1,0.5,0.8,0.3,0.4,,
Alexa,,Alexa,Fabaceae,Unknown,genus,6,0.01,0.4,0.3,0.18,0.25,0.03,0.05,0.06,0.04,1.4,0.4,0.7,0.4,1.2,0.1,0.2,0.04,1,0.5,0.8,0.3,0.4,,
Allamanda schottii,bush allamanda,Allamanda,Apocynaceae,Shrub,species,6,0.01,0.4,0.3,0.18,0.25,0.03,0.05,0.06,0.04,1.4,0.4,0.7,0.4,1.2,0.1,0.2,0.04,1,0.5,0.8,0.3,0.4,,
Allenrolfea occidentalis,iodinebush,Allenrolfea,Chenopodiaceae,Shrub,species,6,0.01,0.4,0.3,0.18,0.25,0.03,0.05,0.06,0.04,1.4,0.4,0.7,0.4,1.2,0.1,0.2,0.04,1,0.5,0.8,0.3,0.4,,
Allium,onion,Allium,Liliaceae,Herb,genus,6,0.01,0.4,0.3,0.18,0.25,0.03,0.05,0.06,0.04,1.4,0.4,0.7,0.4,1.2,0.1,0.2,0.04,1,0.5,0.8,0.3,0.4,,
Allium anisopodium,,Allium,Liliaceae,Herb,species,6,0.01,0.4,0.3,0.18,0.25,0.03,0.05,0.06,0.04,1.4,0.4,0.7,0.4,1.2,0.1,0.2,0.04,1,0.5,0.8,0.3,0.4,,
Allium bidentatum,,Allium,Liliaceae,Herb,species,6,0.01,0.4,0.3,0.18,0.25,0.03,0.05,0.06,0.04,1.4,0.4,0.7,0.4,1.2,0.1,0.2,0.04,1,0.5,0.8,0.3,0.4,,
Allium cepa,garden onion,Allium,Liliaceae,Herb,species,6,0.01,0.4,0.3,0.18,0.25,0.03,0.05,0.06,0.04,1.4,0.4,0.7,0.4,1.2,0.1,0.2,0.04,1,0.5,0.8,0.3,0.4,,
Allium condensatum,,Allium,Liliaceae,Herb,species,6,0.01,0.4,0.3,0.18,0.25,0.03,0.05,0.06,0.04,1.4,0.4,0.7,0.4,1.2,0.1,0.2,0.04,1,0.5,0.8,0.3,0.4,,
Allium ledebourianum,,Allium,Liliaceae,Herb,species,6,0.01,0.4,0.3,0.18,0.25,0.03,0.05,0.06,0.04,1.4,0.4,0.7,0.4,1.2,0.1,0.2,0.04,1,0.5,0.8,0.3,0.4,,
Allium ramosum,,Allium,Liliaceae,Herb,species,6,0.01,0.4,0.3,0.18,0.25,0.03,0.05,0.06,0.04,1.4,0.4,0.7,0.4,1.2,0.1,0.2,0.04,1,0.5,0.8,0.3,0.4,,
Allium senescens,,Allium,Liliaceae,Herb,species,6,0.01,0.4,0.3,0.18,0.25,0.03,0.05,0.06,0.04,1.4,0.4,0.7,0.4,1.2,0.1,0.2,0.04,1,0.5,0.8,0.3,0.4,,
Allium tenuissimum,,Allium,Liliaceae,Herb,species,6,0.01,0.4,0.3,0.18,0.25,0.03,0.05,0.06,0.04,1.4,0.4,0.7,0.4,1.2,0.1,0.2,0.04,1,0.5,0.8,0.3,0.4,,
Allium ursinum,bear garlic,Allium,Liliaceae,Unknown,species,6,0.01,0.4,0.3,0.18,0.25,0.03,0.05,0.06,0.04,1.4,0.4,0.7,0.4,1.2,0.1,0.2,0.04,1,0.5,0.8,0.3,0.4,,
Allocasuarina,,Allocasuarina,Casuarinaceae,Unknown,species,6,0.01,0.4,0.3,0.18,0.25,0.03,0.05,0.06,0.04,1.4,0.4,0.7,0.4,1.2,0.1,0.2,0.04,1,0.5,0.8,0.3,0.4,,
Allocasuarina verticillata,drooping she-oak,Allocasuarina,Casuarinaceae,Unknown,species,6,0.01,0.4,0.3,0.18,0.25,0.03,0.05,0.06,0.04,1.4,0.4,0.7,0.4,1.2,0.1,0.2,0.04,1,0.5,0.8,0.3,0.4,,
Allophylus africanus,,Allophylus,Sapindaceae,Unknown,species,6,0.01,0.4,0.3,0.18,0.25,0.03,0.05,0.06,0.04,1.4,0.4,0.7,0.4,1.2,0.1,0.2,0.04,1,0.5,0.8,0.3,0.4,,
Allophylus lantsangensis,,Allophylus,Sapindaceae,Unknown,species,6,0.01,0.4,0.3,0.18,0.25,0.03,0.05,0.06,0.04,1.4,0.4,0.7,0.4,1.2,0.1,0.2,0.04,1,0.5,0.8,0.3,0.4,,
Alnus,alder,Alnus,Betulaceae,Btr,genus,0.003,0.003,0.02,0.1,0.015,0.01,0.03,0.05,0.06,0.04,1.6,0.4,0.7,0.4,1.2,0.1,0.2,0.04,1,0.5,0.8,0.3,0.4,,
Alnus cordata,Italian alder,Alnus,Betulaceae,Btr,species,0.003,0.003,0.02,0.1,0.015,0.01,0.03,0.05,0.06,0.04,1.6,0.4,0.7,0.4,1.2,0.1,0.2,0.04,1,0.5,0.8,0.3,0.4,,
Alnus glutinosa,European alder,Alnus,Betulaceae,Btr,species,0.003,0.003,0.02,0.1,0.015,0.01,0.03,0.05,0.06,0.04,1.6,0.4,0.7,0.4,1.2,0.1,0.2,0.04,1,0.5,0.8,0.3,0.4,,
Alnus incana ssp. rugosa,speckled alder,Alnus,Betulaceae,Btr,species,0.003,0.003,0.02,0.1,0.015,0.01,0.03,0.05,0.06,0.04,1.6,0.4,0.7,0.4,1.2,0.1,0.2,0.04,1,0.5,0.8,0.3,0.4,,
Alnus mandshurica,,Alnus,Betulaceae,Unknown,species,0.003,0.003,0.02,0.1,0.015,0.01,0.03,0.05,0.06,0.04,1.6,0.4,0.7,0.4,1.2,0.1,0.2,0.04,1,0.5,0.8,0.3,0.4,,
Alnus nepalensis,Nepal alder,Alnus,Betulaceae,Btr,species,0.003,0.003,0.02,0.1,0.015,0.01,0.03,0.05,0.06,0.04,1.6,0.4,0.7,0.4,1.2,0.1,0.2,0.04,1,0.5,0.8,0.3,0.4,,
Alnus oregona,,Alnus,Betulaceae,Btr,species,0.003,0.003,0.02,0.1,0.015,0.01,0.03,0.05,0.06,0.04,1.6,0.4,0.7,0.4,1.2,0.1,0.2,0.04,1,0.5,0.8,0.3,0.4,,
Alnus rhombifolia,white alder,Alnus,Betulaceae,Btr,species,0.003,0.003,0.02,0.1,0.015,0.01,0.03,0.05,0.06,0.04,1.6,0.4,0.7,0.4,1.2,0.1,0.2,0.04,1,0.5,0.8,0.3,0.4,,
Alnus rubra,red alder,Alnus,Betulaceae,Btr,species,0.003,0.003,0.02,0.1,0.015,0.01,0.03,0.05,0.06,0.04,1.6,0.4,0.7,0.4,1.2,0.1,0.2,0.04,1,0.5,0.8,0.3,0.4,,
Alnus rugosa,,Alnus,Betulaceae,Unknown,species,0.003,0.003,0.02,0.1,0.015,0.01,0.03,0.05,0.06,0.04,1.6,0.4,0.7,0.4,1.2,0.1,0.2,0.04,1,0.5,0.8,0.3,0.4,,
Alnus sibirica,,Alnus,Betulaceae,Unknown,species,0.003,0.003,0.02,0.1,0.015,0.01,0.03,0.05,0.06,0.04,1.6,0.4,0.7,0.4,1.2,0.1,0.2,0.04,1,0.5,0.8,0.3,0.4,,
Alnus sinuata,,Alnus,Betulaceae,Btr,species,0.003,0.003,0.02,0.1,0.015,0.01,0.03,0.05,0.06,0.04,1.6,0.4,0.7,0.4,1.2,0.1,0.2,0.04,1,0.5,0.8,0.3,0.4,,
Alnus tenuifolia,,Alnus,Betulaceae,Unknown,species,0.003,0.003,0.02,0.1,0.015,0.01,0.03,0.05,0.06,0.04,1.6,0.4,0.7,0.4,1.2,0.1,0.2,0.04,1,0.5,0.8,0.3,0.4,,
Alnus viridis ssp. sinuata,Sitka alder,Alnus,Betulaceae,Btr,species,0.003,0.003,0.02,0.1,0.015,0.01,0.03,0.05,0.06,0.04,1.6,0.4,0.7,0.4,1.2,0.1,0.2,0.04,1,0.5,0.8,0.3,0.4,,
Aloe,aloe,Aloe,Aloaceae,Herb,genus,6,0.01,0.4,0.3,0.18,0.25,0.03,0.05,0.06,0.04,1.4,0.4,0.7,0.4,1.2,0.1,0.2,0.04,1,0.5,0.8,0.3,0.4,,
Aloe arborescens,candelabra aloe,Aloe,Aloaceae,Unknown,species,6,0.01,0.4,0.3,0.18,0.25,0.03,0.05,0.06,0.04,1.4,0.4,0.7,0.4,1.2,0.1,0.2,0.04,1,0.5,0.8,0.3,0.4,,
Alopecurus aequalis,shortawn foxtail,Alopecurus,Poaceae,Herb,species,6,0.01,0.4,0.3,0.18,0.25,0.03,0.05,0.06,0.04,1.4,0.4,0.7,0.4,1.2,0.1,0.2,0.04,1,0.5,0.8,0.3,0.4,,
Aloysia gratissima,whitebrush,Aloysia,Verbenaceae,Shrub,species,6,0.01,0.4,0.3,0.18,0.25,0.03,0.05,0.06,0.04,1.4,0.4,0.7,0.4,1.2,0.1,0.2,0.04,1,0.5,0.8,0.3,0.4,,
Alpinia zerumbet,shellplant,Alpinia,Zingiberaceae,Herb,species,6,0.01,0.4,0.3,0.18,0.25,0.03,0.05,0.06,0.04,1.4,0.4,0.7,0.4,1.2,0.1,0.2,0.04,1,0.5,0.8,0.3,0.4,,
Alsophila cooperi,,Alsophila,Cyatheaceae,Unknown,species,6,0.01,0.4,0.3,0.18,0.25,0.03,0.05,0.06,0.04,1.4,0.4,0.7,0.4,1.2,0.1,0.2,0.04,1,0.5,0.8,0.3,0.4,,
Alstonia boonei,,Alstonia,Apocynaceae,Unknown,species,6,0.01,0.4,0.3,0.18,0.25,0.03,0.05,0.06,0.04,1.4,0.4,0.7,0.4,1.2,0.1,0.2,0.04,1,0.5,0.8,0.3,0.4,,
Alstonia congensis,,Alstonia,Apocynaceae,Unknown,species,6,0.01,0.4,0.3,0.18,0.25,0.03,0.05,0.06,0.04,1.4,0.4,0.7,0.4,1.2,0.1,0.2,0.04,1,0.5,0.8,0.3,0.4,,
Alstonia scholaris,,Alstonia,Apocynaceae,Unknown,species,6,0.01,0.4,0.3,0.18,0.25,0.03,0.05,0.06,0.04,1.4,0.4,0.7,0.4,1.2,0.1,0.2,0.04,1,0.5,0.8,0.3,0.4,,
Althaea,marshmallow,Althaea,Malvaceae,Herb,genus,6,0.01,0.4,0.3,0.18,0.25,0.03,0.05,0.06,0.04,1.4,0.4,0.7,0.4,1.2,0.1,0.2,0.04,1,0.5,0.8,0.3,0.4,,
Amaranthus retroflexus,redroot amaranth,Amaranthus,Amaranthaceae,Herb,species,6,0.01,0.4,0.3,0.18,0.25,0.03,0.05,0.06,0.04,1.4,0.4,0.7,0.4,1.2,0.1,0.2,0.04,1,0.5,0.8,0.3,0.4,,
Ambrosia,ragweed,Ambrosia,Asteraceae,Shrub,genus,6,0.01,0.4,0.3,0.18,0.25,0.03,0.05,0.06,0.04,1.4,0.4,0.7,0.4,1.2,0.1,0.2,0.04,1,0.5,0.8,0.3,0.4,,
Ambrosia artemisiifolia,annual ragweed,Ambrosia,Asteraceae,Herb,species,6,0.01,0.4,0.3,0.18,0.25,0.03,0.05,0.06,0.04,1.4,0.4,0.7,0.4,1.2,0.1,0.2,0.04,1,0.5,0.8,0.3,0.4,,
Ambrosia deltoidea,triangle bur ragweed,Ambrosia,Asteraceae,Shrub,species,6,0.01,0.4,0.3,0.18,0.25,0.03,0.05,0.06,0.04,1.4,0.4,0.7,0.4,1.2,0.1,0.2,0.04,1,0.5,0.8,0.3,0.4,,
Ambrosia dumosa,burrobush,Ambrosia,Asteraceae,Shrub,species,6,0.01,0.4,0.3,0.18,0.25,0.03,0.05,0.06,0.04,1.4,0.4,0.7,0.4,1.2,0.1,0.2,0.04,1,0.5,0.8,0.3,0.4,,
Amburana,,Amburana,Fabaceae,Btr,genus,6,0.01,0.4,0.3,0.18,0.25,0.03,0.05,0.06,0.04,1.4,0.4,0.7,0.4,1.2,0.1,0.2,0.04,1,0.5,0.8,0.3,0.4,,
Amelanchier alnifolia,Saskatoon serviceberry,Amelanchier,Rosaceae,Btr,species,6,0.01,0.4,0.3,0.18,0.25,0.03,0.05,0.06,0.04,1.4,0.4,0.7,0.4,1.2,0.1,0.2,0.04,1,0.5,0.8,0.3,0.4,,
Amelanchier arborea,common serviceberry,Amelanchier,Rosaceae,Btr,species,6,0.01,0.4,0.3,0.18,0.25,0.03,0.05,0.06,0.04,1.4,0.4,0.7,0.4,1.2,0.1,0.2,0.04,1,0.5,0.8,0.3,0.4,,
Amelanchier canadensis,Canadian serviceberry,Amelanchier,Rosaceae,Btr,species,6,0.01,0.4,0.3,0.18,0.25,0.03,0.05,0.06,0.04,1.4,0.4,0.7,0.4,1.2,0.1,0.2,0.04,1,0.5,0.8,0.3,0.4,,
Amorpha californica,California false indigo,Amorpha,Fabaceae,Shrub,species,6,0.01,0.4,0.3,0.18,0.25,0.03,0.05,0.06,0.04,1.4,0.4,0.7,0.4,1.2,0.1,0.2,0.04,1,0.5,0.8,0.3,0.4,,
Amorpha fruticosa,desert false indigo,Amorpha,Fabaceae,Shrub,species,6,0.01,0.4,0.3,0.18,0.25,0.03,0.05,0.06,0.04,1.4,0.4,0.7,0.4,1.2,0.1,0.2,0.04,1,0.5,0.8,0.3,0.4,,
Ampelozizyphus amazonicus,,Ampelozizyphus,Rhamnaceae,Unknown,species,6,0.01,0.4,0.3,0.18,0.25,0.03,0.05,0.06,0.04,1.4,0.4,0.7,0.4,1.2,0.1,0.2,0.04,1,0.5,0.8,0.3,0.4,,
Amphimas pterocarpoides,,Amphimas,Fabaceae,Unknown,species,6,0.01,0.4,0.3,0.18,0.25,0.03,0.05,0.06,0.04,1.4,0.4,0.7,0.4,1.2,0.1,0.2,0.04,1,0.5,0.8,0.3,0.4,,
Amphiodon effusa,,Amphiodon,Fabaceae,Btr,species,6,0.01,0.4,0.3,0.18,0.25,0.03,0.05,0.06,0.04,1.4,0.4,0.7,0.4,1.2,0.1,0.2,0.04,1,0.5,0.8,0.3,0.4,,
Amyris elemifera,sea torchwood,Amyris,Rutaceae,Btr,species,6,0.01,0.4,0.3,0.18,0.25,0.03,0.05,0.06,0.04,1.4,0.4,0.7,0.4,1.2,0.1,0.2,0.04,1,0.5,0.8,0.3,0.4,,
Anacardiaceae,,Anacardiaceae,Anacardiaceae,Unknown,family,6,0.01,0.4,0.3,0.18,0.25,0.03,0.05,0.06,0.04,1.4,0.4,0.7,0.4,1.2,0.1,0.2,0.04,1,0.5,0.8,0.3,0.4,,
Anacardium,anacardium,Anacardium,Anacardiaceae,Btr,genus,6,0.01,0.4,0.3,0.18,0.25,0.03,0.05,0.06,0.04,1.4,0.4,0.7,0.4,1.2,0.1,0.2,0.04,1,0.5,0.8,0.3,0.4,,
Anacardium excelsum,,Anacardium,Anacardiaceae,Unknown,species,6,0.01,0.4,0.3,0.18,0.25,0.03,0.05,0.06,0.04,1.4,0.4,0.7,0.4,1.2,0.1,0.2,0.04,1,0.5,0.8,0.3,0.4,,
Anacardium occidentale,cashew,Anacardium,Anacardiaceae,Btr,species,6,0.01,0.4,0.3,0.18,0.25,0.03,0.05,0.06,0.04,1.4,0.4,0.7,0.4,1.2,0.1,0.2,0.04,1,0.5,0.8,0.3,0.4,,
Ancistrocladus korupensis,,Ancistrocladus,Ancistrocladaceae,Unknown,species,6,0.01,0.4,0.3,0.18,0.25,0.03,0.05,0.06,0.04,1.4,0.4,0.7,0.4,1.2,0.1,0.2,0.04,1,0.5,0.8,0.3,0.4,,
Ancistrophyllum secondiflorum,,Ancistrophyllum,Arecaceae,Unknown,species,6,0.01,0.4,0.3,0.18,0.25,0.03,0.05,0.06,0.04,1.4,0.4,0.7,0.4,1.2,0.1,0.2,0.04,1,0.5,0.8,0.3,0.4,,
Androstachys johnsonii,,Androstachys,Picrodendraceae,Btr,species,6,0.01,0.4,0.3,0.18,0.25,0.03,0.05,0.06,0.04,1.4,0.4,0.7,0.4,1.2,0.1,0.2,0.04,1,0.5,0.8,0.3,0.4,,
Anemarrhena asphodeloides,,Anemarrhena,Asparagaceae,Unknown,species,6,0.01,0.4,0.3,0.18,0.25,0.03,0.05,0.06,0.04,1.4,0.4,0.7,0.4,1.2,0.1,0.2,0.04,1,0.5,0.8,0.3,0.4,,
Angelea dewevrei,,Angelea,Angelidae,Unknown,species,6,0.01,0.4,0.3,0.18,0.25,0.03,0.05,0.06,0.04,1.4,0.4,0.7,0.4,1.2,0.1,0.2,0.04,1,0.5,0.8,0.3,0.4,,
Angiopteris evecta,Oriental vessel fern,Angiopteris,Marattiaceae,Herb,species,6,0.01,0.4,0.3,0.18,0.25,0.03,0.05,0.06,0.04,1.4,0.4,0.7,0.4,1.2,0.1,0.2,0.04,1,0.5,0.8,0.3,0.4,,
Angophora costata,,Angophora,Myrtaceae,Btr,species,6,0.01,0.4,0.3,0.18,0.25,0.03,0.05,0.06,0.04,1.4,0.4,0.7,0.4,1.2,0.1,0.2,0.04,1,0.5,0.8,0.3,0.4,,
Angophora lanceolata,,Angophora,Myrtaceae,Btr,species,6,0.01,0.4,0.3,0.18,0.25,0.03,0.05,0.06,0.04,1.4,0.4,0.7,0.4,1.2,0.1,0.2,0.04,1,0.5,0.8,0.3,0.4,,
Aniba canelilla,,Aniba,Lauraceae,Unknown,species,6,0.01,0.4,0.3,0.18,0.25,0.03,0.05,0.06,0.04,1.4,0.4,0.7,0.4,1.2,0.1,0.2,0.04,1,0.5,0.8,0.3,0.4,,
Anneslea fragrans,,Anneslea,Pentaphylacaceae,Unknown,species,6,0.01,0.4,0.3,0.18,0.25,0.03,0.05,0.06,0.04,1.4,0.4,0.7,0.4,1.2,0.1,0.2,0.04,1,0.5,0.8,0.3,0.4,,
Annona cherimola,cherimoya,Annona,Annonaceae,Btr,species,6,0.01,0.4,0.3,0.18,0.25,0.03,0.05,0.06,0.04,1.4,0.4,0.7,0.4,1.2,0.1,0.2,0.04,1,0.5,0.8,0.3,0.4,,
Annona hayesii,,Annona,Annonaceae,Unknown,species,6,0.01,0.4,0.3,0.18,0.25,0.03,0.05,0.06,0.04,1.4,0.4,0.7,0.4,1.2,0.1,0.2,0.04,1,0.5,0.8,0.3,0.4,,
Annona muricata,soursop,Annona,Annonaceae,Btr,species,6,0.01,0.4,0.3,0.18,0.25,0.03,0.05,0.06,0.04,1.4,0.4,0.7,0.4,1.2,0.1,0.2,0.04,1,0.5,0.8,0.3,0.4,,
Annona senegalensis,wild custard-apple,Annona,Annonaceae,Unknown,species,6,0.01,0.4,0.3,0.18,0.25,0.03,0.05,0.06,0.04,1.4,0.4,0.7,0.4,1.2,0.1,0.2,0.04,1,0.5,0.8,0.3,0.4,,
Annona spraguei,,Annona,Annonaceae,Unknown,species,6,0.01,0.4,0.3,0.18,0.25,0.03,0.05,0.06,0.04,1.4,0.4,0.7,0.4,1.2,0.1,0.2,0.04,1,0.5,0.8,0.3,0.4,,
Anogeissus acuminata,,Anogeissus,Combretaceae,Unknown,species,6,0.01,0.4,0.3,0.18,0.25,0.03,0.05,0.06,0.04,1.4,0.4,0.7,0.4,1.2,0.1,0.2,0.04,1,0.5,0.8,0.3,0.4,,
Anonidium mannii,,Anonidium,Annonaceae,Unknown,species,6,0.01,0.4,0.3,0.18,0.25,0.03,0.05,0.06,0.04,1.4,0.4,0.7,0.4,1.2,0.1,0.2,0.04,1,0.5,0.8,0.3,0.4,,
Anthocephalus chinensis,,Anthocephalus,Rubiaceae,Unknown,species,6,0.01,0.4,0.3,0.18,0.25,0.03,0.05,0.06,0.04,1.4,0.4,0.7,0.4,1.2,0.1,0.2,0.04,1,0.5,0.8,0.3,0.4,,no longer recognized. It has been sunk into synonymy with Neolamarckia or Breonia.
Anthonotha macrophylla,,Anthonotha,Fabaceae,Unknown,species,6,0.01,0.4,0.3,0.18,0.25,0.03,0.05,0.06,0.04,1.4,0.4,0.7,0.4,1.2,0.1,0.2,0.04,1,0.5,0.8,0.3,0.4,,
Anthriscus sylvestris,wild chervil,Anthriscus,Apiaceae,Herb,species,6,0.01,0.4,0.3,0.18,0.25,0.03,0.05,0.06,0.04,1.4,0.4,0.7,0.4,1.2,0.1,0.2,0.04,1,0.5,0.8,0.3,0.4,,
Anthyllis cytisoides,albaida,Anthyllis,Fabaceae,Unknown,species,6,0.01,0.4,0.3,0.18,0.25,0.03,0.05,0.06,0.04,1.4,0.4,0.7,0.4,1.2,0.1,0.2,0.04,1,0.5,0.8,0.3,0.4,,
Antiaris toxicaria,,Antiaris,Moraceae,Unknown,species,6,0.01,0.4,0.3,0.18,0.25,0.03,0.05,0.06,0.04,1.4,0.4,0.7,0.4,1.2,0.1,0.2,0.04,1,0.5,0.8,0.3,0.4,,
Antidesma venosum,,Antidesma,Euphorbiaceae,Unknown,species,6,0.01,0.4,0.3,0.18,0.25,0.03,0.05,0.06,0.04,1.4,0.4,0.7,0.4,1.2,0.1,0.2,0.04,1,0.5,0.8,0.3,0.4,,
Antirhea acutata,placa chiquitu,Antirhea,Rubiaceae,Btr,species,6,0.01,0.4,0.3,0.18,0.25,0.03,0.05,0.06,0.04,1.4,0.4,0.7,0.4,1.2,0.1,0.2,0.04,1,0.5,0.8,0.3,0.4,,
Antirrhoea trichantha,,Antirrhoea,Rubiaceae,Unknown,species,6,0.01,0.4,0.3,0.18,0.25,0.03,0.05,0.06,0.04,1.4,0.4,0.7,0.4,1.2,0.1,0.2,0.04,1,0.5,0.8,0.3,0.4,,
Apeiba,,Apeiba,Malvaceae,Btr,genus,6,0.01,0.4,0.3,0.18,0.25,0.03,0.05,0.06,0.04,1.4,0.4,0.7,0.4,1.2,0.1,0.2,0.04,1,0.5,0.8,0.3,0.4,,
Apeiba membranaceae,,Apeiba,Malvaceae,Btr,species,6,0.01,0.4,0.3,0.18,0.25,0.03,0.05,0.06,0.04,1.4,0.4,0.7,0.4,1.2,0.1,0.2,0.04,1,0.5,0.8,0.3,0.4,,
Apeiba tibourbou,,Apeiba,Malvaceae,Btr,species,6,0.01,0.4,0.3,0.18,0.25,0.03,0.05,0.06,0.04,1.4,0.4,0.7,0.4,1.2,0.1,0.2,0.04,1,0.5,0.8,0.3,0.4,,
Aphanopetalum resinosum,,Aphanopetalum,Aphanopetalaceae,Unknown,species,6,0.01,0.4,0.3,0.18,0.25,0.03,0.05,0.06,0.04,1.4,0.4,0.7,0.4,1.2,0.1,0.2,0.04,1,0.5,0.8,0.3,0.4,,
Apiaceae,,Apiaceae,Apiaceae,Unknown,family,6,0.01,0.4,0.3,0.18,0.25,0.03,0.05,0.06,0.04,1.4,0.4,0.7,0.4,1.2,0.1,0.2,0.04,1,0.5,0.8,0.3,0.4,,
Apocynaceae,,Apocynaceae,Apocynaceae,Unknown,family,6,0.01,0.4,0.3,0.18,0.25,0.03,0.05,0.06,0.04,1.4,0.4,0.7,0.4,1.2,0.1,0.2,0.04,1,0.5,0.8,0.3,0.4,,
Aporosa dioica,,Aporosa,Phyllanthaceae,Btr,species,6,0.01,0.4,0.3,0.18,0.25,0.03,0.05,0.06,0.04,1.4,0.4,0.7,0.4,1.2,0.1,0.2,0.04,1,0.5,0.8,0.3,0.4,,
Aporosa yunnanensis,,Aporosa,Phyllanthaceae,Btr,species,6,0.01,0.4,0.3,0.18,0.25,0.03,0.05,0.06,0.04,1.4,0.4,0.7,0.4,1.2,0.1,0.2,0.04,1,0.5,0.8,0.3,0.4,,
Aquifoliaceae,,Aquifoliaceae,Aquifoliaceae,Unknown,family,6,0.01,0.4,0.3,0.18,0.25,0.03,0.05,0.06,0.04,1.4,0.4,0.7,0.4,1.2,0.1,0.2,0.04,1,0.5,0.8,0.3,0.4,,
Arachis glabrata,rhizoma peanut,Arachis,Fabaceae,Unknown,species,6,0.01,0.4,0.3,0.18,0.25,0.03,0.05,0.06,0.04,1.4,0.4,0.7,0.4,1.2,0.1,0.2,0.04,1,0.5,0.8,0.3,0.4,,
Arachis hypogaea,peanut,Arachis,Fabaceae,Herb,species,6,0.01,0.4,0.3,0.18,0.25,0.03,0.05,0.06,0.04,1.4,0.4,0.7,0.4,1.2,0.1,0.2,0.04,1,0.5,0.8,0.3,0.4,,
Araucaria,araucaria,Araucaria,Araucariaceae,Btr,genus,6,0.01,0.4,0.3,0.18,0.25,0.03,0.05,0.06,0.04,1.4,0.4,0.7,0.4,1.2,0.1,0.2,0.04,1,0.5,0.8,0.3,0.4,,
Araucaria angustifolia,parana pine,Araucaria,Araucariaceae,Btr,species,6,0.01,0.4,0.3,0.18,0.25,0.03,0.05,0.06,0.04,1.4,0.4,0.7,0.4,1.2,0.1,0.2,0.04,1,0.5,0.8,0.3,0.4,,
Araucaria araucana,monkeypuzzle tree,Araucaria,Araucariaceae,Btr,species,6,0.01,0.4,0.3,0.18,0.25,0.03,0.05,0.06,0.04,1.4,0.4,0.7,0.4,1.2,0.1,0.2,0.04,1,0.5,0.8,0.3,0.4,,
Araucaria bidwillii,bunya bunya,Araucaria,Araucariaceae,Btr,species,6,0.01,0.4,0.3,0.18,0.25,0.03,0.05,0.06,0.04,1.4,0.4,0.7,0.4,1.2,0.1,0.2,0.04,1,0.5,0.8,0.3,0.4,,
Araucaria columnaris,New Caledonia pine,Araucaria,Araucariaceae,Btr,species,6,0.01,0.4,0.3,0.18,0.25,0.03,0.05,0.06,0.04,1.4,0.4,0.7,0.4,1.2,0.1,0.2,0.04,1,0.5,0.8,0.3,0.4,,
Araucaria cunninghamii,Moreton Bay pine,Araucaria,Araucariaceae,Btr,species,6,0.01,0.4,0.3,0.18,0.25,0.03,0.05,0.06,0.04,1.4,0.4,0.7,0.4,1.2,0.1,0.2,0.04,1,0.5,0.8,0.3,0.4,,
Araucaria excelsa,,Araucaria,Araucariaceae,Unknown,species,6,0.01,0.4,0.3,0.18,0.25,0.03,0.05,0.06,0.04,1.4,0.4,0.7,0.4,1.2,0.1,0.2,0.04,1,0.5,0.8,0.3,0.4,,
Araucaria heterophylla,Norfolk Island pine,Araucaria,Araucariaceae,Btr,species,6,0.01,0.4,0.3,0.18,0.25,0.03,0.05,0.06,0.04,1.4,0.4,0.7,0.4,1.2,0.1,0.2,0.04,1,0.5,0.8,0.3,0.4,,
Araucariaceae,,Araucariaceae,Araucariaceae,Unknown,family,6,0.01,0.4,0.3,0.18,0.25,0.03,0.05,0.06,0.04,1.4,0.4,0.7,0.4,1.2,0.1,0.2,0.04,1,0.5,0.8,0.3,0.4,,
Arbutus,madrone,Arbutus,Ericaceae,Btr,genus,0.003,0.003,0.07,0.07,0.02,0.04,0.03,0.05,0.06,0.04,1.6,0.4,0.7,0.4,1.2,0.1,0.2,0.04,1,0.5,0.8,0.3,0.4,,
Arbutus menziesii,Pacific madrone,Arbutus,Ericaceae,Btr,species,0.003,0.003,0.07,0.07,0.02,0.04,0.03,0.05,0.06,0.04,1.6,0.4,0.7,0.4,1.2,0.1,0.2,0.04,1,0.5,0.8,0.3,0.4,,
Arbutus unedo,strawberry tree,Arbutus,Ericaceae,Unknown,species,0.003,0.003,0.07,0.07,0.02,0.04,0.03,0.05,0.06,0.04,1.6,0.4,0.7,0.4,1.2,0.1,0.2,0.04,1,0.5,0.8,0.3,0.4,,
Arbutus var. marina,madrone,Arbutus,Ericaceae,Btr,species,0.003,0.003,0.07,0.07,0.02,0.04,0.03,0.05,0.06,0.04,1.6,0.4,0.7,0.4,1.2,0.1,0.2,0.04,1,0.5,0.8,0.3,0.4,,
Arbutus xalapensis,,Arbutus,Ericaceae,Btr,species,0.003,0.003,0.07,0.07,0.02,0.04,0.03,0.05,0.06,0.04,1.6,0.4,0.7,0.4,1.2,0.1,0.2,0.04,1,0.5,0.8,0.3,0.4,,
Archontophoenix alexandrae,Alexandra palm,Archontophoenix,Arecaceae,Btr,species,6,0.01,0.4,0.3,0.18,0.25,0.03,0.05,0.06,0.04,1.4,0.4,0.7,0.4,1.2,0.1,0.2,0.04,1,0.5,0.8,0.3,0.4,,
Archontophoenix cunninghamiana,,Archontophoenix,Arecaceae,Btr,species,6,0.01,0.4,0.3,0.18,0.25,0.03,0.05,0.06,0.04,1.4,0.4,0.7,0.4,1.2,0.1,0.2,0.04,1,0.5,0.8,0.3,0.4,,
Archontophoenix myolensis,,Archontophoenix,Arecaceae,Btr,species,6,0.01,0.4,0.3,0.18,0.25,0.03,0.05,0.06,0.04,1.4,0.4,0.7,0.4,1.2,0.1,0.2,0.04,1,0.5,0.8,0.3,0.4,,
Arctostaphylos,manzanita,Arctostaphylos,Ericaceae,Btr,genus,6,0.01,0.4,0.3,0.18,0.25,0.03,0.05,0.06,0.04,1.4,0.4,0.7,0.4,1.2,0.1,0.2,0.04,1,0.5,0.8,0.3,0.4,,
Arctostaphylos columbiana,hairy manzanita,Arctostaphylos,Ericaceae,Btr,species,6,0.01,0.4,0.3,0.18,0.25,0.03,0.05,0.06,0.04,1.4,0.4,0.7,0.4,1.2,0.1,0.2,0.04,1,0.5,0.8,0.3,0.4,,
Arctostaphylos glandulosa,Eastwood's manzanita,Arctostaphylos,Ericaceae,Shrub,species,6,0.01,0.4,0.3,0.18,0.25,0.03,0.05,0.06,0.04,1.4,0.4,0.7,0.4,1.2,0.1,0.2,0.04,1,0.5,0.8,0.3,0.4,,
Arctostaphylos glauca,bigberry manzanita,Arctostaphylos,Ericaceae,Btr,species,6,0.01,0.4,0.3,0.18,0.25,0.03,0.05,0.06,0.04,1.4,0.4,0.7,0.4,1.2,0.1,0.2,0.04,1,0.5,0.8,0.3,0.4,,
Arctostaphylos manzanita,whiteleaf manzanita,Arctostaphylos,Ericaceae,Shrub,species,6,0.01,0.4,0.3,0.18,0.25,0.03,0.05,0.06,0.04,1.4,0.4,0.7,0.4,1.2,0.1,0.2,0.04,1,0.5,0.8,0.3,0.4,,
Arctostaphylos pungens,pointleaf manzanita,Arctostaphylos,Ericaceae,Shrub,species,6,0.01,0.4,0.3,0.18,0.25,0.03,0.05,0.06,0.04,1.4,0.4,0.7,0.4,1.2,0.1,0.2,0.04,1,0.5,0.8,0.3,0.4,,
Ardisia,marlberry,Ardisia,Myrsinaceae,Btr,genus,6,0.01,0.4,0.3,0.18,0.25,0.03,0.05,0.06,0.04,1.4,0.4,0.7,0.4,1.2,0.1,0.2,0.04,1,0.5,0.8,0.3,0.4,,
Ardisia humilis,low shoebutton,Ardisia,Myrsinaceae,Shrub,species,6,0.01,0.4,0.3,0.18,0.25,0.03,0.05,0.06,0.04,1.4,0.4,0.7,0.4,1.2,0.1,0.2,0.04,1,0.5,0.8,0.3,0.4,,
Ardisia tenera,,Ardisia,Myrsinaceae,Unknown,species,6,0.01,0.4,0.3,0.18,0.25,0.03,0.05,0.06,0.04,1.4,0.4,0.7,0.4,1.2,0.1,0.2,0.04,1,0.5,0.8,0.3,0.4,,
Arecaceae,,Arecaceae,Arecaceae,Unknown,family,6,0.01,0.4,0.3,0.18,0.25,0.03,0.05,0.06,0.04,1.4,0.4,0.7,0.4,1.2,0.1,0.2,0.04,1,0.5,0.8,0.3,0.4,,
Arecastrum romanzoffianum,queen palm,Arecastrum,Arecaceae,Unknown,species,6,0.01,0.4,0.3,0.18,0.25,0.03,0.05,0.06,0.04,1.4,0.4,0.7,0.4,1.2,0.1,0.2,0.04,1,0.5,0.8,0.3,0.4,,
Arenga engleri,,Arenga,Arecaceae,Unknown,species,6,0.01,0.4,0.3,0.18,0.25,0.03,0.05,0.06,0.04,1.4,0.4,0.7,0.4,1.2,0.1,0.2,0.04,1,0.5,0.8,0.3,0.4,,
Arrabidaea patellifera,,Arrabidaea,Bignoniaceae,Unknown,species,6,0.01,0.4,0.3,0.18,0.25,0.03,0.05,0.06,0.04,1.4,0.4,0.7,0.4,1.2,0.1,0.2,0.04,1,0.5,0.8,0.3,0.4,,
Arrhenatherum elatius,tall oatgrass,Arrhenatherum,Poaceae,Herb,species,6,0.01,0.4,0.3,0.18,0.25,0.03,0.05,0.06,0.04,1.4,0.4,0.7,0.4,1.2,0.1,0.2,0.04,1,0.5,0.8,0.3,0.4,,
Artemisia,sagebrush,Artemisia,Asteraceae,Btr,genus,6,0.01,0.4,0.3,0.18,0.25,0.03,0.05,0.06,0.04,1.4,0.4,0.7,0.4,1.2,0.1,0.2,0.04,1,0.5,0.8,0.3,0.4,,
Artemisia argyi,,Artemisia,Asteraceae,Unknown,species,6,0.01,0.4,0.3,0.18,0.25,0.03,0.05,0.06,0.04,1.4,0.4,0.7,0.4,1.2,0.1,0.2,0.04,1,0.5,0.8,0.3,0.4,,
Artemisia californica,coastal sagebrush,Artemisia,Asteraceae,Shrub,species,6,0.01,0.4,0.3,0.18,0.25,0.03,0.05,0.06,0.04,1.4,0.4,0.7,0.4,1.2,0.1,0.2,0.04,1,0.5,0.8,0.3,0.4,,
Artemisia dracunculus,tarragon,Artemisia,Asteraceae,Shrub,species,6,0.01,0.4,0.3,0.18,0.25,0.03,0.05,0.06,0.04,1.4,0.4,0.7,0.4,1.2,0.1,0.2,0.04,1,0.5,0.8,0.3,0.4,,
Artemisia eriopoda,,Artemisia,Asteraceae,Unknown,species,6,0.01,0.4,0.3,0.18,0.25,0.03,0.05,0.06,0.04,1.4,0.4,0.7,0.4,1.2,0.1,0.2,0.04,1,0.5,0.8,0.3,0.4,,
Artemisia frigida,prairie sagewort,Artemisia,Asteraceae,Shrub,species,6,0.01,0.4,0.3,0.18,0.25,0.03,0.05,0.06,0.04,1.4,0.4,0.7,0.4,1.2,0.1,0.2,0.04,1,0.5,0.8,0.3,0.4,,
Artemisia gmelinii,Gmelin's wormwood,Artemisia,Asteraceae,Shrub,species,6,0.01,0.4,0.3,0.18,0.25,0.03,0.05,0.06,0.04,1.4,0.4,0.7,0.4,1.2,0.1,0.2,0.04,1,0.5,0.8,0.3,0.4,,
Artemisia intramongolica,,Artemisia,Asteraceae,Unknown,species,6,0.01,0.4,0.3,0.18,0.25,0.03,0.05,0.06,0.04,1.4,0.4,0.7,0.4,1.2,0.1,0.2,0.04,1,0.5,0.8,0.3,0.4,,
Artemisia ludoviciana,white sagebrush,Artemisia,Asteraceae,Shrub,species,6,0.01,0.4,0.3,0.18,0.25,0.03,0.05,0.06,0.04,1.4,0.4,0.7,0.4,1.2,0.1,0.2,0.04,1,0.5,0.8,0.3,0.4,,
Artemisia mongolica,,Artemisia,Asteraceae,Unknown,species,6,0.01,0.4,0.3,0.18,0.25,0.03,0.05,0.06,0.04,1.4,0.4,0.7,0.4,1.2,0.1,0.2,0.04,1,0.5,0.8,0.3,0.4,,
Artemisia pubescens,,Artemisia,Asteraceae,Unknown,species,6,0.01,0.4,0.3,0.18,0.25,0.03,0.05,0.06,0.04,1.4,0.4,0.7,0.4,1.2,0.1,0.2,0.04,1,0.5,0.8,0.3,0.4,,
Artemisia scoparia,redstem wormwood,Artemisia,Asteraceae,Herb,species,6,0.01,0.4,0.3,0.18,0.25,0.03,0.05,0.06,0.04,1.4,0.4,0.7,0.4,1.2,0.1,0.2,0.04,1,0.5,0.8,0.3,0.4,,
Artemisia sieversiana,,Artemisia,Asteraceae,Unknown,species,6,0.01,0.4,0.3,0.18,0.25,0.03,0.05,0.06,0.04,1.4,0.4,0.7,0.4,1.2,0.1,0.2,0.04,1,0.5,0.8,0.3,0.4,,
Artemisia tancetifolia,,Artemisia,Asteraceae,Unknown,species,6,0.01,0.4,0.3,0.18,0.25,0.03,0.05,0.06,0.04,1.4,0.4,0.7,0.4,1.2,0.1,0.2,0.04,1,0.5,0.8,0.3,0.4,,
Artemisia tridentata,big sagebrush,Artemisia,Asteraceae,Btr,species,6,0.01,0.4,0.3,0.18,0.25,0.03,0.05,0.06,0.04,1.4,0.4,0.7,0.4,1.2,0.1,0.2,0.04,1,0.5,0.8,0.3,0.4,,
Artocarpus falcata,,Artocarpus,Moraceae,Unknown,species,6,0.01,0.4,0.3,0.18,0.25,0.03,0.05,0.06,0.04,1.4,0.4,0.7,0.4,1.2,0.1,0.2,0.04,1,0.5,0.8,0.3,0.4,,
Artocarpus heterophyllus,jackfruit,Artocarpus,Moraceae,Btr,species,6,0.01,0.4,0.3,0.18,0.25,0.03,0.05,0.06,0.04,1.4,0.4,0.7,0.4,1.2,0.1,0.2,0.04,1,0.5,0.8,0.3,0.4,,
Arundinaria alpina,,Arundinaria,Poaceae,Unknown,species,6,0.01,0.4,0.3,0.18,0.25,0.03,0.05,0.06,0.04,1.4,0.4,0.7,0.4,1.2,0.1,0.2,0.04,1,0.5,0.8,0.3,0.4,,
Arundo donax,giant reed,Arundo,Poaceae,Shrub,species,8,0.01,0.4,0.3,0.18,0.25,0.03,0.05,0.06,0.04,1.4,0.4,0.7,0.4,1.2,0.1,0.2,0.04,1,0.5,0.8,0.3,0.4,,
Asclepias speciosa,showy milkweed,Asclepias,Asclepiadaceae,Herb,species,6,0.01,0.4,0.3,0.18,0.25,0.03,0.05,0.06,0.04,1.4,0.4,0.7,0.4,1.2,0.1,0.2,0.04,1,0.5,0.8,0.3,0.4,,
Asimina triloba,pawpaw,Asimina,Annonaceae,Btr,species,0.003,0.003,0.08,0.1,0.05,0.05,0.03,0.05,0.06,0.04,1.6,0.4,0.7,0.4,1.2,0.1,0.2,0.04,1,0.5,0.8,0.3,0.4,,
Asparagus,asparagus,Asparagus,Liliaceae,Shrub,genus,6,0.01,0.4,0.3,0.18,0.25,0.03,0.05,0.06,0.04,1.4,0.4,0.7,0.4,1.2,0.1,0.2,0.04,1,0.5,0.8,0.3,0.4,,
Asparagus dauricus,,Asparagus,Liliaceae,Shrub,species,6,0.01,0.4,0.3,0.18,0.25,0.03,0.05,0.06,0.04,1.4,0.4,0.7,0.4,1.2,0.1,0.2,0.04,1,0.5,0.8,0.3,0.4,,
Aspidium tsus-simense,,Aspidium,Dryopteridaceae,Unknown,species,6,0.01,0.4,0.3,0.18,0.25,0.03,0.05,0.06,0.04,1.4,0.4,0.7,0.4,1.2,0.1,0.2,0.04,1,0.5,0.8,0.3,0.4,,
Aspidosperma cruenta,,Aspidosperma,Apocynaceae,Unknown,species,6,0.01,0.4,0.3,0.18,0.25,0.03,0.05,0.06,0.04,1.4,0.4,0.7,0.4,1.2,0.1,0.2,0.04,1,0.5,0.8,0.3,0.4,,
Asplenium daucifolium,,Asplenium,Aspleniaceae,Unknown,species,6,0.01,0.4,0.3,0.18,0.25,0.03,0.05,0.06,0.04,1.4,0.4,0.7,0.4,1.2,0.1,0.2,0.04,1,0.5,0.8,0.3,0.4,,
Asplenium nidus,Hawai'I birdnest fern,Asplenium,Aspleniaceae,Herb,species,6,0.01,0.4,0.3,0.18,0.25,0.03,0.05,0.06,0.04,1.4,0.4,0.7,0.4,1.2,0.1,0.2,0.04,1,0.5,0.8,0.3,0.4,,
Astartea fascicularis,,Astartea,Myrtaceae,Unknown,species,6,0.01,0.4,0.3,0.18,0.25,0.03,0.05,0.06,0.04,1.4,0.4,0.7,0.4,1.2,0.1,0.2,0.04,1,0.5,0.8,0.3,0.4,,
Asteraceae,,Asteraceae,Asteraceae,Unknown,family,6,0.01,0.4,0.3,0.18,0.25,0.03,0.05,0.06,0.04,1.4,0.4,0.7,0.4,1.2,0.1,0.2,0.04,1,0.5,0.8,0.3,0.4,,
Astrocaryum,,Astrocaryum,Arecaceae,Btr,genus,6,0.01,0.4,0.3,0.18,0.25,0.03,0.05,0.06,0.04,1.4,0.4,0.7,0.4,1.2,0.1,0.2,0.04,1,0.5,0.8,0.3,0.4,,
Astrocaryum aculeatissimum,,Astrocaryum,Arecaceae,Btr,species,6,0.01,0.4,0.3,0.18,0.25,0.03,0.05,0.06,0.04,1.4,0.4,0.7,0.4,1.2,0.1,0.2,0.04,1,0.5,0.8,0.3,0.4,,
Astrocaryum ratacanthus,,Astrocaryum,Arecaceae,Btr,species,6,0.01,0.4,0.3,0.18,0.25,0.03,0.05,0.06,0.04,1.4,0.4,0.7,0.4,1.2,0.1,0.2,0.04,1,0.5,0.8,0.3,0.4,,
Astrocaryum sociale,,Astrocaryum,Arecaceae,Unknown,species,6,0.01,0.4,0.3,0.18,0.25,0.03,0.05,0.06,0.04,1.4,0.4,0.7,0.4,1.2,0.1,0.2,0.04,1,0.5,0.8,0.3,0.4,,
Astronium graveolens,,Astronium,Anacardiaceae,Unknown,species,6,0.01,0.4,0.3,0.18,0.25,0.03,0.05,0.06,0.04,1.4,0.4,0.7,0.4,1.2,0.1,0.2,0.04,1,0.5,0.8,0.3,0.4,,
Atrichum undulatum,,Atrichum,Polytrichaceae,Unknown,species,6,0.01,0.4,0.3,0.18,0.25,0.03,0.05,0.06,0.04,1.4,0.4,0.7,0.4,1.2,0.1,0.2,0.04,1,0.5,0.8,0.3,0.4,,
Atriplex,saltbush,Atriplex,Chenopodiaceae,Shrub,genus,6,0.01,0.4,0.3,0.18,0.25,0.03,0.05,0.06,0.04,1.4,0.4,0.7,0.4,1.2,0.1,0.2,0.04,1,0.5,0.8,0.3,0.4,,
Atriplex canescens,fourwing saltbush,Atriplex,Chenopodiaceae,Shrub,species,6,0.01,0.4,0.3,0.18,0.25,0.03,0.05,0.06,0.04,1.4,0.4,0.7,0.4,1.2,0.1,0.2,0.04,1,0.5,0.8,0.3,0.4,,
Atriplex parryi,Parry's saltbush,Atriplex,Chenopodiaceae,Shrub,species,6,0.01,0.4,0.3,0.18,0.25,0.03,0.05,0.06,0.04,1.4,0.4,0.7,0.4,1.2,0.1,0.2,0.04,1,0.5,0.8,0.3,0.4,,
Atriplex polycarpa,cattle saltbush,Atriplex,Chenopodiaceae,Shrub,species,6,0.01,0.4,0.3,0.18,0.25,0.03,0.05,0.06,0.04,1.4,0.4,0.7,0.4,1.2,0.1,0.2,0.04,1,0.5,0.8,0.3,0.4,,
Attalea phalerata,,Attalea,Arecaceae,Btr,species,6,0.01,0.4,0.3,0.18,0.25,0.03,0.05,0.06,0.04,1.4,0.4,0.7,0.4,1.2,0.1,0.2,0.04,1,0.5,0.8,0.3,0.4,,
Auranticarpa rhombifolia,,Auranticarpa,Pittosporaceae,Btr,species,6,0.01,0.4,0.3,0.18,0.25,0.03,0.05,0.06,0.04,1.4,0.4,0.7,0.4,1.2,0.1,0.2,0.04,1,0.5,0.8,0.3,0.4,,
AustraliaBtr,Australia trees,,,Btr,GF,16,0.003,0.3,0.3,0.18,0.2,0.03,0.05,0.06,0.04,1.4,0.4,0.7,0.4,1.2,0.1,0.2,0.04,1,0.5,0.8,0.3,0.4,,
Avena,oat,Avena,Poaceae,Herb,genus,6,0.01,0.4,0.3,0.18,0.25,0.03,0.05,0.06,0.04,1.4,0.4,0.7,0.4,1.2,0.1,0.2,0.04,1,0.5,0.8,0.3,0.4,,
Avena sativa,common oat,Avena,Poaceae,Herb,species,6,0.01,0.4,0.3,0.18,0.25,0.03,0.05,0.06,0.04,1.4,0.4,0.7,0.4,1.2,0.1,0.2,0.04,1,0.5,0.8,0.3,0.4,,
Avicennia,mangrove,Avicennia,Verbenaceae,Btr,genus,6,0.01,0.4,0.3,0.18,0.25,0.03,0.05,0.06,0.04,1.4,0.4,0.7,0.4,1.2,0.1,0.2,0.04,1,0.5,0.8,0.3,0.4,,
Avicennia germinans,black mangrove,Avicennia,Verbenaceae,Btr,species,6,0.01,0.4,0.3,0.18,0.25,0.03,0.05,0.06,0.04,1.4,0.4,0.7,0.4,1.2,0.1,0.2,0.04,1,0.5,0.8,0.3,0.4,,
Azolla,mosquitofern,Azolla,Azollaceae,Herb,genus,8,0.01,0.4,0.3,0.18,0.25,0.03,0.05,0.06,0.04,1.4,0.4,0.7,0.4,1.2,0.1,0.2,0.04,1,0.5,0.8,0.3,0.4,,
Baccaurea macrocarpa,,Baccaurea,Euphorbiaceae,Unknown,species,6,0.01,0.4,0.3,0.18,0.25,0.03,0.05,0.06,0.04,1.4,0.4,0.7,0.4,1.2,0.1,0.2,0.04,1,0.5,0.8,0.3,0.4,,
Baccaurea ramiflora,baccaurea,Baccaurea,Euphorbiaceae,Unknown,species,6,0.01,0.4,0.3,0.18,0.25,0.03,0.05,0.06,0.04,1.4,0.4,0.7,0.4,1.2,0.1,0.2,0.04,1,0.5,0.8,0.3,0.4,,
Baccharis halimifolia,,Baccharis,Asteraceae,Shrub,species,6,0.01,0.4,0.3,0.18,0.25,0.03,0.05,0.06,0.04,1.4,0.4,0.7,0.4,1.2,0.1,0.2,0.04,1,0.5,0.8,0.3,0.4,,
Baccharis pilularis,coyotebrush,Baccharis,Asteraceae,Shrub,species,6,0.01,0.4,0.3,0.18,0.25,0.03,0.05,0.06,0.04,1.4,0.4,0.7,0.4,1.2,0.1,0.2,0.04,1,0.5,0.8,0.3,0.4,,
Baccharis texana,prairie false willow,Baccharis,Asteraceae,Shrub,species,6,0.01,0.4,0.3,0.18,0.25,0.03,0.05,0.06,0.04,1.4,0.4,0.7,0.4,1.2,0.1,0.2,0.04,1,0.5,0.8,0.3,0.4,,
Baeckea virgata,tall baeckea,Baeckea,Myrtaceae,Unknown,species,6,0.01,0.4,0.3,0.18,0.25,0.03,0.05,0.06,0.04,1.4,0.4,0.7,0.4,1.2,0.1,0.2,0.04,1,0.5,0.8,0.3,0.4,,
Bagassa guianensis,,Bagassa,Moraceae,Btr,species,6,0.01,0.4,0.3,0.18,0.25,0.03,0.05,0.06,0.04,1.4,0.4,0.7,0.4,1.2,0.1,0.2,0.04,1,0.5,0.8,0.3,0.4,,
Baikiaea,,Baikiaea,Fabaceae,Btr,genus,6,0.01,0.4,0.3,0.18,0.25,0.03,0.05,0.06,0.04,1.4,0.4,0.7,0.4,1.2,0.1,0.2,0.04,1,0.5,0.8,0.3,0.4,,
Baikiaea plurijuga,,Baikiaea,Fabaceae,Btr,species,6,0.01,0.4,0.3,0.18,0.25,0.03,0.05,0.06,0.04,1.4,0.4,0.7,0.4,1.2,0.1,0.2,0.04,1,0.5,0.8,0.3,0.4,,
Balanites maughamii,manduro,Balanites,Zygophyllaceae,Unknown,species,6,0.01,0.4,0.3,0.18,0.25,0.03,0.05,0.06,0.04,1.4,0.4,0.7,0.4,1.2,0.1,0.2,0.04,1,0.5,0.8,0.3,0.4,,
Balanites wilsoniana,,Balanites,Zygophyllaceae,Unknown,species,6,0.01,0.4,0.3,0.18,0.25,0.03,0.05,0.06,0.04,1.4,0.4,0.7,0.4,1.2,0.1,0.2,0.04,1,0.5,0.8,0.3,0.4,,
Bambusa,bamboo,Bambusa,Poaceae,Btr,genus,8,0.01,0.4,0.3,0.18,0.25,0.03,0.05,0.06,0.04,1.4,0.4,0.7,0.4,1.2,0.1,0.2,0.04,1,0.5,0.8,0.3,0.4,,
Bambusa multiplex,hedge bamboo,Bambusa,Poaceae,Shrub,species,8,0.01,0.4,0.3,0.18,0.25,0.03,0.05,0.06,0.04,1.4,0.4,0.7,0.4,1.2,0.1,0.2,0.04,1,0.5,0.8,0.3,0.4,,
Bambusa oldhamii,,Bambusa,Poaceae,Herb,species,8,0.01,0.4,0.3,0.18,0.25,0.03,0.05,0.06,0.04,1.4,0.4,0.7,0.4,1.2,0.1,0.2,0.04,1,0.5,0.8,0.3,0.4,,
Bambusa textilis,textile bamboo,Bambusa,Poaceae,Herb,species,8,0.01,0.4,0.3,0.18,0.25,0.03,0.05,0.06,0.04,1.4,0.4,0.7,0.4,1.2,0.1,0.2,0.04,1,0.5,0.8,0.3,0.4,,
Bambusa vulgaris,common bamboo,Bambusa,Poaceae,Btr,species,8,0.01,0.4,0.3,0.18,0.25,0.03,0.05,0.06,0.04,1.4,0.4,0.7,0.4,1.2,0.1,0.2,0.04,1,0.5,0.8,0.3,0.4,,
Bambusoideae,Bamboo,Bamboo,Poaceae,Shrub,subfamily,8,0.003,0.08,0.08,0.05,0.05,0.03,0.05,0.06,0.04,1.6,0.4,0.7,0.4,1.2,0.1,0.2,0.04,1,0.5,0.8,0.3,0.4,,
Banksia,,Banksia,Proteaceae,Unknown,genus,6,0.01,0.4,0.3,0.18,0.25,0.03,0.05,0.06,0.04,1.4,0.4,0.7,0.4,1.2,0.1,0.2,0.04,1,0.5,0.8,0.3,0.4,,
Banksia ashbyi,Ashby's banksia,Banksia,Proteaceae,Unknown,species,6,0.01,0.4,0.3,0.18,0.25,0.03,0.05,0.06,0.04,1.4,0.4,0.7,0.4,1.2,0.1,0.2,0.04,1,0.5,0.8,0.3,0.4,,
Banksia laricina,,Banksia,Proteaceae,Unknown,species,6,0.01,0.4,0.3,0.18,0.25,0.03,0.05,0.06,0.04,1.4,0.4,0.7,0.4,1.2,0.1,0.2,0.04,1,0.5,0.8,0.3,0.4,,
Baphia,baphia,Baphia,Fabaceae,Unknown,genus,6,0.01,0.4,0.3,0.18,0.25,0.03,0.05,0.06,0.04,1.4,0.4,0.7,0.4,1.2,0.1,0.2,0.04,1,0.5,0.8,0.3,0.4,,
Baphia chrysophylla,,Baphia,Fabaceae,Unknown,species,6,0.01,0.4,0.3,0.18,0.25,0.03,0.05,0.06,0.04,1.4,0.4,0.7,0.4,1.2,0.1,0.2,0.04,1,0.5,0.8,0.3,0.4,,
Baphia massaiensis,,Baphia,Fabaceae,Unknown,species,6,0.01,0.4,0.3,0.18,0.25,0.03,0.05,0.06,0.04,1.4,0.4,0.7,0.4,1.2,0.1,0.2,0.04,1,0.5,0.8,0.3,0.4,,
Barringtonia fusiocarpa,,Barringtonia,Lecythidaceae,Unknown,species,6,0.01,0.4,0.3,0.18,0.25,0.03,0.05,0.06,0.04,1.4,0.4,0.7,0.4,1.2,0.1,0.2,0.04,1,0.5,0.8,0.3,0.4,,
Barringtonia racemosa,,Barringtonia,Lecythidaceae,Unknown,species,6,0.01,0.4,0.3,0.18,0.25,0.03,0.05,0.06,0.04,1.4,0.4,0.7,0.4,1.2,0.1,0.2,0.04,1,0.5,0.8,0.3,0.4,,
Barringtonia sarcostachys,,Barringtonia,Lecythidaceae,Btr,species,6,0.01,0.4,0.3,0.18,0.25,0.03,0.05,0.06,0.04,1.4,0.4,0.7,0.4,1.2,0.1,0.2,0.04,1,0.5,0.8,0.3,0.4,,
Barteria fistulosa,,Barteria,Passifloraceae,Unknown,species,6,0.01,0.4,0.3,0.18,0.25,0.03,0.05,0.06,0.04,1.4,0.4,0.7,0.4,1.2,0.1,0.2,0.04,1,0.5,0.8,0.3,0.4,,
Bauhinia,bauhinia,Bauhinia,Fabaceae,Btr,genus,6,0.01,0.4,0.3,0.18,0.25,0.03,0.05,0.06,0.04,1.4,0.4,0.7,0.4,1.2,0.1,0.2,0.04,1,0.5,0.8,0.3,0.4,,
Bauhinia acuminata,,Bauhinia,Fabaceae,Unknown,species,6,0.01,0.4,0.3,0.18,0.25,0.03,0.05,0.06,0.04,1.4,0.4,0.7,0.4,1.2,0.1,0.2,0.04,1,0.5,0.8,0.3,0.4,,
Bauhinia blakeana,,Bauhinia,Fabaceae,Btr,species,6,0.01,0.4,0.3,0.18,0.25,0.03,0.05,0.06,0.04,1.4,0.4,0.7,0.4,1.2,0.1,0.2,0.04,1,0.5,0.8,0.3,0.4,,
Bauhinia forficata,cow's-foot,Bauhinia,Fabaceae,Unknown,species,6,0.01,0.4,0.3,0.18,0.25,0.03,0.05,0.06,0.04,1.4,0.4,0.7,0.4,1.2,0.1,0.2,0.04,1,0.5,0.8,0.3,0.4,,
Bauhinia galpinii,African plume,Bauhinia,Fabaceae,Shrub,species,6,0.01,0.4,0.3,0.18,0.25,0.03,0.05,0.06,0.04,1.4,0.4,0.7,0.4,1.2,0.1,0.2,0.04,1,0.5,0.8,0.3,0.4,,
Bauhinia petersiana,,Bauhinia,Fabaceae,Unknown,species,6,0.01,0.4,0.3,0.18,0.25,0.03,0.05,0.06,0.04,1.4,0.4,0.7,0.4,1.2,0.1,0.2,0.04,1,0.5,0.8,0.3,0.4,,
Bauhinia purpurea,butterfly tree,Bauhinia,Fabaceae,Btr,species,6,0.01,0.4,0.3,0.18,0.25,0.03,0.05,0.06,0.04,1.4,0.4,0.7,0.4,1.2,0.1,0.2,0.04,1,0.5,0.8,0.3,0.4,,
Bauhinia subsessilia,,Bauhinia,Fabaceae,Unknown,species,6,0.01,0.4,0.3,0.18,0.25,0.03,0.05,0.06,0.04,1.4,0.4,0.7,0.4,1.2,0.1,0.2,0.04,1,0.5,0.8,0.3,0.4,,
Bauhinia tomentosa,St. Thomas tree,Bauhinia,Fabaceae,Btr,species,6,0.01,0.4,0.3,0.18,0.25,0.03,0.05,0.06,0.04,1.4,0.4,0.7,0.4,1.2,0.1,0.2,0.04,1,0.5,0.8,0.3,0.4,,
Bauhinia variegata,mountain ebony,Bauhinia,Fabaceae,Btr,species,6,0.01,0.4,0.3,0.18,0.25,0.03,0.05,0.06,0.04,1.4,0.4,0.7,0.4,1.2,0.1,0.2,0.04,1,0.5,0.8,0.3,0.4,,
Bauhinia x blakeana,,Bauhinia,Fabaceae,Btr,species,6,0.01,0.4,0.3,0.18,0.25,0.03,0.05,0.06,0.04,1.4,0.4,0.7,0.4,1.2,0.1,0.2,0.04,1,0.5,0.8,0.3,0.4,,
Bazzania trilobata,,Bazzania,Lepidoziaceae,Unknown,species,6,0.01,0.4,0.3,0.18,0.25,0.03,0.05,0.06,0.04,1.4,0.4,0.7,0.4,1.2,0.1,0.2,0.04,1,0.5,0.8,0.3,0.4,,
Beaucarnea recurvata,bottle-palm,Beaucarnea,Liliaceae,Unknown,species,6,0.01,0.4,0.3,0.18,0.25,0.03,0.05,0.06,0.04,1.4,0.4,0.7,0.4,1.2,0.1,0.2,0.04,1,0.5,0.8,0.3,0.4,,
Beaucarnea stricta,,Beaucarnea,Liliaceae,Unknown,species,6,0.01,0.4,0.3,0.18,0.25,0.03,0.05,0.06,0.04,1.4,0.4,0.7,0.4,1.2,0.1,0.2,0.04,1,0.5,0.8,0.3,0.4,,
Bellucia grossularioides,,Bellucia,Melastomataceae,Btr,species,6,0.01,0.4,0.3,0.18,0.25,0.03,0.05,0.06,0.04,1.4,0.4,0.7,0.4,1.2,0.1,0.2,0.04,1,0.5,0.8,0.3,0.4,,
Berberidaceae,,Berberidaceae,Berberidaceae,Unknown,family,6,0.01,0.4,0.3,0.18,0.25,0.03,0.05,0.06,0.04,1.4,0.4,0.7,0.4,1.2,0.1,0.2,0.04,1,0.5,0.8,0.3,0.4,,
Berberis,barberry,Berberis,Berberidaceae,Shrub,genus,8,0.01,0.4,0.3,0.18,0.25,0.03,0.05,0.06,0.04,1.4,0.4,0.7,0.4,1.2,0.1,0.2,0.04,1,0.5,0.8,0.3,0.4,,
Berberis aquafolium,,Berberis,Berberidaceae,Unknown,species,8,0.01,0.4,0.3,0.18,0.25,0.03,0.05,0.06,0.04,1.4,0.4,0.7,0.4,1.2,0.1,0.2,0.04,1,0.5,0.8,0.3,0.4,,
Berberis dictyota,,Berberis,Berberidaceae,Unknown,species,8,0.01,0.4,0.3,0.18,0.25,0.03,0.05,0.06,0.04,1.4,0.4,0.7,0.4,1.2,0.1,0.2,0.04,1,0.5,0.8,0.3,0.4,,
Berberis nervosa,,Berberis,Berberidaceae,Unknown,species,8,0.01,0.4,0.3,0.18,0.25,0.03,0.05,0.06,0.04,1.4,0.4,0.7,0.4,1.2,0.1,0.2,0.04,1,0.5,0.8,0.3,0.4,,
Berberis nevinii,,Berberis,Berberidaceae,Unknown,species,8,0.01,0.4,0.3,0.18,0.25,0.03,0.05,0.06,0.04,1.4,0.4,0.7,0.4,1.2,0.1,0.2,0.04,1,0.5,0.8,0.3,0.4,,
Berberis pinnata,,Berberis,Berberidaceae,Unknown,species,8,0.01,0.4,0.3,0.18,0.25,0.03,0.05,0.06,0.04,1.4,0.4,0.7,0.4,1.2,0.1,0.2,0.04,1,0.5,0.8,0.3,0.4,,
Berberis thungbergii,,Berberis,Berberidaceae,Unknown,species,8,0.01,0.4,0.3,0.18,0.25,0.03,0.05,0.06,0.04,1.4,0.4,0.7,0.4,1.2,0.1,0.2,0.04,1,0.5,0.8,0.3,0.4,,
Berberis trifoliata,,Berberis,Berberidaceae,Unknown,species,8,0.01,0.4,0.3,0.18,0.25,0.03,0.05,0.06,0.04,1.4,0.4,0.7,0.4,1.2,0.1,0.2,0.04,1,0.5,0.8,0.3,0.4,,
Berchemia scandens,Alabama supplejack,Berchemia,Rhamnaceae,Shrub,species,20,0.003,0.2,0.2,0.1,0.1,0.03,0.05,0.06,0.04,1.6,0.4,0.7,0.4,1.2,0.1,0.2,0.04,1,0.5,0.8,0.3,0.4,,
Berchemia zeyheri,,Berchemia,Rhamnaceae,Unknown,species,6,0.01,0.4,0.3,0.18,0.25,0.03,0.05,0.06,0.04,1.4,0.4,0.7,0.4,1.2,0.1,0.2,0.04,1,0.5,0.8,0.3,0.4,,
Berlinia bracteosa,,Berlinia,Fabaceae,Unknown,species,6,0.01,0.4,0.3,0.18,0.25,0.03,0.05,0.06,0.04,1.4,0.4,0.7,0.4,1.2,0.1,0.2,0.04,1,0.5,0.8,0.3,0.4,,
Berlinia confusa,,Berlinia,Fabaceae,Unknown,species,6,0.01,0.4,0.3,0.18,0.25,0.03,0.05,0.06,0.04,1.4,0.4,0.7,0.4,1.2,0.1,0.2,0.04,1,0.5,0.8,0.3,0.4,,
Berlinia grandifolia,,Berlinia,Fabaceae,Unknown,species,6,0.01,0.4,0.3,0.18,0.25,0.03,0.05,0.06,0.04,1.4,0.4,0.7,0.4,1.2,0.1,0.2,0.04,1,0.5,0.8,0.3,0.4,,
Beta vulgaris,common beet,Beta,Chenopodiaceae,Herb,species,6,0.01,0.4,0.3,0.18,0.25,0.03,0.05,0.06,0.04,1.4,0.4,0.7,0.4,1.2,0.1,0.2,0.04,1,0.5,0.8,0.3,0.4,,
Betula,birch,Betula,Betulaceae,Btr,genus,0.003,0.003,0.15,0.4,0.05,0.03,0.03,0.05,0.06,0.04,1.6,0.4,0.7,0.4,1.2,0.1,0.2,0.04,1,0.5,0.8,0.3,0.4,,
Betula alleghaniensis,yellow birch,Betula,Betulaceae,Btr,species,0.003,0.003,0.15,0.4,0.05,0.03,0.03,0.05,0.06,0.04,1.6,0.4,0.7,0.4,1.2,0.1,0.2,0.04,1,0.5,0.8,0.3,0.4,,
Betula costata,,Betula,Betulaceae,Unknown,species,0.003,0.003,0.15,0.4,0.05,0.03,0.03,0.05,0.06,0.04,1.6,0.4,0.7,0.4,1.2,0.1,0.2,0.04,1,0.5,0.8,0.3,0.4,,
Betula davurica,,Betula,Betulaceae,Unknown,species,0.003,0.003,0.15,0.4,0.05,0.03,0.03,0.05,0.06,0.04,1.6,0.4,0.7,0.4,1.2,0.1,0.2,0.04,1,0.5,0.8,0.3,0.4,,
Betula ermanii,,Betula,Betulaceae,Unknown,species,0.003,0.003,0.15,0.4,0.05,0.03,0.03,0.05,0.06,0.04,1.6,0.4,0.7,0.4,1.2,0.1,0.2,0.04,1,0.5,0.8,0.3,0.4,,
Betula fruticosa,,Betula,Betulaceae,Unknown,species,0.003,0.003,0.15,0.4,0.05,0.03,0.03,0.05,0.06,0.04,1.6,0.4,0.7,0.4,1.2,0.1,0.2,0.04,1,0.5,0.8,0.3,0.4,,
Betula glandulosa,resin birch,Betula,Betulaceae,Shrub,species,0.003,0.003,0.15,0.4,0.05,0.03,0.03,0.05,0.06,0.04,1.6,0.4,0.7,0.4,1.2,0.1,0.2,0.04,1,0.5,0.8,0.3,0.4,,
Betula lenta,sweet birch,Betula,Betulaceae,Btr,species,0.003,0.003,0.15,0.4,0.05,0.03,0.03,0.05,0.06,0.04,1.6,0.4,0.7,0.4,1.2,0.1,0.2,0.04,1,0.5,0.8,0.3,0.4,,
Betula luminifera,,Betula,Betulaceae,Unknown,species,0.003,0.003,0.15,0.4,0.05,0.03,0.03,0.05,0.06,0.04,1.6,0.4,0.7,0.4,1.2,0.1,0.2,0.04,1,0.5,0.8,0.3,0.4,,
Betula maximowicziana,monarch birch,Betula,Betulaceae,Unknown,species,0.003,0.003,0.15,0.4,0.05,0.03,0.03,0.05,0.06,0.04,1.6,0.4,0.7,0.4,1.2,0.1,0.2,0.04,1,0.5,0.8,0.3,0.4,,
Betula nana,dwarf birch,Betula,Betulaceae,Shrub,species,0.003,0.003,0.15,0.4,0.05,0.03,0.03,0.05,0.06,0.04,1.6,0.4,0.7,0.4,1.2,0.1,0.2,0.04,1,0.5,0.8,0.3,0.4,,
Betula nigra,river birch,Betula,Betulaceae,Btr,species,0.003,0.003,0.15,0.4,0.05,0.03,0.03,0.05,0.06,0.04,1.6,0.4,0.7,0.4,1.2,0.1,0.2,0.04,1,0.5,0.8,0.3,0.4,,
Betula occidentalis,water birch,Betula,Betulaceae,Btr,species,0.003,0.003,0.15,0.4,0.05,0.03,0.03,0.05,0.06,0.04,1.6,0.4,0.7,0.4,1.2,0.1,0.2,0.04,1,0.5,0.8,0.3,0.4,,
Betula papyrifera,paper birch,Betula,Betulaceae,Btr,species,0.003,0.003,0.15,0.4,0.05,0.03,0.03,0.05,0.06,0.04,1.6,0.4,0.7,0.4,1.2,0.1,0.2,0.04,1,0.5,0.8,0.3,0.4,,
Betula pendula,European white birch,Betula,Betulaceae,Btr,species,0.003,0.003,0.15,0.4,0.05,0.03,0.03,0.05,0.06,0.04,1.6,0.4,0.7,0.4,1.2,0.1,0.2,0.04,1,0.5,0.8,0.3,0.4,,
Betula platyphylla,Asian white birch,Betula,Betulaceae,Btr,species,0.003,0.003,0.15,0.4,0.05,0.03,0.03,0.05,0.06,0.04,1.6,0.4,0.7,0.4,1.2,0.1,0.2,0.04,1,0.5,0.8,0.3,0.4,,
Betula populifolia,gray birch,Betula,Betulaceae,Btr,species,0.003,0.003,0.15,0.4,0.05,0.03,0.03,0.05,0.06,0.04,1.6,0.4,0.7,0.4,1.2,0.1,0.2,0.04,1,0.5,0.8,0.3,0.4,,
Betula pubescens,downy birch,Betula,Betulaceae,Btr,species,0.003,0.003,0.15,0.4,0.05,0.03,0.03,0.05,0.06,0.04,1.6,0.4,0.7,0.4,1.2,0.1,0.2,0.04,1,0.5,0.8,0.3,0.4,,
Betula utilis,,Betula,Betulaceae,Btr,species,0.003,0.003,0.15,0.4,0.05,0.03,0.03,0.05,0.06,0.04,1.6,0.4,0.7,0.4,1.2,0.1,0.2,0.04,1,0.5,0.8,0.3,0.4,,
Betulaceae,,Betulaceae,Betulaceae,Unknown,family,6,0.01,0.4,0.3,0.18,0.25,0.03,0.05,0.06,0.04,1.4,0.4,0.7,0.4,1.2,0.1,0.2,0.04,1,0.5,0.8,0.3,0.4,,
Bignoniaceae,,Bignoniaceae,Bignoniaceae,Unknown,family,6,0.01,0.4,0.3,0.18,0.25,0.03,0.05,0.06,0.04,1.4,0.4,0.7,0.4,1.2,0.1,0.2,0.04,1,0.5,0.8,0.3,0.4,,
Bischofia javanica,Javanese bishopwood,Bischofia,Euphorbiaceae,Btr,species,6,0.01,0.4,0.3,0.18,0.25,0.03,0.05,0.06,0.04,1.4,0.4,0.7,0.4,1.2,0.1,0.2,0.04,1,0.5,0.8,0.3,0.4,,
Bismarckia nobilis,,Bismarckia,Arecaceae,BTR,species,6,0.01,0.4,0.3,0.18,0.25,0.03,0.05,0.06,0.04,1.4,0.4,0.7,0.4,1.2,0.1,0.2,0.04,1,0.5,0.8,0.3,0.4,,
Bixa orellana,lipsticktree,Bixa,Bixaceae,Btr,species,6,0.01,0.4,0.3,0.18,0.25,0.03,0.05,0.06,0.04,1.4,0.4,0.7,0.4,1.2,0.1,0.2,0.04,1,0.5,0.8,0.3,0.4,,
Blechnum gibbum,,Blechnum,Blechnaceae,Unknown,species,6,0.01,0.4,0.3,0.18,0.25,0.03,0.05,0.06,0.04,1.4,0.4,0.7,0.4,1.2,0.1,0.2,0.04,1,0.5,0.8,0.3,0.4,,
Blighia,blighia,Blighia,Sapindaceae,Btr,genus,6,0.01,0.4,0.3,0.18,0.25,0.03,0.05,0.06,0.04,1.4,0.4,0.7,0.4,1.2,0.1,0.2,0.04,1,0.5,0.8,0.3,0.4,,
Bocconia frutescens,parrotweed,Bocconia,Papaveraceae,Btr,species,6,0.01,0.4,0.3,0.18,0.25,0.03,0.05,0.06,0.04,1.4,0.4,0.7,0.4,1.2,0.1,0.2,0.04,1,0.5,0.8,0.3,0.4,,
Bolusanthus speciosus,,Bolusanthus,Fabaceae,Btr,species,6,0.01,0.4,0.3,0.18,0.25,0.03,0.05,0.06,0.04,1.4,0.4,0.7,0.4,1.2,0.1,0.2,0.04,1,0.5,0.8,0.3,0.4,,
Bombax ceiba,red silk cottontree,Bombax,Bombacaceae,Unknown,species,6,0.01,0.4,0.3,0.18,0.25,0.03,0.05,0.06,0.04,1.4,0.4,0.7,0.4,1.2,0.1,0.2,0.04,1,0.5,0.8,0.3,0.4,,
Bonamia maripoides,,Bonamia,Convolvulaceae,Unknown,species,6,0.01,0.4,0.3,0.18,0.25,0.03,0.05,0.06,0.04,1.4,0.4,0.7,0.4,1.2,0.1,0.2,0.04,1,0.5,0.8,0.3,0.4,,
Boraginaceae,,Boraginaceae,Boraginaceae,Unknown,family,6,0.01,0.4,0.3,0.18,0.25,0.03,0.05,0.06,0.04,1.4,0.4,0.7,0.4,1.2,0.1,0.2,0.04,1,0.5,0.8,0.3,0.4,,
Borassus aethiopium,,Borassus,Arecaceae,Unknown,species,6,0.01,0.4,0.3,0.18,0.25,0.03,0.05,0.06,0.04,1.4,0.4,0.7,0.4,1.2,0.1,0.2,0.04,1,0.5,0.8,0.3,0.4,,
Borassus aethiopum,palmyra palm,Borassus,Arecaceae,Unknown,species,6,0.01,0.4,0.3,0.18,0.25,0.03,0.05,0.06,0.04,1.4,0.4,0.7,0.4,1.2,0.1,0.2,0.04,1,0.5,0.8,0.3,0.4,,
Boscia albitrunca,,Boscia,Capparaceae,Unknown,species,6,0.01,0.4,0.3,0.18,0.25,0.03,0.05,0.06,0.04,1.4,0.4,0.7,0.4,1.2,0.1,0.2,0.04,1,0.5,0.8,0.3,0.4,,
Bougainvillea spectabilis,great bougainvillea,Bougainvillea,Nyctaginaceae,Shrub,species,6,0.01,0.4,0.3,0.18,0.25,0.03,0.05,0.06,0.04,1.4,0.4,0.7,0.4,1.2,0.1,0.2,0.04,1,0.5,0.8,0.3,0.4,,
Bourreria succulenta,bodywood,Bourreria,Boraginaceae,Btr,species,6,0.01,0.4,0.3,0.18,0.25,0.03,0.05,0.06,0.04,1.4,0.4,0.7,0.4,1.2,0.1,0.2,0.04,1,0.5,0.8,0.3,0.4,,
Bouteloua rigideseta,,Bouteloua,Poaceae,Unknown,species,6,0.01,0.4,0.3,0.18,0.25,0.03,0.05,0.06,0.04,1.4,0.4,0.7,0.4,1.2,0.1,0.2,0.04,1,0.5,0.8,0.3,0.4,,
Brachychiton,brachychiton,Brachychiton,Sterculiaceae,Btr,genus,0.003,0.003,0.02,0.02,0.04,0.1,0.03,0.05,0.003,0.06,1.4,0.4,0.7,0.4,1.2,0.1,0.2,0.04,1,0.5,0.8,0.3,0.4,,
Brachychiton acerifolius,flame bottletree,Brachychiton,Sterculiaceae,Unknown,species,0.003,0.003,0.02,0.02,0.04,0.1,0.03,0.05,0.003,0.06,1.4,0.4,0.7,0.4,1.2,0.1,0.2,0.04,1,0.5,0.8,0.3,0.4,,
Brachychiton acerifolius X discolor,,Brachychiton,Malvaceae,Btr,species,0.003,0.003,0.02,0.02,0.04,0.1,0.03,0.05,0.003,0.06,1.4,0.4,0.7,0.4,1.2,0.1,0.2,0.04,1,0.5,0.8,0.3,0.4,,
Brachychiton discolor,,Brachychiton,Malvaceae,Btr,species,0.003,0.003,0.02,0.02,0.04,0.1,0.03,0.05,0.003,0.06,1.4,0.4,0.7,0.4,1.2,0.1,0.2,0.04,1,0.5,0.8,0.3,0.4,,
Brachychiton populneus,,Brachychiton,Sterculiaceae,Unknown,species,0.003,0.003,0.02,0.02,0.04,0.1,0.03,0.05,0.003,0.06,1.4,0.4,0.7,0.4,1.2,0.1,0.2,0.04,1,0.5,0.8,0.3,0.4,,
Brachychiton rupestris,,Brachychiton,Malvaceae,Btr,species,0.003,0.003,0.02,0.02,0.04,0.1,0.03,0.05,0.003,0.06,1.4,0.4,0.7,0.4,1.2,0.1,0.2,0.04,1,0.5,0.8,0.3,0.4,,
Brachypodium retusum,,Brachypodium,Poaceae,Herb,species,6,0.01,0.4,0.3,0.18,0.25,0.03,0.05,0.06,0.04,1.4,0.4,0.7,0.4,1.2,0.1,0.2,0.04,1,0.5,0.8,0.3,0.4,,
Brachystegia,,Brachystegia,Fabaceae,Btr,genus,6,0.01,0.4,0.3,0.18,0.25,0.03,0.05,0.06,0.04,1.4,0.4,0.7,0.4,1.2,0.1,0.2,0.04,1,0.5,0.8,0.3,0.4,,
Brachystegia spiciformis,,Brachystegia,Fabaceae,Btr,species,6,0.01,0.4,0.3,0.18,0.25,0.03,0.05,0.06,0.04,1.4,0.4,0.7,0.4,1.2,0.1,0.2,0.04,1,0.5,0.8,0.3,0.4,,
Brahea armata,,Brahea,Arecaceae,Btr,species,6,0.01,0.4,0.3,0.18,0.25,0.03,0.05,0.06,0.04,1.4,0.4,0.7,0.4,1.2,0.1,0.2,0.04,1,0.5,0.8,0.3,0.4,,
Brahea brandegeei,,Brahea,Arecaceae,Btr,species,6,0.01,0.4,0.3,0.18,0.25,0.03,0.05,0.06,0.04,1.4,0.4,0.7,0.4,1.2,0.1,0.2,0.04,1,0.5,0.8,0.3,0.4,,
Brahea edulis,,Brahea,Arecaceae,Btr,species,6,0.01,0.4,0.3,0.18,0.25,0.03,0.05,0.06,0.04,1.4,0.4,0.7,0.4,1.2,0.1,0.2,0.04,1,0.5,0.8,0.3,0.4,,
Brassica napus,rape,Brassica,Brassicaceae,Herb,species,6,0.01,0.4,0.3,0.18,0.25,0.03,0.05,0.06,0.04,1.4,0.4,0.7,0.4,1.2,0.1,0.2,0.04,1,0.5,0.8,0.3,0.4,,
Brassica oleracea,cabbage,Brassica,Brassicaceae,Herb,species,6,0.01,0.4,0.3,0.18,0.25,0.03,0.05,0.06,0.04,1.4,0.4,0.7,0.4,1.2,0.1,0.2,0.04,1,0.5,0.8,0.3,0.4,,
Brassica rapa,field mustard,Brassica,Brassicaceae,Herb,species,6,0.01,0.4,0.3,0.18,0.25,0.03,0.05,0.06,0.04,1.4,0.4,0.7,0.4,1.2,0.1,0.2,0.04,1,0.5,0.8,0.3,0.4,,
Brassicaceae,,Brassicaceae,Brassicaceae,Unknown,family,6,0.01,0.4,0.3,0.18,0.25,0.03,0.05,0.06,0.04,1.4,0.4,0.7,0.4,1.2,0.1,0.2,0.04,1,0.5,0.8,0.3,0.4,,
Breonadia salicina,,Breonadia,Rubiaceae,Unknown,species,6,0.01,0.4,0.3,0.18,0.25,0.03,0.05,0.06,0.04,1.4,0.4,0.7,0.4,1.2,0.1,0.2,0.04,1,0.5,0.8,0.3,0.4,,
Bridelia ferruginea,,Bridelia,Phyllanthaceae,Unknown,species,6,0.01,0.4,0.3,0.18,0.25,0.03,0.05,0.06,0.04,1.4,0.4,0.7,0.4,1.2,0.1,0.2,0.04,1,0.5,0.8,0.3,0.4,,
Bridelia micrantha,,Bridelia,Phyllanthaceae,Unknown,species,6,0.01,0.4,0.3,0.18,0.25,0.03,0.05,0.06,0.04,1.4,0.4,0.7,0.4,1.2,0.1,0.2,0.04,1,0.5,0.8,0.3,0.4,,
Brosimum,brosimum,Brosimum,Moraceae,Btr,genus,6,0.01,0.4,0.3,0.18,0.25,0.03,0.05,0.06,0.04,1.4,0.4,0.7,0.4,1.2,0.1,0.2,0.04,1,0.5,0.8,0.3,0.4,,
Brosimum alicastrum,breadnut,Brosimum,Moraceae,Btr,species,6,0.01,0.4,0.3,0.18,0.25,0.03,0.05,0.06,0.04,1.4,0.4,0.7,0.4,1.2,0.1,0.2,0.04,1,0.5,0.8,0.3,0.4,,
Brosimum utile,cow tree,Brosimum,Moraceae,Unknown,species,6,0.01,0.4,0.3,0.18,0.25,0.03,0.05,0.06,0.04,1.4,0.4,0.7,0.4,1.2,0.1,0.2,0.04,1,0.5,0.8,0.3,0.4,,
Brotherella recurvans,,Brotherella,Pylaisiadelphaceae,Unknown,species,6,0.01,0.4,0.3,0.18,0.25,0.03,0.05,0.06,0.04,1.4,0.4,0.7,0.4,1.2,0.1,0.2,0.04,1,0.5,0.8,0.3,0.4,,
Broussonetia,broussonetia,Broussonetia,Moraceae,Btr,genus,5,0.003,0.1,0.1,0.1,0.1,0.03,0.05,0.09,0.06,1.6,0.4,0.7,0.4,1.5,0.1,0.2,0.04,1,0.5,0.8,0.3,0.4,,
Broussonetia papyrifera,paper mulberry,Broussonetia,Moraceae,Btr,species,5,0.003,0.1,0.1,0.1,0.1,0.03,0.05,0.09,0.06,1.6,0.4,0.7,0.4,1.5,0.1,0.2,0.04,1,0.5,0.8,0.3,0.4,,
Brugmansia,brugmansia,Brugmansia,Solanaceae,Btr,genus,6,0.01,0.4,0.3,0.18,0.25,0.03,0.05,0.06,0.04,1.4,0.4,0.7,0.4,1.2,0.1,0.2,0.04,1,0.5,0.8,0.3,0.4,,
Buchenavia,buchenavia,Buchenavia,Combretaceae,Btr,genus,6,0.01,0.4,0.3,0.18,0.25,0.03,0.05,0.06,0.04,1.4,0.4,0.7,0.4,1.2,0.1,0.2,0.04,1,0.5,0.8,0.3,0.4,,
Bucida bursera,,Bucida,Combretaceae,Unknown,species,6,0.01,0.4,0.3,0.18,0.25,0.03,0.05,0.06,0.04,1.4,0.4,0.7,0.4,1.2,0.1,0.2,0.04,1,0.5,0.8,0.3,0.4,,
Bumelia,chittamwood gum bumelia,Bumelia,Sapotaceae,Btr,genus,6,0.01,0.4,0.3,0.18,0.25,0.03,0.05,0.06,0.04,1.4,0.4,0.7,0.4,1.2,0.1,0.2,0.04,1,0.5,0.8,0.3,0.4,,
Bumelia lanuginosa,chittamwood gum bumelia,Bumelia,Sapotaceae,Btr,species,6,0.003,0.2,0.2,0.1,0.15,0.03,0.05,0.06,0.04,1.6,0.4,0.7,0.4,1.2,0.1,0.2,0.04,1,0.5,0.8,0.3,0.4,,
Burkea africana,,Burkea,Fabaceae,Btr,species,6,0.01,0.4,0.3,0.18,0.25,0.03,0.05,0.06,0.04,1.4,0.4,0.7,0.4,1.2,0.1,0.2,0.04,1,0.5,0.8,0.3,0.4,,
Bursaria spinosa,,Bursaria,Pittosporaceae,Unknown,species,6,0.01,0.4,0.3,0.18,0.25,0.03,0.05,0.06,0.04,1.4,0.4,0.7,0.4,1.2,0.1,0.2,0.04,1,0.5,0.8,0.3,0.4,,
Bursera hindsiana,bursera,Bursera,Burseraceae,Btr,species,6,0.01,0.4,0.3,0.18,0.25,0.03,0.05,0.06,0.04,1.4,0.4,0.7,0.4,1.2,0.1,0.2,0.04,1,0.5,0.8,0.3,0.4,,
Bursera simaruba,gumbo limbo,Bursera,Burseraceae,Btr,species,6,0.01,0.4,0.3,0.18,0.25,0.03,0.05,0.06,0.04,1.4,0.4,0.7,0.4,1.2,0.1,0.2,0.04,1,0.5,0.8,0.3,0.4,,
Burseraceae,,Burseraceae,Burseraceae,Unknown,family,6,0.01,0.4,0.3,0.18,0.25,0.03,0.05,0.06,0.04,1.4,0.4,0.7,0.4,1.2,0.1,0.2,0.04,1,0.5,0.8,0.3,0.4,,
Butea monosperma,Bengal kino,Butea,Fabaceae,Unknown,species,6,0.01,0.4,0.3,0.18,0.25,0.03,0.05,0.06,0.04,1.4,0.4,0.7,0.4,1.2,0.1,0.2,0.04,1,0.5,0.8,0.3,0.4,,
Butia capitata,South American jelly palm,Butia,Arecaceae,Btr,species,6,0.01,0.4,0.3,0.18,0.25,0.03,0.05,0.06,0.04,1.4,0.4,0.7,0.4,1.2,0.1,0.2,0.04,1,0.5,0.8,0.3,0.4,,
Butyrospermum parkii,Shea,Butyrospermum,Sapotaceae,Btr,species,6,0.01,0.4,0.3,0.18,0.25,0.03,0.05,0.06,0.04,1.4,0.4,0.7,0.4,1.2,0.1,0.2,0.04,1,0.5,0.8,0.3,0.4,,
Buxus,common box,Buxus,Buxaceae,Btr,species,6,0.01,0.4,0.3,0.18,0.25,0.03,0.05,0.06,0.04,1.4,0.4,0.7,0.4,1.2,0.1,0.2,0.04,1,0.5,0.8,0.3,0.4,,
Buxus microphylla,littleleaf boxwood,Buxus,Buxaceae,Unknown,species,6,0.01,0.4,0.3,0.18,0.25,0.03,0.05,0.06,0.04,1.4,0.4,0.7,0.4,1.2,0.1,0.2,0.04,1,0.5,0.8,0.3,0.4,,
Buxus sempervirens,common box,Buxus,Buxaceae,Btr,species,6,0.01,0.4,0.3,0.18,0.25,0.03,0.05,0.06,0.04,1.4,0.4,0.7,0.4,1.2,0.1,0.2,0.04,1,0.5,0.8,0.3,0.4,,
Byrsonima crispa,,Byrsonima,Malpighiaceae,Unknown,species,6,0.01,0.4,0.3,0.18,0.25,0.03,0.05,0.06,0.04,1.4,0.4,0.7,0.4,1.2,0.1,0.2,0.04,1,0.5,0.8,0.3,0.4,,
Byrsonima duckeana,,Byrsonima,Malpighiaceae,Btr,species,6,0.01,0.4,0.3,0.18,0.25,0.03,0.05,0.06,0.04,1.4,0.4,0.7,0.4,1.2,0.1,0.2,0.04,1,0.5,0.8,0.3,0.4,,
Byrsonima lucida,Long Key locustberry,Byrsonima,Malpighiaceae,Btr,species,6,0.003,0.2,0.2,0.1,0.15,0.03,0.05,0.06,0.04,1.6,0.4,0.7,0.4,1.2,0.1,0.2,0.04,1,0.5,0.8,0.3,0.4,,
Cactaceae,,Cactaceae,Cactaceae,Unknown,family,6,0.01,0.4,0.3,0.18,0.25,0.03,0.05,0.06,0.04,1.4,0.4,0.7,0.4,1.2,0.1,0.2,0.04,1,0.5,0.8,0.3,0.4,,
Caesalpinia cacalaco,,Caesalpinia,Fabaceae,Btr,species,6,0.01,0.4,0.3,0.18,0.25,0.03,0.05,0.06,0.04,1.4,0.4,0.7,0.4,1.2,0.1,0.2,0.04,1,0.5,0.8,0.3,0.4,,
Caesalpinia cucullata,,Caesalpinia,Fabaceae,Unknown,species,6,0.01,0.4,0.3,0.18,0.25,0.03,0.05,0.06,0.04,1.4,0.4,0.7,0.4,1.2,0.1,0.2,0.04,1,0.5,0.8,0.3,0.4,,
Caesalpinia echinata,Brazilwood,Caesalpinia,Fabaceae,Unknown,species,6,0.01,0.4,0.3,0.18,0.25,0.03,0.05,0.06,0.04,1.4,0.4,0.7,0.4,1.2,0.1,0.2,0.04,1,0.5,0.8,0.3,0.4,,
Caesalpinia gilliesii,bird-of-paradise shrub,Caesalpinia,Fabaceae,Btr,species,6,0.01,0.4,0.3,0.18,0.25,0.03,0.05,0.06,0.04,1.4,0.4,0.7,0.4,1.2,0.1,0.2,0.04,1,0.5,0.8,0.3,0.4,,
Caesalpinia mezzoneuron,,Caesalpinia,Fabaceae,Btr,species,6,0.01,0.4,0.3,0.18,0.25,0.03,0.05,0.06,0.04,1.4,0.4,0.7,0.4,1.2,0.1,0.2,0.04,1,0.5,0.8,0.3,0.4,,
Caesalpinia sappan,sappanwood,Caesalpinia,Fabaceae,Unknown,species,6,0.01,0.4,0.3,0.18,0.25,0.03,0.05,0.06,0.04,1.4,0.4,0.7,0.4,1.2,0.1,0.2,0.04,1,0.5,0.8,0.3,0.4,,
Caesalpinia spinosa,spiny holdback,Caesalpinia,Fabaceae,Btr,species,6,0.01,0.4,0.3,0.18,0.25,0.03,0.05,0.06,0.04,1.4,0.4,0.7,0.4,1.2,0.1,0.2,0.04,1,0.5,0.8,0.3,0.4,,
Calamus gracilis,,Calamus,Arecaceae,Unknown,species,6,0.01,0.4,0.3,0.18,0.25,0.03,0.05,0.06,0.04,1.4,0.4,0.7,0.4,1.2,0.1,0.2,0.04,1,0.5,0.8,0.3,0.4,,
Calliandra haematocephala,stickpea,Calliandra,Fabaceae,Unknown,species,6,0.01,0.4,0.3,0.18,0.25,0.03,0.05,0.06,0.04,1.4,0.4,0.7,0.4,1.2,0.1,0.2,0.04,1,0.5,0.8,0.3,0.4,,
Calliandra tweedi,,Calliandra,Fabaceae,Btr,species,6,0.01,0.4,0.3,0.18,0.25,0.03,0.05,0.06,0.04,1.4,0.4,0.7,0.4,1.2,0.1,0.2,0.04,1,0.5,0.8,0.3,0.4,,
Callicarpa logifolia,,Callicarpa,Verbenaceae,Btr,species,6,0.01,0.4,0.3,0.18,0.25,0.03,0.05,0.06,0.04,1.4,0.4,0.7,0.4,1.2,0.1,0.2,0.04,1,0.5,0.8,0.3,0.4,,
Callistemon,bottlebrush,Callistemon,Myrtaceae,Btr,genus,6,0.01,0.4,0.3,0.18,0.25,0.03,0.05,0.06,0.04,1.4,0.4,0.7,0.4,1.2,0.1,0.2,0.04,1,0.5,0.8,0.3,0.4,,
Callistemon citrinus,crimson bottlebrush,Callistemon,Myrtaceae,Btr,species,6,0.01,0.4,0.3,0.18,0.25,0.03,0.05,0.06,0.04,1.4,0.4,0.7,0.4,1.2,0.1,0.2,0.04,1,0.5,0.8,0.3,0.4,,
Callistemon lanceolatus,,Callistemon,Myrtaceae,Unknown,species,6,0.01,0.4,0.3,0.18,0.25,0.03,0.05,0.06,0.04,1.4,0.4,0.7,0.4,1.2,0.1,0.2,0.04,1,0.5,0.8,0.3,0.4,,
Callistemon linearis,narrow-leaf bottlebrush,Callistemon,Myrtaceae,Unknown,species,6,0.01,0.4,0.3,0.18,0.25,0.03,0.05,0.06,0.04,1.4,0.4,0.7,0.4,1.2,0.1,0.2,0.04,1,0.5,0.8,0.3,0.4,,
Callistemon rigidis,,Callistemon,Myrtaceae,Unknown,species,6,0.01,0.4,0.3,0.18,0.25,0.03,0.05,0.06,0.04,1.4,0.4,0.7,0.4,1.2,0.1,0.2,0.04,1,0.5,0.8,0.3,0.4,,
Callistemon rigidus,bottlebrush,Callistemon,Myrtaceae,Unknown,species,6,0.01,0.4,0.3,0.18,0.25,0.03,0.05,0.06,0.04,1.4,0.4,0.7,0.4,1.2,0.1,0.2,0.04,1,0.5,0.8,0.3,0.4,,
Callistemon salignus,stonewood,Callistemon,Myrtaceae,Unknown,species,6,0.01,0.4,0.3,0.18,0.25,0.03,0.05,0.06,0.04,1.4,0.4,0.7,0.4,1.2,0.1,0.2,0.04,1,0.5,0.8,0.3,0.4,,
Callistemon teretifolius,,Callistemon,Myrtaceae,Unknown,species,6,0.01,0.4,0.3,0.18,0.25,0.03,0.05,0.06,0.04,1.4,0.4,0.7,0.4,1.2,0.1,0.2,0.04,1,0.5,0.8,0.3,0.4,,
Callistemon viminalis,weeping bottlebrush,Callistemon,Myrtaceae,Unknown,species,6,0.01,0.4,0.3,0.18,0.25,0.03,0.05,0.06,0.04,1.4,0.4,0.7,0.4,1.2,0.1,0.2,0.04,1,0.5,0.8,0.3,0.4,,
Callitris,Cypress-pine,Callitris,Cupressaceae,Ntr,genus,0.003,0.003,0.4,0.05,0.15,0.2,0.03,0.05,0.09,0.06,1.6,0.4,0.7,0.4,1.5,0.1,0.2,0.04,1,0.5,0.8,0.3,0.4,,
Callitris propinqua,,Callitris,Cupressaceae,Unknown,species,6,0.01,0.4,0.3,0.18,0.25,0.03,0.05,0.06,0.04,1.4,0.4,0.7,0.4,1.2,0.1,0.2,0.04,1,0.5,0.8,0.3,0.4,,
Calluna vulgaris,heather,Calluna,Ericaceae,Shrub,species,6,0.01,0.4,0.3,0.18,0.25,0.03,0.05,0.06,0.04,1.4,0.4,0.7,0.4,1.2,0.1,0.2,0.04,1,0.5,0.8,0.3,0.4,,
Calocedrus,incense cedar,Calocedrus,Cupressaceae,Ntr,genus,0.003,0.003,0.4,0.05,0.15,0.2,0.03,0.05,0.09,0.06,1.6,0.4,0.7,0.4,1.5,0.1,0.2,0.04,1,0.5,0.8,0.3,0.4,,
Calocedrus decurrens,incense cedar,Calocedrus,Cupressaceae,Ntr,species,0.003,0.003,0.4,0.05,0.15,0.2,0.03,0.05,0.09,0.06,1.6,0.4,0.7,0.4,1.5,0.1,0.2,0.04,1,0.5,0.8,0.3,0.4,,
Calodendrum capense,Cape-chestnut,Calodendrum,Rutaceae,Unknown,species,6,0.01,0.4,0.3,0.18,0.25,0.03,0.05,0.06,0.04,1.4,0.4,0.7,0.4,1.2,0.1,0.2,0.04,1,0.5,0.8,0.3,0.4,,
Caloncoba welwitschii,,Caloncoba,Flacourtiaceae,Unknown,species,6,0.01,0.4,0.3,0.18,0.25,0.03,0.05,0.06,0.04,1.4,0.4,0.7,0.4,1.2,0.1,0.2,0.04,1,0.5,0.8,0.3,0.4,,
Calophyllum inophyllum,Alexandrian laurel,Calophyllum,Clusiaceae,Btr,species,6,0.01,0.4,0.3,0.18,0.25,0.03,0.05,0.06,0.04,1.4,0.4,0.7,0.4,1.2,0.1,0.2,0.04,1,0.5,0.8,0.3,0.4,,
Calophyllum longifolium,,Calophyllum,Clusiaceae,Unknown,species,6,0.01,0.4,0.3,0.18,0.25,0.03,0.05,0.06,0.04,1.4,0.4,0.7,0.4,1.2,0.1,0.2,0.04,1,0.5,0.8,0.3,0.4,,
Calpurnia aurea,,Calpurnia,Fabaceae,Btr,species,6,0.01,0.4,0.3,0.18,0.25,0.03,0.05,0.06,0.04,1.4,0.4,0.7,0.4,1.2,0.1,0.2,0.04,1,0.5,0.8,0.3,0.4,,
Calycanthus floridus,eastern sweetshrub,Calycanthus,Calycanthaceae,Shrub,species,6,0.01,0.4,0.3,0.18,0.25,0.03,0.05,0.06,0.04,1.4,0.4,0.7,0.4,1.2,0.1,0.2,0.04,1,0.5,0.8,0.3,0.4,,
Calycophyllum candidissimum,degame,Calycophyllum,Rubiaceae,Btr,species,6,0.01,0.4,0.3,0.18,0.25,0.03,0.05,0.06,0.04,1.4,0.4,0.7,0.4,1.2,0.1,0.2,0.04,1,0.5,0.8,0.3,0.4,,
Camellia forrestii,,Camellia,Theaceae,Unknown,species,6,0.01,0.4,0.3,0.18,0.25,0.03,0.05,0.06,0.04,1.4,0.4,0.7,0.4,1.2,0.1,0.2,0.04,1,0.5,0.8,0.3,0.4,,
Camellia japonica,camellia,Camellia,Theaceae,Btr,species,6,0.01,0.4,0.3,0.18,0.25,0.03,0.05,0.06,0.04,1.4,0.4,0.7,0.4,1.2,0.1,0.2,0.04,1,0.5,0.8,0.3,0.4,,
Camellia kissi,,Camellia,Theaceae,Unknown,species,6,0.01,0.4,0.3,0.18,0.25,0.03,0.05,0.06,0.04,1.4,0.4,0.7,0.4,1.2,0.1,0.2,0.04,1,0.5,0.8,0.3,0.4,,
Camellia sinensis,tea,Camellia,Theaceae,Btr,species,6,0.01,0.4,0.3,0.18,0.25,0.03,0.05,0.06,0.04,1.4,0.4,0.7,0.4,1.2,0.1,0.2,0.04,1,0.5,0.8,0.3,0.4,,
Canthium horridum,,Canthium,Rubiaceae,Unknown,species,6,0.01,0.4,0.3,0.18,0.25,0.03,0.05,0.06,0.04,1.4,0.4,0.7,0.4,1.2,0.1,0.2,0.04,1,0.5,0.8,0.3,0.4,,
Capparaceae,,Capparaceae,Capparaceae,Unknown,family,6,0.01,0.4,0.3,0.18,0.25,0.03,0.05,0.06,0.04,1.4,0.4,0.7,0.4,1.2,0.1,0.2,0.04,1,0.5,0.8,0.3,0.4,,
Capparis cyanophollophora,,Capparis,Capparaceae,Unknown,species,6,0.01,0.4,0.3,0.18,0.25,0.03,0.05,0.06,0.04,1.4,0.4,0.7,0.4,1.2,0.1,0.2,0.04,1,0.5,0.8,0.3,0.4,,
Capparis indica,linguam,Capparis,Capparaceae,Btr,species,6,0.01,0.4,0.3,0.18,0.25,0.03,0.05,0.06,0.04,1.4,0.4,0.7,0.4,1.2,0.1,0.2,0.04,1,0.5,0.8,0.3,0.4,,
Caragana arborescens,Siberian peashrub,Caragana,Fabaceae,Btr,species,6,0.01,0.4,0.3,0.18,0.25,0.03,0.05,0.06,0.04,1.4,0.4,0.7,0.4,1.2,0.1,0.2,0.04,1,0.5,0.8,0.3,0.4,,
Caragana maximowicziana,,Caragana,Fabaceae,Unknown,species,6,0.01,0.4,0.3,0.18,0.25,0.03,0.05,0.06,0.04,1.4,0.4,0.7,0.4,1.2,0.1,0.2,0.04,1,0.5,0.8,0.3,0.4,,
Caragana pekinensis,,Caragana,Fabaceae,Unknown,species,6,0.01,0.4,0.3,0.18,0.25,0.03,0.05,0.06,0.04,1.4,0.4,0.7,0.4,1.2,0.1,0.2,0.04,1,0.5,0.8,0.3,0.4,,
Carallia brachiata,,Carallia,Rhizophoraceae,Unknown,species,6,0.01,0.4,0.3,0.18,0.25,0.03,0.05,0.06,0.04,1.4,0.4,0.7,0.4,1.2,0.1,0.2,0.04,1,0.5,0.8,0.3,0.4,,
Carallia lancaefolia,,Carallia,Rhizophoraceae,Unknown,species,6,0.01,0.4,0.3,0.18,0.25,0.03,0.05,0.06,0.04,1.4,0.4,0.7,0.4,1.2,0.1,0.2,0.04,1,0.5,0.8,0.3,0.4,,
Carapa guianensis,crabwood,Carapa,Meliaceae,Unknown,species,6,0.01,0.4,0.3,0.18,0.25,0.03,0.05,0.06,0.04,1.4,0.4,0.7,0.4,1.2,0.1,0.2,0.04,1,0.5,0.8,0.3,0.4,,
Carica papaya,papaya,Carica,Caricaceae,Btr,species,6,0.01,0.4,0.3,0.18,0.25,0.03,0.05,0.06,0.04,1.4,0.4,0.7,0.4,1.2,0.1,0.2,0.04,1,0.5,0.8,0.3,0.4,,
Caricaceae,,Caricaceae,Caricaceae,Unknown,family,6,0.01,0.4,0.3,0.18,0.25,0.03,0.05,0.06,0.04,1.4,0.4,0.7,0.4,1.2,0.1,0.2,0.04,1,0.5,0.8,0.3,0.4,,
Carissa bispilowsa,,Carissa,Apocynaceae,Unknown,species,6,0.01,0.4,0.3,0.18,0.25,0.03,0.05,0.06,0.04,1.4,0.4,0.7,0.4,1.2,0.1,0.2,0.04,1,0.5,0.8,0.3,0.4,,
Carissa edulis,Egyptian carissa,Carissa,Apocynaceae,Unknown,species,6,0.01,0.4,0.3,0.18,0.25,0.03,0.05,0.06,0.04,1.4,0.4,0.7,0.4,1.2,0.1,0.2,0.04,1,0.5,0.8,0.3,0.4,,
Carissa macrocarpa,amatungulu,Carissa,Apocynaceae,Btr,species,6,0.01,0.4,0.3,0.18,0.25,0.03,0.05,0.06,0.04,1.4,0.4,0.7,0.4,1.2,0.1,0.2,0.04,1,0.5,0.8,0.3,0.4,,
Carludovica insignis,,Carludovica,Cyclanthaceae,Unknown,species,6,0.01,0.4,0.3,0.18,0.25,0.03,0.05,0.06,0.04,1.4,0.4,0.7,0.4,1.2,0.1,0.2,0.04,1,0.5,0.8,0.3,0.4,,
Carludovica palmata,Panama hat plant,Carludovica,Cyclanthaceae,Herb,species,6,0.01,0.4,0.3,0.18,0.25,0.03,0.05,0.06,0.04,1.4,0.4,0.7,0.4,1.2,0.1,0.2,0.04,1,0.5,0.8,0.3,0.4,,
Carpenteria californica,tree anemone,Carpenteria,Hydrangeaceae,Shrub,species,6,0.01,0.4,0.3,0.18,0.25,0.03,0.05,0.06,0.04,1.4,0.4,0.7,0.4,1.2,0.1,0.2,0.04,1,0.5,0.8,0.3,0.4,,
Carpinus,hornbeam,Carpinus,Betulaceae,Btr,genus,6,0.01,0.4,0.3,0.18,0.25,0.03,0.05,0.06,0.04,1.4,0.4,0.7,0.4,1.2,0.1,0.2,0.04,1,0.5,0.8,0.3,0.4,,
Carpinus betulus,European hornbeam,Carpinus,Betulaceae,Btr,species,6,0.01,0.4,0.3,0.18,0.25,0.03,0.05,0.06,0.04,1.4,0.4,0.7,0.4,1.2,0.1,0.2,0.04,1,0.5,0.8,0.3,0.4,,
Carpinus caroliniana,American hornbeam,Carpinus,Betulaceae,Btr,species,0.003,0.003,0.02,0.02,0.1,0.9,0.03,0.05,0.06,0.04,1.6,0.4,0.7,0.4,1.2,0.1,0.2,0.04,1,0.5,0.8,0.3,0.4,,
Carpinus cordata,,Carpinus,Betulaceae,Unknown,species,0.003,0.003,0.02,0.02,0.1,0.9,0.03,0.05,0.06,0.04,1.6,0.4,0.7,0.4,1.2,0.1,0.2,0.04,1,0.5,0.8,0.3,0.4,,
Carpinus orientalis,,Carpinus,Betulaceae,Btr,species,0.003,0.003,0.02,0.02,0.1,0.9,0.03,0.05,0.06,0.04,1.6,0.4,0.7,0.4,1.2,0.1,0.2,0.04,1,0.5,0.8,0.3,0.4,,
Carpinus tschonoskii,,Carpinus,Betulaceae,Unknown,species,0.003,0.003,0.02,0.02,0.1,0.9,0.03,0.05,0.06,0.04,1.6,0.4,0.7,0.4,1.2,0.1,0.2,0.04,1,0.5,0.8,0.3,0.4,,
Carthamus tinctorius,safflower,Carthamus,Asteraceae,Herb,species,6,0.01,0.4,0.3,0.18,0.25,0.03,0.05,0.06,0.04,1.4,0.4,0.7,0.4,1.2,0.1,0.2,0.04,1,0.5,0.8,0.3,0.4,,
Carya,hickory,Carya,Juglandaceae,Btr,genus,0.003,0.003,0.4,0.08,0.3,0.6,0.03,0.05,0.06,0.04,1.6,0.4,0.7,0.4,1.2,0.1,0.2,0.04,1,0.5,0.8,0.3,0.4,,
Carya aquatica,water hickory,Carya,Juglandaceae,Btr,species,0.003,0.003,0.4,0.08,0.3,0.6,0.03,0.05,0.06,0.04,1.6,0.4,0.7,0.4,1.2,0.1,0.2,0.04,1,0.5,0.8,0.3,0.4,,
Carya cordiformis,bitternut hickory,Carya,Juglandaceae,Btr,species,0.003,0.003,0.4,0.08,0.3,0.6,0.03,0.05,0.06,0.04,1.6,0.4,0.7,0.4,1.2,0.1,0.2,0.04,1,0.5,0.8,0.3,0.4,,
Carya glabra,pignut hickory,Carya,Juglandaceae,Btr,species,0.003,0.003,0.4,0.08,0.3,0.6,0.03,0.05,0.06,0.04,1.6,0.4,0.7,0.4,1.2,0.1,0.2,0.04,1,0.5,0.8,0.3,0.4,,
Carya illinoensis,,Carya,Juglandaceae,Unknown,species,0.003,0.003,0.4,0.08,0.3,0.6,0.03,0.05,0.06,0.04,1.6,0.4,0.7,0.4,1.2,0.1,0.2,0.04,1,0.5,0.8,0.3,0.4,,
Carya illinoinensis,pecan,Carya,Juglandaceae,Btr,species,0.003,0.003,0.4,0.08,0.3,0.6,0.03,0.05,0.06,0.04,1.6,0.4,0.7,0.4,1.2,0.1,0.2,0.04,1,0.5,0.8,0.3,0.4,,
Carya laciniosa,shellbark hickory,Carya,Juglandaceae,Btr,species,0.003,0.003,0.4,0.08,0.3,0.6,0.03,0.05,0.06,0.04,1.6,0.4,0.7,0.4,1.2,0.1,0.2,0.04,1,0.5,0.8,0.3,0.4,,
Carya ovata,shagbark hickory,Carya,Juglandaceae,Btr,species,0.003,0.003,0.4,0.08,0.3,0.6,0.03,0.05,0.06,0.04,1.6,0.4,0.7,0.4,1.2,0.1,0.2,0.04,1,0.5,0.8,0.3,0.4,,
Carya texana,black hickory,Carya,Juglandaceae,Btr,species,0.003,0.003,0.4,0.08,0.3,0.6,0.03,0.05,0.06,0.04,1.6,0.4,0.7,0.4,1.2,0.1,0.2,0.04,1,0.5,0.8,0.3,0.4,,
Carya tomentosa,,Carya,Juglandaceae,Btr,species,0.003,0.003,0.4,0.08,0.3,0.6,0.03,0.05,0.06,0.04,1.6,0.4,0.7,0.4,1.2,0.1,0.2,0.04,1,0.5,0.8,0.3,0.4,,
Caryophyllaceae,,Caryophyllaceae,Caryophyllaceae,Unknown,family,6,0.01,0.4,0.3,0.18,0.25,0.03,0.05,0.06,0.04,1.4,0.4,0.7,0.4,1.2,0.1,0.2,0.04,1,0.5,0.8,0.3,0.4,,
Caryota mitis,Burmese fishtail palm,Caryota,Arecaceae,Btr,species,6,0.01,0.4,0.3,0.18,0.25,0.03,0.05,0.06,0.04,1.4,0.4,0.7,0.4,1.2,0.1,0.2,0.04,1,0.5,0.8,0.3,0.4,,
Caryota monostachys,,Caryota,Arecaceae,Unknown,species,6,0.01,0.4,0.3,0.18,0.25,0.03,0.05,0.06,0.04,1.4,0.4,0.7,0.4,1.2,0.1,0.2,0.04,1,0.5,0.8,0.3,0.4,,
Caryota ochlandra,,Caryota,Arecaceae,Unknown,species,6,0.01,0.4,0.3,0.18,0.25,0.03,0.05,0.06,0.04,1.4,0.4,0.7,0.4,1.2,0.1,0.2,0.04,1,0.5,0.8,0.3,0.4,,
Caryota urens,jaggery palm,Caryota,Arecaceae,Btr,species,6,0.01,0.4,0.3,0.18,0.25,0.03,0.05,0.06,0.04,1.4,0.4,0.7,0.4,1.2,0.1,0.2,0.04,1,0.5,0.8,0.3,0.4,,
Cascabela thevetia,luckynut,Cascabela,Apocynaceae,Btr,species,6,0.01,0.4,0.3,0.18,0.25,0.03,0.05,0.06,0.04,1.4,0.4,0.7,0.4,1.2,0.1,0.2,0.04,1,0.5,0.8,0.3,0.4,,
Casearia decandra,wild honeytree,Casearia,Flacourtiaceae,Btr,species,6,0.01,0.4,0.3,0.18,0.25,0.03,0.05,0.06,0.04,1.4,0.4,0.7,0.4,1.2,0.1,0.2,0.04,1,0.5,0.8,0.3,0.4,,
Casearia rusbiana,,Casearia,Flacourtiaceae,Unknown,species,6,0.01,0.4,0.3,0.18,0.25,0.03,0.05,0.06,0.04,1.4,0.4,0.7,0.4,1.2,0.1,0.2,0.04,1,0.5,0.8,0.3,0.4,,
Casimiroa edulis,white sapote,Casimiroa,Rutaceae,Unknown,species,6,0.01,0.4,0.3,0.18,0.25,0.03,0.05,0.06,0.04,1.4,0.4,0.7,0.4,1.2,0.1,0.2,0.04,1,0.5,0.8,0.3,0.4,,
Cassia abbreviata,long-pod-cassia,Cassia,Fabaceae,Unknown,species,0.05,0.003,0.03,0.03,0.015,0.015,0.03,0.05,0.005,0.01,1.4,0.4,0.7,0.4,1.2,0.1,0.2,0.04,1,0.5,0.8,0.3,0.4,,
Cassia alata,,Cassia,Fabaceae,Unknown,species,0.05,0.003,0.03,0.03,0.015,0.015,0.03,0.05,0.005,0.01,1.4,0.4,0.7,0.4,1.2,0.1,0.2,0.04,1,0.5,0.8,0.3,0.4,,
Cassia artemisioides,,Cassia,Fabaceae,Unknown,species,0.05,0.003,0.03,0.03,0.015,0.015,0.03,0.05,0.005,0.01,1.4,0.4,0.7,0.4,1.2,0.1,0.2,0.04,1,0.5,0.8,0.3,0.4,,
Cassia eremophila,,Cassia,Fabaceae,Unknown,species,0.05,0.003,0.03,0.03,0.015,0.015,0.03,0.05,0.005,0.01,1.4,0.4,0.7,0.4,1.2,0.1,0.2,0.04,1,0.5,0.8,0.3,0.4,,
Cassia fasciculata,,Cassia,Fabaceae,Btr,species,0.05,0.003,0.03,0.03,0.015,0.015,0.03,0.05,0.005,0.01,1.6,0.4,0.7,0.4,1.2,0.1,0.2,0.04,1,0.5,0.8,0.3,0.4,,
Cassia leptophylla,,Cassia,Fabaceae,Unknown,species,0.05,0.003,0.03,0.03,0.015,0.015,0.03,0.05,0.005,0.01,1.4,0.4,0.7,0.4,1.2,0.1,0.2,0.04,1,0.5,0.8,0.3,0.4,,
Cassia nemophila,,Cassia,Fabaceae,Unknown,species,0.05,0.003,0.03,0.03,0.015,0.015,0.03,0.05,0.005,0.01,1.4,0.4,0.7,0.4,1.2,0.1,0.2,0.04,1,0.5,0.8,0.3,0.4,,
Cassia nictitans,,Cassia,Fabaceae,Btr,species,0.05,0.003,0.03,0.03,0.015,0.015,0.03,0.05,0.005,0.01,1.6,0.4,0.7,0.4,1.2,0.1,0.2,0.04,1,0.5,0.8,0.3,0.4,,
Cassia siamea,,Cassia,Fabaceae,Unknown,species,0.05,0.003,0.03,0.03,0.015,0.015,0.03,0.05,0.005,0.01,1.4,0.4,0.7,0.4,1.2,0.1,0.2,0.04,1,0.5,0.8,0.3,0.4,,
Cassia splendida,,Cassia,Fabaceae,Btr,species,0.05,0.003,0.03,0.03,0.015,0.015,0.03,0.05,0.005,0.01,1.4,0.4,0.7,0.4,1.2,0.1,0.2,0.04,1,0.5,0.8,0.3,0.4,,
Cassine aethiopica,,Cassine,Celastraceae,Unknown,species,0.05,0.003,0.03,0.03,0.015,0.015,0.03,0.05,0.005,0.01,1.4,0.4,0.7,0.4,1.2,0.1,0.2,0.04,1,0.5,0.8,0.3,0.4,,
Cassine transvaalensis,,Cassine,Celastraceae,Unknown,species,6,0.01,0.4,0.3,0.18,0.25,0.03,0.05,0.06,0.04,1.4,0.4,0.7,0.4,1.2,0.1,0.2,0.04,1,0.5,0.8,0.3,0.4,,
Castanea dentata,American chestnut,Castanea,Fagaceae,Btr,species,0.003,0.003,0.3,0.3,0.2,0.2,0.03,0.05,0.06,0.04,1.6,0.4,0.7,0.4,1.2,0.1,0.2,0.04,1,0.5,0.8,0.3,0.4,,
Castanea mollissima,Chinese chestnut,Castanea,Fagaceae,Btr,species,0.003,0.003,0.3,0.3,0.2,0.2,0.03,0.05,0.06,0.04,1.6,0.4,0.7,0.4,1.2,0.1,0.2,0.04,1,0.5,0.8,0.3,0.4,,
Castanea pumila,chinkapin,Castanea,Fagaceae,Btr,species,0.003,0.003,0.3,0.3,0.2,0.2,0.03,0.05,0.06,0.04,1.6,0.4,0.7,0.4,1.2,0.1,0.2,0.04,1,0.5,0.8,0.3,0.4,,
Castanea sativa,European chestnut,Castanea,Fagaceae,Btr,species,0.003,0.003,0.3,0.3,0.2,0.2,0.03,0.05,0.06,0.04,1.6,0.4,0.7,0.4,1.2,0.1,0.2,0.04,1,0.5,0.8,0.3,0.4,,
Castanopis cuspidada,,Castanopsis,Fagaceae,Unknown,species,0.003,0.003,0.3,0.3,0.2,0.2,0.03,0.05,0.06,0.04,1.6,0.4,0.7,0.4,1.2,0.1,0.2,0.04,1,0.5,0.8,0.3,0.4,,
Castanopis fissa,,Castanopsis,Fagaceae,Unknown,species,0.003,0.003,0.3,0.3,0.2,0.2,0.03,0.05,0.06,0.04,1.6,0.4,0.7,0.4,1.2,0.1,0.2,0.04,1,0.5,0.8,0.3,0.4,,
Castanopsis,,Castanopsis,Fagaceae,Unknown,genus,0.003,0.003,0.3,0.3,0.2,0.2,0.03,0.05,0.06,0.04,1.6,0.4,0.7,0.4,1.2,0.1,0.2,0.04,1,0.5,0.8,0.3,0.4,,
Castanopsis calathiformis,,Castanopsis,Fagaceae,Unknown,species,0.003,0.003,0.3,0.3,0.2,0.2,0.03,0.05,0.06,0.04,1.6,0.4,0.7,0.4,1.2,0.1,0.2,0.04,1,0.5,0.8,0.3,0.4,,
Castanopsis chinensis,,Castanopsis,Fagaceae,Unknown,species,0.003,0.003,0.3,0.3,0.2,0.2,0.03,0.05,0.06,0.04,1.6,0.4,0.7,0.4,1.2,0.1,0.2,0.04,1,0.5,0.8,0.3,0.4,,
Castanopsis chrysophylla,,Castanopsis,Fagaceae,Unknown,species,0.003,0.003,0.3,0.3,0.2,0.2,0.03,0.05,0.06,0.04,1.6,0.4,0.7,0.4,1.2,0.1,0.2,0.04,1,0.5,0.8,0.3,0.4,,
Castanopsis hystrix,,Castanopsis,Fagaceae,Unknown,species,0.003,0.003,0.3,0.3,0.2,0.2,0.03,0.05,0.06,0.04,1.6,0.4,0.7,0.4,1.2,0.1,0.2,0.04,1,0.5,0.8,0.3,0.4,,
Castanopsis inidica,,Castanopsis,Fagaceae,Unknown,species,0.003,0.003,0.3,0.3,0.2,0.2,0.03,0.05,0.06,0.04,1.6,0.4,0.7,0.4,1.2,0.1,0.2,0.04,1,0.5,0.8,0.3,0.4,,
Castanopsis mekongensis,,Castanopsis,Fagaceae,Unknown,species,0.003,0.003,0.3,0.3,0.2,0.2,0.03,0.05,0.06,0.04,1.6,0.4,0.7,0.4,1.2,0.1,0.2,0.04,1,0.5,0.8,0.3,0.4,,
Castanopsis orthocantha,,Castanopsis,Fagaceae,Unknown,species,0.003,0.003,0.3,0.3,0.2,0.2,0.03,0.05,0.06,0.04,1.6,0.4,0.7,0.4,1.2,0.1,0.2,0.04,1,0.5,0.8,0.3,0.4,,
Castanopsis sempervirens,,Castanopsis,Fagaceae,Unknown,species,0.003,0.003,0.3,0.3,0.2,0.2,0.03,0.05,0.06,0.04,1.6,0.4,0.7,0.4,1.2,0.1,0.2,0.04,1,0.5,0.8,0.3,0.4,,
Castanopsis wattii,,Castanopsis,Fagaceae,Unknown,species,0.003,0.003,0.3,0.3,0.2,0.2,0.03,0.05,0.06,0.04,1.6,0.4,0.7,0.4,1.2,0.1,0.2,0.04,1,0.5,0.8,0.3,0.4,,
Castanospermum australe,,Castanospermum,Fabaceae,Btr,species,6,0.01,0.4,0.3,0.18,0.25,0.03,0.05,0.06,0.04,1.4,0.4,0.7,0.4,1.2,0.1,0.2,0.04,1,0.5,0.8,0.3,0.4,,
Castilla elastica,Panama rubbertree,Castilla,Moraceae,Btr,species,6,0.01,0.4,0.3,0.18,0.25,0.03,0.05,0.06,0.04,1.4,0.4,0.7,0.4,1.2,0.1,0.2,0.04,1,0.5,0.8,0.3,0.4,,
Casuarina,sheoak,Casuarina,Casuarinaceae,Btr,genus,8,0.01,0.4,0.3,0.18,0.25,0.03,0.05,0.06,0.04,1.4,0.4,0.7,0.4,1.2,0.1,0.2,0.04,1,0.5,0.8,0.3,0.4,,
Casuarina cunninghamiana,river sheoak,Casuarina,Casuarinaceae,Btr,species,8,0.01,0.4,0.3,0.18,0.25,0.03,0.05,0.06,0.04,1.4,0.4,0.7,0.4,1.2,0.1,0.2,0.04,1,0.5,0.8,0.3,0.4,,
Casuarina equisetfolia,,Casuarina,Casuarinaceae,Btr,species,8,0.01,0.4,0.3,0.18,0.25,0.03,0.05,0.06,0.04,1.4,0.4,0.7,0.4,1.2,0.1,0.2,0.04,1,0.5,0.8,0.3,0.4,,
Casuarina equisetifolia,beach sheoak,Casuarina,Casuarinaceae,Btr,species,8,0.01,0.4,0.3,0.18,0.25,0.03,0.05,0.06,0.04,1.4,0.4,0.7,0.4,1.2,0.1,0.2,0.04,1,0.5,0.8,0.3,0.4,,
Casuarina stricta,,Casuarina,Casuarinaceae,Btr,species,8,0.01,0.4,0.3,0.18,0.25,0.03,0.05,0.06,0.04,1.4,0.4,0.7,0.4,1.2,0.1,0.2,0.04,1,0.5,0.8,0.3,0.4,,
Casuarinaceae,,Casuarinaceae,Casuarinaceae,Unknown,family,8,0.01,0.4,0.3,0.18,0.25,0.03,0.05,0.06,0.04,1.4,0.4,0.7,0.4,1.2,0.1,0.2,0.04,1,0.5,0.8,0.3,0.4,,
Catalpa,catalpa,Catalpa,Bignoniaceae,Btr,genus,0.003,0.003,0.07,0.1,0.05,0.06,0.03,0.05,0.06,0.04,1.6,0.4,0.7,0.4,1.2,0.1,0.2,0.04,1,0.5,0.8,0.3,0.4,,
Catalpa bignonioides,southern catalpa,Catalpa,Bignoniaceae,Btr,species,0.003,0.003,0.07,0.1,0.05,0.06,0.03,0.05,0.06,0.04,1.6,0.4,0.7,0.4,1.2,0.1,0.2,0.04,1,0.5,0.8,0.3,0.4,,
Catalpa erubescens,catalpa,Catalpa,Bignoniaceae,Btr,species,0.003,0.003,0.07,0.1,0.05,0.06,0.03,0.05,0.06,0.04,1.6,0.4,0.7,0.4,1.2,0.1,0.2,0.04,1,0.5,0.8,0.3,0.4,,
Catalpa speciosa,northern catalpa,Catalpa,Bignoniaceae,Btr,species,0.003,0.003,0.07,0.1,0.05,0.06,0.03,0.05,0.06,0.04,1.6,0.4,0.7,0.4,1.2,0.1,0.2,0.04,1,0.5,0.8,0.3,0.4,,
Catha edulis,khat,Catha,Celastraceae,Unknown,species,6,0.01,0.4,0.3,0.18,0.25,0.03,0.05,0.06,0.04,1.4,0.4,0.7,0.4,1.2,0.1,0.2,0.04,1,0.5,0.8,0.3,0.4,,
Ceanothus arboreus,feltleaf ceanothus,Ceanothus,Rhamnaceae,Btr,species,6,0.01,0.4,0.3,0.18,0.25,0.03,0.05,0.06,0.04,1.4,0.4,0.7,0.4,1.2,0.1,0.2,0.04,1,0.5,0.8,0.3,0.4,,
Ceanothus arnborescens,,Ceanothus,Rhamnaceae,Unknown,species,6,0.01,0.4,0.3,0.18,0.25,0.03,0.05,0.06,0.04,1.4,0.4,0.7,0.4,1.2,0.1,0.2,0.04,1,0.5,0.8,0.3,0.4,,
Ceanothus crassifolius,hoaryleaf ceanothus,Ceanothus,Rhamnaceae,Shrub,species,6,0.01,0.4,0.3,0.18,0.25,0.03,0.05,0.06,0.04,1.4,0.4,0.7,0.4,1.2,0.1,0.2,0.04,1,0.5,0.8,0.3,0.4,,
Ceanothus cuneatus,buckbrush,Ceanothus,Rhamnaceae,Shrub,species,6,0.01,0.4,0.3,0.18,0.25,0.03,0.05,0.06,0.04,1.4,0.4,0.7,0.4,1.2,0.1,0.2,0.04,1,0.5,0.8,0.3,0.4,,
Ceanothus greggii,desert ceanothus,Ceanothus,Rhamnaceae,Shrub,species,6,0.01,0.4,0.3,0.18,0.25,0.03,0.05,0.06,0.04,1.4,0.4,0.7,0.4,1.2,0.1,0.2,0.04,1,0.5,0.8,0.3,0.4,,
Ceanothus leucodermis,chaparral whitethorn,Ceanothus,Rhamnaceae,Shrub,species,6,0.01,0.4,0.3,0.18,0.25,0.03,0.05,0.06,0.04,1.4,0.4,0.7,0.4,1.2,0.1,0.2,0.04,1,0.5,0.8,0.3,0.4,,
Ceanothus maritimus,maritime ceanothus,Ceanothus,Rhamnaceae,Shrub,species,6,0.01,0.4,0.3,0.18,0.25,0.03,0.05,0.06,0.04,1.4,0.4,0.7,0.4,1.2,0.1,0.2,0.04,1,0.5,0.8,0.3,0.4,,
Ceanothus spinosus,redheart,Ceanothus,Rhamnaceae,Btr,species,6,0.01,0.4,0.3,0.18,0.25,0.03,0.05,0.06,0.04,1.4,0.4,0.7,0.4,1.2,0.1,0.2,0.04,1,0.5,0.8,0.3,0.4,,
Cecropia,pumpwood,Cecropia,Cecropiaceae,Btr,genus,6,0.01,0.4,0.3,0.18,0.25,0.03,0.05,0.06,0.04,1.4,0.4,0.7,0.4,1.2,0.1,0.2,0.04,1,0.5,0.8,0.3,0.4,,
Cecropia longipes,,Cecropia,Cecropiaceae,Unknown,species,6,0.01,0.4,0.3,0.18,0.25,0.03,0.05,0.06,0.04,1.4,0.4,0.7,0.4,1.2,0.1,0.2,0.04,1,0.5,0.8,0.3,0.4,,
Cecropia obtusifolia,trumpet tree,Cecropia,Cecropiaceae,Btr,species,6,0.01,0.4,0.3,0.18,0.25,0.03,0.05,0.06,0.04,1.4,0.4,0.7,0.4,1.2,0.1,0.2,0.04,1,0.5,0.8,0.3,0.4,,
Cecropia peltata,,Cecropia,Cecropiaceae,Unknown,species,6,0.01,0.4,0.3,0.18,0.25,0.03,0.05,0.06,0.04,1.4,0.4,0.7,0.4,1.2,0.1,0.2,0.04,1,0.5,0.8,0.3,0.4,,
Cecropia sciadophylla,,Cecropia,Cecropiaceae,Unknown,species,6,0.01,0.4,0.3,0.18,0.25,0.03,0.05,0.06,0.04,1.4,0.4,0.7,0.4,1.2,0.1,0.2,0.04,1,0.5,0.8,0.3,0.4,,
Cedrus,cedar,Cedrus,Pinaceae,Ntr,genus,6,0.01,0.4,0.3,0.18,0.25,0.03,0.05,0.06,0.04,1.4,0.4,0.7,0.4,1.2,0.1,0.2,0.04,1,0.5,0.8,0.3,0.4,,
Cedrus atlantica,,Cedrus,Pinaceae,Unknown,species,6,0.01,0.4,0.3,0.18,0.25,0.03,0.05,0.06,0.04,1.4,0.4,0.7,0.4,1.2,0.1,0.2,0.04,1,0.5,0.8,0.3,0.4,,
Cedrus deodara,Deodar cedar,Cedrus,Pinaceae,Ntr,species,6,0.01,0.4,0.3,0.18,0.25,0.03,0.05,0.06,0.04,1.4,0.4,0.7,0.4,1.2,0.1,0.2,0.04,1,0.5,0.8,0.3,0.4,,
Cedrus libani,,Cedrus,Pinaceae,Ntr,species,6,0.01,0.4,0.3,0.18,0.25,0.03,0.05,0.06,0.04,1.4,0.4,0.7,0.4,1.2,0.1,0.2,0.04,1,0.5,0.8,0.3,0.4,,
Ceiba insignis,,Ceiba,Bombacaceae,Btr,species,6,0.01,0.4,0.3,0.18,0.25,0.03,0.05,0.06,0.04,1.4,0.4,0.7,0.4,1.2,0.1,0.2,0.04,1,0.5,0.8,0.3,0.4,,
Ceiba pentandra,kapoktree,Ceiba,Bombacaceae,Btr,species,6,0.01,0.4,0.3,0.18,0.25,0.03,0.05,0.06,0.04,1.4,0.4,0.7,0.4,1.2,0.1,0.2,0.04,1,0.5,0.8,0.3,0.4,,
Ceiba speciosa,,Ceiba,Bombacaceae,Btr,species,6,0.01,0.4,0.3,0.18,0.25,0.03,0.05,0.06,0.04,1.4,0.4,0.7,0.4,1.2,0.1,0.2,0.04,1,0.5,0.8,0.3,0.4,,
Celtis,hackberry,Celtis,Ulmaceae,Btr,genus,0.5,0.003,0.05,0.05,0.05,0.15,0.03,0.05,0.06,0.04,1.6,0.4,0.7,0.4,1.2,0.1,0.2,0.04,1,0.5,0.8,0.3,0.4,,
Celtis africanus,,Celtis,Ulmaceae,Unknown,species,0.5,0.003,0.05,0.05,0.05,0.15,0.03,0.05,0.06,0.04,1.6,0.4,0.7,0.4,1.2,0.1,0.2,0.04,1,0.5,0.8,0.3,0.4,,
Celtis australis,European hackberry,Celtis,Ulmaceae,Btr,species,0.5,0.003,0.05,0.05,0.05,0.15,0.03,0.05,0.06,0.04,1.6,0.4,0.7,0.4,1.2,0.1,0.2,0.04,1,0.5,0.8,0.3,0.4,,
Celtis douglasii,,Celtis,Ulmaceae,Unknown,species,0.5,0.003,0.05,0.05,0.05,0.15,0.03,0.05,0.06,0.04,1.6,0.4,0.7,0.4,1.2,0.1,0.2,0.04,1,0.5,0.8,0.3,0.4,,
Celtis laevigata,sugarberry,Celtis,Ulmaceae,Btr,species,0.5,0.003,0.05,0.05,0.05,0.15,0.03,0.05,0.06,0.04,1.6,0.4,0.7,0.4,1.2,0.1,0.2,0.04,1,0.5,0.8,0.3,0.4,,
Celtis lindheimeri,Lindheimer's hackberry,Celtis,Ulmaceae,Btr,species,0.003,0.003,0.05,0.05,0.05,0.15,0.03,0.05,0.06,0.04,1.6,0.4,0.7,0.4,1.2,0.1,0.2,0.04,1,0.5,0.8,0.3,0.4,,
Celtis mildbraedii,,Celtis,Ulmaceae,Unknown,species,0.5,0.003,0.05,0.05,0.05,0.15,0.03,0.05,0.06,0.04,1.6,0.4,0.7,0.4,1.2,0.1,0.2,0.04,1,0.5,0.8,0.3,0.4,,
Celtis occidentalis,common hackberry,Celtis,Ulmaceae,Btr,species,0.5,0.003,0.05,0.05,0.05,0.15,0.03,0.05,0.06,0.04,1.6,0.4,0.7,0.4,1.2,0.1,0.2,0.04,1,0.5,0.8,0.3,0.4,,
Celtis pallida,,Celtis,Cannabaceae,Unknown,species,0.5,0.003,0.05,0.05,0.05,0.15,0.03,0.05,0.06,0.04,1.6,0.4,0.7,0.4,1.2,0.1,0.2,0.04,1,0.5,0.8,0.3,0.4,,
Celtis reticulata,,Celtis,Ulmaceae,Unknown,species,0.5,0.003,0.05,0.05,0.05,0.15,0.03,0.05,0.06,0.04,1.6,0.4,0.7,0.4,1.2,0.1,0.2,0.04,1,0.5,0.8,0.3,0.4,,
Celtis sinensis,Chinese hackberry,Celtis,Ulmaceae,Unknown,species,0.5,0.003,0.05,0.05,0.05,0.15,0.03,0.05,0.06,0.04,1.6,0.4,0.7,0.4,1.2,0.1,0.2,0.04,1,0.5,0.8,0.3,0.4,,
Celtis tetrandra,,Celtis,Ulmaceae,Unknown,species,0.5,0.003,0.05,0.05,0.05,0.15,0.03,0.05,0.06,0.04,1.6,0.4,0.7,0.4,1.2,0.1,0.2,0.04,1,0.5,0.8,0.3,0.4,,
Celtis wightii,,Celtis,Ulmaceae,Unknown,species,0.5,0.003,0.05,0.05,0.05,0.15,0.03,0.05,0.06,0.04,1.6,0.4,0.7,0.4,1.2,0.1,0.2,0.04,1,0.5,0.8,0.3,0.4,,
Cephalanthus occidentalis,buttonbush,Cephalanthus,Rubiaceae,shrub,species,6,0.01,0.4,0.3,0.18,0.25,0.03,0.05,0.06,0.04,1.4,0.4,0.7,0.4,1.2,0.1,0.2,0.04,1,0.5,0.8,0.3,0.4,,
Cephalocereus royenii,,Cephalocereus,Cactaceae,Unknown,species,6,0.01,0.4,0.3,0.18,0.25,0.03,0.05,0.06,0.04,1.4,0.4,0.7,0.4,1.2,0.1,0.2,0.04,1,0.5,0.8,0.3,0.4,,
Ceratonia,ceratonia,Ceratonia,Fabaceae,Btr,genus,0.003,0.003,0.01,0.03,0.03,0.03,0.03,0.05,0.005,0.01,1.4,0.4,0.7,0.4,1.2,0.1,0.2,0.04,1,0.5,0.8,0.3,0.4,,
Ceratonia siliqua,St. John's bread,Ceratonia,Fabaceae,Btr,species,0.003,0.003,0.01,0.03,0.03,0.03,0.03,0.05,0.005,0.01,1.4,0.4,0.7,0.4,1.2,0.1,0.2,0.04,1,0.5,0.8,0.3,0.4,,
Cercidiphyllum japonicum,katsura tree,Cercidiphyllum,Cercidiphyllaceae,Btr,species,6,0.01,0.4,0.3,0.18,0.25,0.03,0.05,0.06,0.04,1.4,0.4,0.7,0.4,1.2,0.1,0.2,0.04,1,0.5,0.8,0.3,0.4,,
Cercidiphyllum magnificum,,Cercidiphyllum,Cercidiphyllaceae,Unknown,species,6,0.01,0.4,0.3,0.18,0.25,0.03,0.05,0.06,0.04,1.4,0.4,0.7,0.4,1.2,0.1,0.2,0.04,1,0.5,0.8,0.3,0.4,,
Cercidium,,Cercidium,Fabaceae,Unknown,genus,6,0.01,0.4,0.3,0.18,0.25,0.03,0.05,0.06,0.04,1.4,0.4,0.7,0.4,1.2,0.1,0.2,0.04,1,0.5,0.8,0.3,0.4,,
Cercidium floridum,,Cercidium,Fabaceae,Unknown,species,6,0.01,0.4,0.3,0.18,0.25,0.03,0.05,0.06,0.04,1.4,0.4,0.7,0.4,1.2,0.1,0.2,0.04,1,0.5,0.8,0.3,0.4,,
Cercis,redbud,Cercis,Fabaceae,Btr,genus,20,0.003,0.05,0.08,0.01,0.08,0.01,0.05,0.01,0.02,1.6,0.4,0.7,0.4,1.2,0.1,0.2,0.04,1,0.5,0.8,0.3,0.4,,
Cercis canadenis,,Cercis,Fabaceae,Unknown,species,20,0.003,0.05,0.08,0.01,0.08,0.01,0.05,0.01,0.02,1.6,0.4,0.7,0.4,1.2,0.1,0.2,0.04,1,0.5,0.8,0.3,0.4,,
Cercis canadensis,eastern redbud,Cercis,Fabaceae,Btr,species,20,0.003,0.05,0.08,0.01,0.08,0.01,0.05,0.01,0.02,1.6,0.4,0.7,0.4,1.2,0.1,0.2,0.04,1,0.5,0.8,0.3,0.4,,
Cercis occidentalis,California redbud,Cercis,Fabaceae,Btr,species,20,0.003,0.05,0.08,0.01,0.08,0.01,0.05,0.01,0.02,1.6,0.4,0.7,0.4,1.2,0.1,0.2,0.04,1,0.5,0.8,0.3,0.4,,
Cercis orbiculata,California redbud,Cercis,Fabaceae,Btr,species,20,0.003,0.05,0.08,0.01,0.08,0.01,0.05,0.01,0.02,1.6,0.4,0.7,0.4,1.2,0.1,0.2,0.04,1,0.5,0.8,0.3,0.4,,
Cercis reniformis,,Cercis,Fabaceae,Btr,species,20,0.003,0.05,0.08,0.01,0.08,0.01,0.05,0.01,0.02,1.6,0.4,0.7,0.4,1.2,0.1,0.2,0.04,1,0.5,0.8,0.3,0.4,,
Cercocarpus betuloides,,Cercocarpus,Rosaceae,Unknown,species,0.003,0.003,0.05,0.05,0.03,0.05,0.03,0.05,0.06,0.04,1.6,0.4,0.7,0.4,1.2,0.1,0.2,0.04,1,0.5,0.8,0.3,0.4,,
Cercocarpus ledifolius,curl-leaf mountain mahogany,Cercocarpus,Rosaceae,Btr,species,0.003,0.003,0.05,0.05,0.03,0.05,0.03,0.05,0.06,0.04,1.6,0.4,0.7,0.4,1.2,0.1,0.2,0.04,1,0.5,0.8,0.3,0.4,,
Cercocarpus montanus,alderleaf mountain mahogany,Cercocarpus,Rosaceae,Btr,species,0.003,0.003,0.05,0.05,0.03,0.05,0.03,0.05,0.06,0.04,1.6,0.4,0.7,0.4,1.2,0.1,0.2,0.04,1,0.5,0.8,0.3,0.4,,
Cereus peruvianus,,Cereus,Cactaceae,Btr,species,6,0.003,0.4,0.3,0.18,0.25,0.03,0.05,0.06,0.04,1.4,0.4,0.7,0.4,1.2,0.1,0.2,0.04,1,0.5,0.8,0.3,0.4,,
Cestrum diurnum,day jessamine,Cestrum,Solanaceae,Btr,species,6,0.003,0.4,0.3,0.18,0.25,0.03,0.05,0.06,0.04,1.4,0.4,0.7,0.4,1.2,0.1,0.2,0.04,1,0.5,0.8,0.3,0.4,,
Chamaecyparis,cedar,Chamaecyparis,Cupressaceae,Ntr,genus,0.003,0.01,0.3,0.2,0.02,0.06,0.03,0.05,0.09,0.06,1.6,0.4,0.7,0.4,1.5,0.1,0.2,0.04,1,0.5,0.8,0.3,0.4,,
Chamaecyparis lawsoniana,Port Orford cedar,Chamaecyparis,Cupressaceae,Ntr,species,0.003,0.01,0.3,0.2,0.02,0.06,0.03,0.05,0.09,0.06,1.6,0.4,0.7,0.4,1.5,0.1,0.2,0.04,1,0.5,0.8,0.3,0.4,,
Chamaecyparis nootkatensis,,Chamaecyparis,Cupressaceae,Ntr,species,0.003,0.01,0.3,0.2,0.02,0.06,0.03,0.05,0.09,0.06,1.6,0.4,0.7,0.4,1.5,0.1,0.2,0.04,1,0.5,0.8,0.3,0.4,,
Chamaecyparis obtusa,hinoki false cypress,Chamaecyparis,Cupressaceae,Ntr,species,0.003,0.01,0.3,0.2,0.02,0.06,0.03,0.05,0.09,0.06,1.6,0.4,0.7,0.4,1.5,0.1,0.2,0.04,1,0.5,0.8,0.3,0.4,,
Chamaecyparis thyoides,Atlantic white cedar,Chamaecyparis,Cupressaceae,Ntr,species,0.003,0.01,0.3,0.2,0.02,0.06,0.03,0.05,0.09,0.06,1.6,0.4,0.7,0.4,1.5,0.1,0.2,0.04,1,0.5,0.8,0.3,0.4,,
Chamaedaphne calyculata,leatherleaf,Chamaedaphne,Ericaceae,Shrub,species,6,0.01,0.4,0.3,0.18,0.25,0.03,0.05,0.06,0.04,1.4,0.4,0.7,0.4,1.2,0.1,0.2,0.04,1,0.5,0.8,0.3,0.4,,
Chamaedorea,chamaedorea,Chamaedorea,Arecaceae,Btr,genus,6,0.01,0.4,0.3,0.18,0.25,0.03,0.05,0.06,0.04,1.4,0.4,0.7,0.4,1.2,0.1,0.2,0.04,1,0.5,0.8,0.3,0.4,,
Chamaerops humilis,European fan palm,Chamaerops,Arecaceae,Unknown,species,6,0.01,0.4,0.3,0.18,0.25,0.03,0.05,0.06,0.04,1.4,0.4,0.7,0.4,1.2,0.1,0.2,0.04,1,0.5,0.8,0.3,0.4,,
Chamaespartium tridentatum,,Chamaespartium,Fabaceae,Unknown,species,6,0.01,0.4,0.3,0.18,0.25,0.03,0.05,0.06,0.04,1.4,0.4,0.7,0.4,1.2,0.1,0.2,0.04,1,0.5,0.8,0.3,0.4,,
Chilopsis,desert willow,Chilopsis,Bignoniaceae,Btr,genus,6,0.01,0.4,0.3,0.18,0.25,0.03,0.05,0.06,0.04,1.4,0.4,0.7,0.4,1.2,0.1,0.2,0.04,1,0.5,0.8,0.3,0.4,,
Chilopsis linearis,desert willow,Chilopsis,Bignoniaceae,Btr,species,6,0.01,0.4,0.3,0.18,0.25,0.03,0.05,0.06,0.04,1.4,0.4,0.7,0.4,1.2,0.1,0.2,0.04,1,0.5,0.8,0.3,0.4,,
Chimonobambusa,,Chimonobambusa,Poaceae,Unknown,genus,6,0.01,0.4,0.3,0.18,0.25,0.03,0.05,0.06,0.04,1.4,0.4,0.7,0.4,1.2,0.1,0.2,0.04,1,0.5,0.8,0.3,0.4,,
Chionanthus retusus,,Chionanthus,Oleaceae,Btr,species,6,0.01,0.4,0.3,0.18,0.25,0.03,0.05,0.06,0.04,1.4,0.4,0.7,0.4,1.2,0.1,0.2,0.04,1,0.5,0.8,0.3,0.4,,
Chiranthodendron,chiranthodendron,Chiranthodendron,Sterculiaceae,Unknown,genus,6,0.01,0.4,0.3,0.18,0.25,0.03,0.05,0.06,0.04,1.4,0.4,0.7,0.4,1.2,0.1,0.2,0.04,1,0.5,0.8,0.3,0.4,,
Chiranthodendron pentadactylon,Mexican-hat-plant,Chiranthodendron,Sterculiaceae,Unknown,species,6,0.01,0.4,0.3,0.18,0.25,0.03,0.05,0.06,0.04,1.4,0.4,0.7,0.4,1.2,0.1,0.2,0.04,1,0.5,0.8,0.3,0.4,,
Chitalpa,Catalpa x Chilopsis,Chitalpa,Bignoniaceae,Btr,genus,6,0.01,0.4,0.3,0.18,0.25,0.03,0.05,0.06,0.04,1.4,0.4,0.7,0.4,1.2,0.1,0.2,0.04,1,0.5,0.8,0.3,0.4,,
Chitalpa tashkentensis,,Chitalpa,Bignoniaceae,Btr,species,6,0.01,0.4,0.3,0.18,0.25,0.03,0.05,0.06,0.04,1.4,0.4,0.7,0.4,1.2,0.1,0.2,0.04,1,0.5,0.8,0.3,0.4,,
Chloris cucullata,hooded windmill grass,Chloris,Poaceae,Herb,species,6,0.01,0.4,0.3,0.18,0.25,0.03,0.05,0.06,0.04,1.4,0.4,0.7,0.4,1.2,0.1,0.2,0.04,1,0.5,0.8,0.3,0.4,,
Chloris pluriflora,,Chloris,Poaceae,Unknown,species,6,0.01,0.4,0.3,0.18,0.25,0.03,0.05,0.06,0.04,1.4,0.4,0.7,0.4,1.2,0.1,0.2,0.04,1,0.5,0.8,0.3,0.4,,
Chorisia insignis,white silk floss tree,Chorisia,Bombacaceae,Btr,species,6,0.01,0.4,0.3,0.18,0.25,0.03,0.05,0.06,0.04,1.4,0.4,0.7,0.4,1.2,0.1,0.2,0.04,1,0.5,0.8,0.3,0.4,,
Chorisia speciosa,silk-floss tree,Chorisia,Bombacaceae,Btr,species,6,0.01,0.4,0.3,0.18,0.25,0.03,0.05,0.06,0.04,1.4,0.4,0.7,0.4,1.2,0.1,0.2,0.04,1,0.5,0.8,0.3,0.4,,
Chrysanthemum,daisy,Chrysanthemum,Asteraceae,Unknown,genus,6,0.01,0.4,0.3,0.18,0.25,0.03,0.05,0.06,0.04,1.4,0.4,0.7,0.4,1.2,0.1,0.2,0.04,1,0.5,0.8,0.3,0.4,,
Chrysanthemum nauseosus,,Chrysanthemum,Asteraceae,Unknown,species,6,0.01,0.4,0.3,0.18,0.25,0.03,0.05,0.06,0.04,1.4,0.4,0.7,0.4,1.2,0.1,0.2,0.04,1,0.5,0.8,0.3,0.4,,
Chrysanthemum praecox,,Chrysanthemum,Asteraceae,Unknown,species,6,0.01,0.4,0.3,0.18,0.25,0.03,0.05,0.06,0.04,1.4,0.4,0.7,0.4,1.2,0.1,0.2,0.04,1,0.5,0.8,0.3,0.4,,
Chrysobalanaceae,,Chrysobalanaceae,Chrysobalanaceae,Unknown,family,6,0.01,0.4,0.3,0.18,0.25,0.03,0.05,0.06,0.04,1.4,0.4,0.7,0.4,1.2,0.1,0.2,0.04,1,0.5,0.8,0.3,0.4,,
Chrysophyllum cainito,star apple,Chrysophyllum,Sapotaceae,Btr,species,6,0.01,0.4,0.3,0.18,0.25,0.03,0.05,0.06,0.04,1.4,0.4,0.7,0.4,1.2,0.1,0.2,0.04,1,0.5,0.8,0.3,0.4,,
Chrysothamnus nauseosus,,Chrysothamnus,Asteraceae,Unknown,species,6,0.01,0.4,0.3,0.18,0.25,0.03,0.05,0.06,0.04,1.4,0.4,0.7,0.4,1.2,0.1,0.2,0.04,1,0.5,0.8,0.3,0.4,,
Chukrasia tabularis,,Chukrasia,Meliaceae,Unknown,species,6,0.01,0.4,0.3,0.18,0.25,0.03,0.05,0.06,0.04,1.4,0.4,0.7,0.4,1.2,0.1,0.2,0.04,1,0.5,0.8,0.3,0.4,,
Chusquea,chusquea bamboo,Chusquea,Poaceae,Shrub,genus,6,0.01,0.4,0.3,0.18,0.25,0.03,0.05,0.06,0.04,1.4,0.4,0.7,0.4,1.2,0.1,0.2,0.04,1,0.5,0.8,0.3,0.4,,
Chytranthus atroviolaceus,,Chytranthus,Sapindaceae,Unknown,species,6,0.01,0.4,0.3,0.18,0.25,0.03,0.05,0.06,0.04,1.4,0.4,0.7,0.4,1.2,0.1,0.2,0.04,1,0.5,0.8,0.3,0.4,,
Cinchona succiruba,cinchona,Cinchona,Rubiaceae,Btr,species,6,0.01,0.4,0.3,0.18,0.25,0.03,0.05,0.06,0.04,1.4,0.4,0.7,0.4,1.2,0.1,0.2,0.04,1,0.5,0.8,0.3,0.4,,
Cinnamomum burmani,,Cinnamomum,Lauraceae,Unknown,species,6,0.01,0.4,0.3,0.18,0.25,0.03,0.05,0.06,0.04,1.4,0.4,0.7,0.4,1.2,0.1,0.2,0.04,1,0.5,0.8,0.3,0.4,,
Cinnamomum camphora,camphortree,Cinnamomum,Lauraceae,Btr,species,6,0.01,0.4,0.3,0.18,0.25,0.03,0.05,0.06,0.04,1.4,0.4,0.7,0.4,1.2,0.1,0.2,0.04,1,0.5,0.8,0.3,0.4,,
Cinnamomum chartophyllum,,Cinnamomum,Lauraceae,Unknown,species,6,0.01,0.4,0.3,0.18,0.25,0.03,0.05,0.06,0.04,1.4,0.4,0.7,0.4,1.2,0.1,0.2,0.04,1,0.5,0.8,0.3,0.4,,
Cinnamomum japonicum,cinnamon,Cinnamomum,Lauraceae,Btr,species,6,0.01,0.4,0.3,0.18,0.25,0.03,0.05,0.06,0.04,1.4,0.4,0.7,0.4,1.2,0.1,0.2,0.04,1,0.5,0.8,0.3,0.4,,
Cinnamomum pittosporoides,,Cinnamomum,Lauraceae,Unknown,species,6,0.01,0.4,0.3,0.18,0.25,0.03,0.05,0.06,0.04,1.4,0.4,0.7,0.4,1.2,0.1,0.2,0.04,1,0.5,0.8,0.3,0.4,,
Cinnamomum tamala,indian bark,Cinnamomum,Lauraceae,Unknown,species,6,0.01,0.4,0.3,0.18,0.25,0.03,0.05,0.06,0.04,1.4,0.4,0.7,0.4,1.2,0.1,0.2,0.04,1,0.5,0.8,0.3,0.4,,
Cipadessa baccifara,,Cipadessa,Meliaceae,Unknown,species,6,0.01,0.4,0.3,0.18,0.25,0.03,0.05,0.06,0.04,1.4,0.4,0.7,0.4,1.2,0.1,0.2,0.04,1,0.5,0.8,0.3,0.4,,
Cissampelos,cissampelos,Cissampelos,Menispermaceae,Shrub,genus,6,0.01,0.4,0.3,0.18,0.25,0.03,0.05,0.06,0.04,1.4,0.4,0.7,0.4,1.2,0.1,0.2,0.04,1,0.5,0.8,0.3,0.4,,
Cissampelos pareira,velvetleaf,Cissampelos,Menispermaceae,Shrub,species,6,0.01,0.4,0.3,0.18,0.25,0.03,0.05,0.06,0.04,1.4,0.4,0.7,0.4,1.2,0.1,0.2,0.04,1,0.5,0.8,0.3,0.4,,
Cissus cornifolia,,Cissus,Vitaceae,Unknown,species,6,0.01,0.4,0.3,0.18,0.25,0.03,0.05,0.06,0.04,1.4,0.4,0.7,0.4,1.2,0.1,0.2,0.04,1,0.5,0.8,0.3,0.4,,
Cissus erosa,caro de tres hojas,Cissus,Vitaceae,Shrub,species,6,0.01,0.4,0.3,0.18,0.25,0.03,0.05,0.06,0.04,1.4,0.4,0.7,0.4,1.2,0.1,0.2,0.04,1,0.5,0.8,0.3,0.4,,
Cistus,rockrose,Cistus,Cistaceae,Shrub,genus,6,0.01,0.4,0.3,0.18,0.25,0.03,0.05,0.06,0.04,1.4,0.4,0.7,0.4,1.2,0.1,0.2,0.04,1,0.5,0.8,0.3,0.4,,
Cistus albidus,,Cistus,Cistaceae,Unknown,species,6,0.01,0.4,0.3,0.18,0.25,0.03,0.05,0.06,0.04,1.4,0.4,0.7,0.4,1.2,0.1,0.2,0.04,1,0.5,0.8,0.3,0.4,,
Cistus incanus,hairy rockrose,Cistus,Cistaceae,Shrub,species,6,0.01,0.4,0.3,0.18,0.25,0.03,0.05,0.06,0.04,1.4,0.4,0.7,0.4,1.2,0.1,0.2,0.04,1,0.5,0.8,0.3,0.4,,
Cistus ladanifer,common gum cistus,Cistus,Cistaceae,Shrub,species,6,0.01,0.4,0.3,0.18,0.25,0.03,0.05,0.06,0.04,1.4,0.4,0.7,0.4,1.2,0.1,0.2,0.04,1,0.5,0.8,0.3,0.4,,
Cistus monspeliensis,Montpelier cistus,Cistus,Cistaceae,Shrub,species,6,0.01,0.4,0.3,0.18,0.25,0.03,0.05,0.06,0.04,1.4,0.4,0.7,0.4,1.2,0.1,0.2,0.04,1,0.5,0.8,0.3,0.4,,
Cistus salvifolius,,Cistus,Cistaceae,Unknown,species,6,0.01,0.4,0.3,0.18,0.25,0.03,0.05,0.06,0.04,1.4,0.4,0.7,0.4,1.2,0.1,0.2,0.04,1,0.5,0.8,0.3,0.4,,
Citrus,citrus,Citrus,Rutaceae,Btr,genus,6,0.01,0.4,0.3,0.18,0.25,0.03,0.05,0.06,0.04,1.4,0.4,0.7,0.4,1.2,0.1,0.2,0.04,1,0.5,0.8,0.3,0.4,,
Citrus aurantifolia,Key lime,Citrus,Rutaceae,Btr,species,6,0.01,0.4,0.3,0.18,0.25,0.03,0.05,0.06,0.04,1.4,0.4,0.7,0.4,1.2,0.1,0.2,0.04,1,0.5,0.8,0.3,0.4,,
Citrus grandis,,Citrus,Rutaceae,Unknown,species,6,0.01,0.4,0.3,0.18,0.25,0.03,0.05,0.06,0.04,1.4,0.4,0.7,0.4,1.2,0.1,0.2,0.04,1,0.5,0.8,0.3,0.4,,
Citrus japonica,,Citrus,Rutaceae,Btr,species,6,0.01,0.4,0.3,0.18,0.25,0.03,0.05,0.06,0.04,1.4,0.4,0.7,0.4,1.2,0.1,0.2,0.04,1,0.5,0.8,0.3,0.4,,
Citrus limon,,Citrus,Rutaceae,Unknown,species,6,0.01,0.4,0.3,0.18,0.25,0.03,0.05,0.06,0.04,1.4,0.4,0.7,0.4,1.2,0.1,0.2,0.04,1,0.5,0.8,0.3,0.4,,
Citrus maxima,shaddock,Citrus,Rutaceae,Btr,species,6,0.01,0.4,0.3,0.18,0.25,0.03,0.05,0.06,0.04,1.4,0.4,0.7,0.4,1.2,0.1,0.2,0.04,1,0.5,0.8,0.3,0.4,,
Citrus mitis,,Citrus,Rutaceae,Unknown,species,6,0.01,0.4,0.3,0.18,0.25,0.03,0.05,0.06,0.04,1.4,0.4,0.7,0.4,1.2,0.1,0.2,0.04,1,0.5,0.8,0.3,0.4,,
Citrus nobilis,tangor,Citrus,Rutaceae,Unknown,species,6,0.01,0.4,0.3,0.18,0.25,0.03,0.05,0.06,0.04,1.4,0.4,0.7,0.4,1.2,0.1,0.2,0.04,1,0.5,0.8,0.3,0.4,,
Citrus paradisi,,Citrus,Rutaceae,Unknown,species,6,0.01,0.4,0.3,0.18,0.25,0.03,0.05,0.06,0.04,1.4,0.4,0.7,0.4,1.2,0.1,0.2,0.04,1,0.5,0.8,0.3,0.4,,
Citrus reticulata,tangerine,Citrus,Rutaceae,Btr,species,6,0.01,0.4,0.3,0.18,0.25,0.03,0.05,0.06,0.04,1.4,0.4,0.7,0.4,1.2,0.1,0.2,0.04,1,0.5,0.8,0.3,0.4,,
Citrus sinensis,,Citrus,Rutaceae,Unknown,species,6,0.01,0.4,0.3,0.18,0.25,0.03,0.05,0.06,0.04,1.4,0.4,0.7,0.4,1.2,0.1,0.2,0.04,1,0.5,0.8,0.3,0.4,,
Citrus x aurantium,sour orange,Citrus,Rutaceae,Btr,species,6,0.01,0.4,0.3,0.18,0.25,0.03,0.05,0.06,0.04,1.4,0.4,0.7,0.4,1.2,0.1,0.2,0.04,1,0.5,0.8,0.3,0.4,,
Citrus x paradisi,grapefruit,Citrus,Rutaceae,Btr,species,6,0.01,0.4,0.3,0.18,0.25,0.03,0.05,0.06,0.04,1.4,0.4,0.7,0.4,1.2,0.1,0.2,0.04,1,0.5,0.8,0.3,0.4,,
Cladium effusum,,Cladium,Cyperaceae,Unknown,species,6,0.01,0.4,0.3,0.18,0.25,0.03,0.05,0.06,0.04,1.4,0.4,0.7,0.4,1.2,0.1,0.2,0.04,1,0.5,0.8,0.3,0.4,,
Cladrastis,yellowwood,Cladrastis,Fabaceae,Btr,genus,6,0.01,0.4,0.3,0.18,0.25,0.03,0.05,0.06,0.04,1.4,0.4,0.7,0.4,1.2,0.1,0.2,0.04,1,0.5,0.8,0.3,0.4,,
Cladrastis kentukea,Kentucky yellowwood,Cladrastis,Fabaceae,Btr,species,6,0.003,0.16,0.2,0.09,0.12,0.03,0.05,0.06,0.04,1.6,0.4,0.7,0.4,1.2,0.1,0.2,0.04,1,0.5,0.8,0.3,0.4,,
Cladrastis lutea,,Cladrastis,Fabaceae,Unknown,species,6,0.01,0.4,0.3,0.18,0.25,0.03,0.05,0.06,0.04,1.4,0.4,0.7,0.4,1.2,0.1,0.2,0.04,1,0.5,0.8,0.3,0.4,,
Cladrastis platycarpa,,Cladrastis,Fabaceae,Unknown,species,6,0.01,0.4,0.3,0.18,0.25,0.03,0.05,0.06,0.04,1.4,0.4,0.7,0.4,1.2,0.1,0.2,0.04,1,0.5,0.8,0.3,0.4,,
Clausena excavata,,Clausena,Rutaceae,Unknown,species,6,0.01,0.4,0.3,0.18,0.25,0.03,0.05,0.06,0.04,1.4,0.4,0.7,0.4,1.2,0.1,0.2,0.04,1,0.5,0.8,0.3,0.4,,
Cleistanthus sumatranus,,Cleistanthus,Phyllanthaceae,Unknown,species,6,0.01,0.4,0.3,0.18,0.25,0.03,0.05,0.06,0.04,1.4,0.4,0.7,0.4,1.2,0.1,0.2,0.04,1,0.5,0.8,0.3,0.4,,
Cleistopholis patens,,Cleistopholis,Annonaceae,Unknown,species,6,0.01,0.4,0.3,0.18,0.25,0.03,0.05,0.06,0.04,1.4,0.4,0.7,0.4,1.2,0.1,0.2,0.04,1,0.5,0.8,0.3,0.4,,
Clidemia hirta,soapbush,Clidemia,Melastomataceae,Shrub,species,6,0.01,0.4,0.3,0.18,0.25,0.03,0.05,0.06,0.04,1.4,0.4,0.7,0.4,1.2,0.1,0.2,0.04,1,0.5,0.8,0.3,0.4,,
Clitandra cymulosa,,Clitandra, Apocynaceae,Unknown,species,6,0.01,0.4,0.3,0.18,0.25,0.03,0.05,0.06,0.04,1.4,0.4,0.7,0.4,1.2,0.1,0.2,0.04,1,0.5,0.8,0.3,0.4,,
Clitoria racemosa,,Clitoria,Fabaceae,Btr,species,6,0.01,0.4,0.3,0.18,0.25,0.03,0.05,0.06,0.04,1.4,0.4,0.7,0.4,1.2,0.1,0.2,0.04,1,0.5,0.8,0.3,0.4,,
CLMPFT1,Needleleaf Evergreen Temperate Tree,Ntr,GF,Ntr,GF,0.8,0.3,0.5,0.4,0.2,0.35,0.03,0.05,0.06,0.04,1.6,0.4,0.7,0.4,1.2,0.1,0.2,0.04,1,0.5,0.8,0.3,0.4,,
CLMPFT10,Broadleaf Deciduous Temperate Shrub,Shrub,GF,Shrub,GF,6,0.003,0.4,0.35,0.1,0.2,0.03,0.05,0.06,0.04,1.6,0.4,0.7,0.4,1.2,0.1,0.2,0.04,1,0.5,0.8,0.3,0.4,,
CLMPFT11,Broadleaf Deciduous Boreal Shrub,Shrub,GF,Shrub,GF,6,0.003,0.4,0.35,0.1,0.2,0.03,0.05,0.06,0.04,1.6,0.4,0.7,0.4,1.2,0.1,0.2,0.04,1,0.5,0.8,0.3,0.4,,
CLMPFT12,Arctic C3 Grass,Herb,GF,Herb,GF,2.2,0.003,0.05,0.06,0.03,0.06,0.03,0.5,0.01,0.01,0.8,0.2,0.35,0.1,1,0.1,0.2,0.04,1,0.5,0.8,0.3,0.4,,
CLMPFT13,Cool C3 Grass,Herb,GF,Herb,GF,1.1,0.003,0.05,0.06,0.03,0.06,0.03,0.5,0.01,0.01,0.8,0.2,0.35,0.1,1,0.1,0.2,0.04,1,0.5,0.8,0.3,0.4,,
CLMPFT14,Warm C4 Grass,Herb,GF,Herb,GF,0.3,0.003,0.08,0.1,0.05,0.08,0.03,0.5,0.01,0.01,0.8,0.2,0.35,0.1,1,0.1,0.2,0.04,1,0.5,0.8,0.3,0.4,,
CLMPFT15,Crop,Crop,GF,Crop,GF,0.05,0.003,0.05,0.1,0.03,0.06,0.03,0.5,0.01,0.01,0.8,0.2,0.35,0.1,1,0.1,0.2,0.04,1,0.5,0.8,0.3,0.4,,
CLMPFT2,Needleleaf Evergreen Boreal Tree,Ntr,GF,Ntr,GF,4,0.1,0.5,0.4,0.2,0.35,0.03,0.05,0.06,0.04,1.6,0.4,0.7,0.4,1.2,0.1,0.2,0.04,1,0.5,0.8,0.3,0.4,,
CLMPFT3,Needleleaf Deciduous Boreal Tree,Ntr,GF,Ntr,GF,0.003,0.003,0.5,0.4,0.2,0.35,0.03,0.05,0.06,0.04,1.6,0.4,0.7,0.4,1.2,0.1,0.2,0.04,1,0.5,0.8,0.3,0.4,,
CLMPFT4,Broadleaf Evergreen Tropical Tree,Btr,GF,Btr,GF,6,0.003,0.3,0.35,0.1,0.18,0.03,0.05,0.06,0.04,1.6,0.4,0.7,0.4,1.2,0.1,0.2,0.04,1,0.5,0.8,0.3,0.4,,
CLMPFT5,Broadleaf Evergreen Temperate Tree,Btr,GF,Btr,GF,6,0.003,0.3,0.35,0.1,0.18,0.03,0.05,0.06,0.04,1.6,0.4,0.7,0.4,1.2,0.1,0.2,0.04,1,0.5,0.8,0.3,0.4,,
CLMPFT6,Broadleaf Deciduous Tropical Tree,Btr,GF,Btr,GF,6,0.003,0.3,0.35,0.1,0.18,0.03,0.05,0.06,0.04,1.6,0.4,0.7,0.4,1.2,0.1,0.2,0.04,1,0.5,0.8,0.3,0.4,,
CLMPFT7,Broadleaf Deciduous Temperate Tree,Btr,GF,Btr,GF,6,0.003,0.3,0.35,0.1,0.18,0.03,0.05,0.06,0.04,1.6,0.4,0.7,0.4,1.2,0.1,0.2,0.04,1,0.5,0.8,0.3,0.4,,
CLMPFT8,Broadleaf Deciduous Boreal Tree,Btr,GF,Btr,GF,14,0.003,0.3,0.35,0.1,0.18,0.03,0.05,0.06,0.04,1.6,0.4,0.7,0.4,1.2,0.1,0.2,0.04,1,0.5,0.8,0.3,0.4,,
CLMPFT9,Broadleaf Evergreen Temperate Shrub,Shrub,GF,Shrub,GF,4,0.003,0.4,0.35,0.1,0.2,0.03,0.05,0.06,0.04,1.6,0.4,0.7,0.4,1.2,0.1,0.2,0.04,1,0.5,0.8,0.3,0.4,,
Clusia,attorney,Clusia,Clusiaceae,Btr,genus,6,0.01,0.4,0.3,0.18,0.25,0.03,0.05,0.06,0.04,1.4,0.4,0.7,0.4,1.2,0.1,0.2,0.04,1,0.5,0.8,0.3,0.4,,
Clusia rosea,Scotch attorney,Clusia,Clusiaceae,Btr,species,6,0.01,0.4,0.3,0.18,0.25,0.03,0.05,0.06,0.04,1.4,0.4,0.7,0.4,1.2,0.1,0.2,0.04,1,0.5,0.8,0.3,0.4,,
Clusiaceae,,Clusiaceae,Clusiaceae,Unknown,family,6,0.01,0.4,0.3,0.18,0.25,0.03,0.05,0.06,0.04,1.4,0.4,0.7,0.4,1.2,0.1,0.2,0.04,1,0.5,0.8,0.3,0.4,,
Cnestidium rufescens,,Cnestidium,Connaraceae,Unknown,species,6,0.01,0.4,0.3,0.18,0.25,0.03,0.05,0.06,0.04,1.4,0.4,0.7,0.4,1.2,0.1,0.2,0.04,1,0.5,0.8,0.3,0.4,,
Coccoloba diversifolia,tietongue,Coccoloba,Polygonaceae,Btr,species,6,0.01,0.4,0.3,0.18,0.25,0.03,0.05,0.06,0.04,1.4,0.4,0.7,0.4,1.2,0.1,0.2,0.04,1,0.5,0.8,0.3,0.4,,
Coccoloba krugii,whitewood,Coccoloba,Polygonaceae,Btr,species,6,0.01,0.4,0.3,0.18,0.25,0.03,0.05,0.06,0.04,1.4,0.4,0.7,0.4,1.2,0.1,0.2,0.04,1,0.5,0.8,0.3,0.4,,
Coccoloba microstachya,puckhout,Coccoloba,Polygonaceae,Btr,species,6,0.01,0.4,0.3,0.18,0.25,0.03,0.05,0.06,0.04,1.4,0.4,0.7,0.4,1.2,0.1,0.2,0.04,1,0.5,0.8,0.3,0.4,,
Coccothrinax argentata,Florida silver palm,Coccothrinax,Arecaceae,Btr,species,8,0.003,0.15,0.15,0.04,0.1,0.03,0.05,0.06,0.04,1.6,0.4,0.7,0.4,1.2,0.1,0.2,0.04,1,0.5,0.8,0.3,0.4,,
Cocculus laurifolium,,Cocculus,Menispermaceae,Unknown,species,6,0.01,0.4,0.3,0.18,0.25,0.03,0.05,0.06,0.04,1.4,0.4,0.7,0.4,1.2,0.1,0.2,0.04,1,0.5,0.8,0.3,0.4,,
Cocculus laurifolius,laurel-leaf snailseed,Cocculus,Menispermaceae,Btr,species,6,0.01,0.4,0.3,0.18,0.25,0.03,0.05,0.06,0.04,1.4,0.4,0.7,0.4,1.2,0.1,0.2,0.04,1,0.5,0.8,0.3,0.4,,
Cocos nucifera,coconut palm,Cocos,Arecaceae,Btr,species,6,0.01,0.4,0.3,0.18,0.25,0.03,0.05,0.06,0.04,1.4,0.4,0.7,0.4,1.2,0.1,0.2,0.04,1,0.5,0.8,0.3,0.4,,
Coelocaryon botryoides,,Coelocaryon,Myristicaceae,Unknown,species,6,0.01,0.4,0.3,0.18,0.25,0.03,0.05,0.06,0.04,1.4,0.4,0.7,0.4,1.2,0.1,0.2,0.04,1,0.5,0.8,0.3,0.4,,
Coelocaryon prenssii,,Coelocaryon,Myristicaceae,Unknown,species,6,0.01,0.4,0.3,0.18,0.25,0.03,0.05,0.06,0.04,1.4,0.4,0.7,0.4,1.2,0.1,0.2,0.04,1,0.5,0.8,0.3,0.4,,
Coffea,coffee,Coffea,Rubiaceae,Btr,genus,6,0.01,0.4,0.3,0.18,0.25,0.03,0.05,0.06,0.04,1.4,0.4,0.7,0.4,1.2,0.1,0.2,0.04,1,0.5,0.8,0.3,0.4,,
Coffea arabica,Arabian coffee,Coffea,Rubiaceae,Btr,species,6,0.01,0.4,0.3,0.18,0.25,0.03,0.05,0.06,0.04,1.4,0.4,0.7,0.4,1.2,0.1,0.2,0.04,1,0.5,0.8,0.3,0.4,,
Colophospermum mopane,balsam tree,Colophospermum,Fabaceae,Unknown,species,6,0.01,0.4,0.3,0.18,0.25,0.03,0.05,0.06,0.04,1.4,0.4,0.7,0.4,1.2,0.1,0.2,0.04,1,0.5,0.8,0.3,0.4,,
Colubrina taxensis,,Colubrina,Rhamnaceae,Unknown,species,6,0.01,0.4,0.3,0.18,0.25,0.03,0.05,0.06,0.04,1.4,0.4,0.7,0.4,1.2,0.1,0.2,0.04,1,0.5,0.8,0.3,0.4,,
Colutea orientalis,,Colutea,Fabaceae,Unknown,species,6,0.01,0.4,0.3,0.18,0.25,0.03,0.05,0.06,0.04,1.4,0.4,0.7,0.4,1.2,0.1,0.2,0.04,1,0.5,0.8,0.3,0.4,,
Colutea persica,,Colutea,Fabaceae,Unknown,species,6,0.01,0.4,0.3,0.18,0.25,0.03,0.05,0.06,0.04,1.4,0.4,0.7,0.4,1.2,0.1,0.2,0.04,1,0.5,0.8,0.3,0.4,,
Comarostaphylis diversifolia,summer holly,Comarostaphylis,Ericaceae,Btr,species,6,0.01,0.4,0.3,0.18,0.25,0.03,0.05,0.06,0.04,1.4,0.4,0.7,0.4,1.2,0.1,0.2,0.04,1,0.5,0.8,0.3,0.4,,
Combretaceae,,Combretaceae,Combretaceae,Unknown,family,6,0.01,0.4,0.3,0.18,0.25,0.03,0.05,0.06,0.04,1.4,0.4,0.7,0.4,1.2,0.1,0.2,0.04,1,0.5,0.8,0.3,0.4,,
Combretum apiculatum,,Combretum,Combretaceae,Unknown,species,6,0.01,0.4,0.3,0.18,0.25,0.03,0.05,0.06,0.04,1.4,0.4,0.7,0.4,1.2,0.1,0.2,0.04,1,0.5,0.8,0.3,0.4,,
Combretum fruticosum,,Combretum,Combretaceae,Unknown,species,6,0.01,0.4,0.3,0.18,0.25,0.03,0.05,0.06,0.04,1.4,0.4,0.7,0.4,1.2,0.1,0.2,0.04,1,0.5,0.8,0.3,0.4,,
Combretum glutinosum,,Combretum,Combretaceae,Unknown,species,6,0.01,0.4,0.3,0.18,0.25,0.03,0.05,0.06,0.04,1.4,0.4,0.7,0.4,1.2,0.1,0.2,0.04,1,0.5,0.8,0.3,0.4,,
Combretum heteroense,,Combretum,Combretaceae,Unknown,species,6,0.01,0.4,0.3,0.18,0.25,0.03,0.05,0.06,0.04,1.4,0.4,0.7,0.4,1.2,0.1,0.2,0.04,1,0.5,0.8,0.3,0.4,,
Combretum imberbe,leadwood,Combretum,Combretaceae,Unknown,species,6,0.01,0.4,0.3,0.18,0.25,0.03,0.05,0.06,0.04,1.4,0.4,0.7,0.4,1.2,0.1,0.2,0.04,1,0.5,0.8,0.3,0.4,,
Combretum molle,,Combretum,Combretaceae,Unknown,species,6,0.01,0.4,0.3,0.18,0.25,0.03,0.05,0.06,0.04,1.4,0.4,0.7,0.4,1.2,0.1,0.2,0.04,1,0.5,0.8,0.3,0.4,,
Combretum zeyherii,,Combretum,Combretaceae,Unknown,species,6,0.01,0.4,0.3,0.18,0.25,0.03,0.05,0.06,0.04,1.4,0.4,0.7,0.4,1.2,0.1,0.2,0.04,1,0.5,0.8,0.3,0.4,,
Commiphora mollis,,Commiphora,Burseraceae,Unknown,species,6,0.01,0.4,0.3,0.18,0.25,0.03,0.05,0.06,0.04,1.4,0.4,0.7,0.4,1.2,0.1,0.2,0.04,1,0.5,0.8,0.3,0.4,,
Commiphora pyracanthoides,,Commiphora,Burseraceae,Unknown,species,6,0.01,0.4,0.3,0.18,0.25,0.03,0.05,0.06,0.04,1.4,0.4,0.7,0.4,1.2,0.1,0.2,0.04,1,0.5,0.8,0.3,0.4,,
Commiphora schimperi,,Commiphora,Burseraceae,Unknown,species,6,0.01,0.4,0.3,0.18,0.25,0.03,0.05,0.06,0.04,1.4,0.4,0.7,0.4,1.2,0.1,0.2,0.04,1,0.5,0.8,0.3,0.4,,
Comocladia dodonea,,Comocladia,Anacardiaceae,Unknown,species,6,0.01,0.4,0.3,0.18,0.25,0.03,0.05,0.06,0.04,1.4,0.4,0.7,0.4,1.2,0.1,0.2,0.04,1,0.5,0.8,0.3,0.4,,
Condalia hookeri,Brazilian bluewood,Condalia,Rhamnaceae,Btr,species,6,0.01,0.4,0.3,0.18,0.25,0.03,0.05,0.06,0.04,1.4,0.4,0.7,0.4,1.2,0.1,0.2,0.04,1,0.5,0.8,0.3,0.4,,
Conigramme intermedia,,Conigramme,Adiantaceae,Unknown,species,6,0.01,0.4,0.3,0.18,0.25,0.03,0.05,0.06,0.04,1.4,0.4,0.7,0.4,1.2,0.1,0.2,0.04,1,0.5,0.8,0.3,0.4,,Coniogramme intermedia
Conocarpus erectus,button mangrove,Conocarpus,Combretaceae,Btr,species,4,0.003,0.14,0.14,0.06,0.14,0.03,0.05,0.06,0.04,1.6,0.4,0.7,0.4,1.2,0.1,0.2,0.04,1,0.5,0.8,0.3,0.4,,
Conocephalum,,Conocephalum,Conocephalaceae,Unknown,genus,6,0.01,0.4,0.3,0.18,0.25,0.03,0.05,0.06,0.04,1.4,0.4,0.7,0.4,1.2,0.1,0.2,0.04,1,0.5,0.8,0.3,0.4,,Liverwort
Convoluvulus,bindweed,Convoluvulus,Convolvulaceae,Unknown,genus,6,0.01,0.4,0.3,0.18,0.25,0.03,0.05,0.06,0.04,1.4,0.4,0.7,0.4,1.2,0.1,0.2,0.04,1,0.5,0.8,0.3,0.4,,
Copaifera multijuga,copaifera,Copaifera,Fabaceae,Unknown,species,6,0.01,0.4,0.3,0.18,0.25,0.03,0.05,0.06,0.04,1.4,0.4,0.7,0.4,1.2,0.1,0.2,0.04,1,0.5,0.8,0.3,0.4,,
Cordia,cordia,Cordia,Boraginaceae,Btr,genus,6,0.01,0.4,0.3,0.18,0.25,0.03,0.05,0.06,0.04,1.4,0.4,0.7,0.4,1.2,0.1,0.2,0.04,1,0.5,0.8,0.3,0.4,,
Cordia alliodora,Spanish elm,Cordia,Boraginaceae,Btr,species,6,0.01,0.4,0.3,0.18,0.25,0.03,0.05,0.06,0.04,1.4,0.4,0.7,0.4,1.2,0.1,0.2,0.04,1,0.5,0.8,0.3,0.4,,
Cordia bicolor,,Cordia,Boraginaceae,Unknown,species,6,0.01,0.4,0.3,0.18,0.25,0.03,0.05,0.06,0.04,1.4,0.4,0.7,0.4,1.2,0.1,0.2,0.04,1,0.5,0.8,0.3,0.4,,
Cordia boissieri,anacahuita,Cordia,Boraginaceae,Btr,species,6,0.01,0.4,0.3,0.18,0.25,0.03,0.05,0.06,0.04,1.4,0.4,0.7,0.4,1.2,0.1,0.2,0.04,1,0.5,0.8,0.3,0.4,,
Cordia obliqua,clammy cherry,Cordia,Boraginaceae,Btr,species,6,0.01,0.4,0.3,0.18,0.25,0.03,0.05,0.06,0.04,1.4,0.4,0.7,0.4,1.2,0.1,0.2,0.04,1,0.5,0.8,0.3,0.4,,
Cordia ovalis,,Cordia,Boraginaceae,Unknown,species,6,0.01,0.4,0.3,0.18,0.25,0.03,0.05,0.06,0.04,1.4,0.4,0.7,0.4,1.2,0.1,0.2,0.04,1,0.5,0.8,0.3,0.4,,
Cordyla africana,cordyla,Cordyla,Fabaceae,Unknown,species,6,0.01,0.4,0.3,0.18,0.25,0.03,0.05,0.06,0.04,1.4,0.4,0.7,0.4,1.2,0.1,0.2,0.04,1,0.5,0.8,0.3,0.4,,
Cordyline australis,cabbage tree,Cordyline,Liliaceae,Btr,species,6,0.01,0.4,0.3,0.18,0.25,0.03,0.05,0.06,0.04,1.4,0.4,0.7,0.4,1.2,0.1,0.2,0.04,1,0.5,0.8,0.3,0.4,,
Cordyline indivisa,cordyline,Cordyline,Liliaceae,Btr,species,6,0.01,0.4,0.3,0.18,0.25,0.03,0.05,0.06,0.04,1.4,0.4,0.7,0.4,1.2,0.1,0.2,0.04,1,0.5,0.8,0.3,0.4,,
Coreopsis gigantea,giant coreopsis,Coreopsis,Asteraceae,Shrub,species,6,0.01,0.4,0.3,0.18,0.25,0.03,0.05,0.06,0.04,1.4,0.4,0.7,0.4,1.2,0.1,0.2,0.04,1,0.5,0.8,0.3,0.4,,
Cornaceae,,Cornaceae,Cornaceae,Unknown,family,0.5,0.003,0.03,0.02,0.04,0.3,0.03,0.05,0.06,0.04,1.6,0.4,0.7,0.4,1.2,0.1,0.2,0.04,1,0.5,0.8,0.3,0.4,,
Cornus,dogwood,Cornus,Cornaceae,Btr,genus,0.5,0.003,0.03,0.02,0.04,0.3,0.03,0.05,0.06,0.04,1.6,0.4,0.7,0.4,1.2,0.1,0.2,0.04,1,0.5,0.8,0.3,0.4,,
Cornus alternifolia,alternateleaf dogwood,Cornus,Cornaceae,Btr,species,0.5,0.003,0.03,0.02,0.04,0.3,0.03,0.05,0.06,0.04,1.6,0.4,0.7,0.4,1.2,0.1,0.2,0.04,1,0.5,0.8,0.3,0.4,,
Cornus amomum,silky dogwood,Cornus,Cornaceae,Shrub,species,0.5,0.003,0.03,0.02,0.04,0.3,0.03,0.05,0.06,0.04,1.6,0.4,0.7,0.4,1.2,0.1,0.2,0.04,1,0.5,0.8,0.3,0.4,,
Cornus canadensis,bunchberry dogwood,Cornus,Cornaceae,Shrub,species,0.5,0.003,0.03,0.02,0.04,0.3,0.03,0.05,0.06,0.04,1.6,0.4,0.7,0.4,1.2,0.1,0.2,0.04,1,0.5,0.8,0.3,0.4,,
Cornus capitata,Bentham's cornel,Cornus,Cornaceae,Unknown,species,0.5,0.003,0.03,0.02,0.04,0.3,0.03,0.05,0.06,0.04,1.6,0.4,0.7,0.4,1.2,0.1,0.2,0.04,1,0.5,0.8,0.3,0.4,,
Cornus drummondii,roughleaf dogwood,Cornus,Cornaceae,Btr,species,0.5,0.003,0.03,0.02,0.04,0.3,0.03,0.05,0.06,0.04,1.6,0.4,0.7,0.4,1.2,0.1,0.2,0.04,1,0.5,0.8,0.3,0.4,,
Cornus florida,flowering dogwood,Cornus,Cornaceae,Btr,species,0.5,0.003,0.03,0.02,0.04,0.3,0.03,0.05,0.06,0.04,1.6,0.4,0.7,0.4,1.2,0.1,0.2,0.04,1,0.5,0.8,0.3,0.4,,
Cornus foemina ssp. racemosa,,Cornus,Cornaceae,Btr,species,0.5,0.003,0.03,0.02,0.04,0.3,0.03,0.05,0.06,0.04,1.6,0.4,0.7,0.4,1.2,0.1,0.2,0.04,1,0.5,0.8,0.3,0.4,,
Cornus nuttallii,Pacific dogwood,Cornus,Cornaceae,Btr,species,0.5,0.003,0.03,0.02,0.04,0.3,0.03,0.05,0.06,0.04,1.6,0.4,0.7,0.4,1.2,0.1,0.2,0.04,1,0.5,0.8,0.3,0.4,,
Cornus racemosa,gray dogwood,Cornus,Cornaceae,Shrub,species,0.5,0.003,0.03,0.02,0.04,0.3,0.03,0.05,0.06,0.04,1.6,0.4,0.7,0.4,1.2,0.1,0.2,0.04,1,0.5,0.8,0.3,0.4,,
Cornus sanguinea,bloodtwig dogwood,Cornus,Cornaceae,Shrub,species,0.5,0.003,0.03,0.02,0.04,0.3,0.03,0.05,0.06,0.04,1.6,0.4,0.7,0.4,1.2,0.1,0.2,0.04,1,0.5,0.8,0.3,0.4,,
Cornus sericea ssp. sericea,redosier dogwood,Cornus,Cornaceae,Btr,species,0.5,0.003,0.03,0.02,0.04,0.3,0.03,0.05,0.06,0.04,1.6,0.4,0.7,0.4,1.2,0.1,0.2,0.04,1,0.5,0.8,0.3,0.4,,
Cornus stolonifera,,Cornus,Cornaceae,Unknown,species,0.5,0.003,0.03,0.02,0.04,0.3,0.03,0.05,0.06,0.04,1.6,0.4,0.7,0.4,1.2,0.1,0.2,0.04,1,0.5,0.8,0.3,0.4,,
Cornus stolonifera var. occidentalis,,Cornus,Cornaceae,Unknown,species,0.5,0.003,0.03,0.02,0.04,0.3,0.03,0.05,0.06,0.04,1.6,0.4,0.7,0.4,1.2,0.1,0.2,0.04,1,0.5,0.8,0.3,0.4,,
Coronilla valentina,Mediterranean crownvetch,Coronilla,Fabaceae,Shrub,species,6,0.01,0.4,0.3,0.18,0.25,0.03,0.05,0.06,0.04,1.4,0.4,0.7,0.4,1.2,0.1,0.2,0.04,1,0.5,0.8,0.3,0.4,,
Corylus,hazelnut,Corylus,Betulaceae,Btr,genus,1,0.003,0.1,0.1,0.08,0.5,0.03,0.05,0.06,0.04,1.6,0.4,0.7,0.4,1.2,0.1,0.2,0.04,1,0.5,0.8,0.3,0.4,,
Corylus americana,American hazelnut,Corylus,Betulaceae,Shrub,species,1,0.003,0.1,0.1,0.08,0.5,0.03,0.05,0.06,0.04,1.6,0.4,0.7,0.4,1.2,0.1,0.2,0.04,1,0.5,0.8,0.3,0.4,,
Corylus avellana,common filbert,Corylus,Betulaceae,Btr,species,6,0.01,0.4,0.3,0.18,0.25,0.03,0.05,0.06,0.04,1.4,0.4,0.7,0.4,1.2,0.1,0.2,0.04,1,0.5,0.8,0.3,0.4,,
Corylus californica,,Corylus,Betulaceae,Unknown,species,6,0.01,0.4,0.3,0.18,0.25,0.03,0.05,0.06,0.04,1.4,0.4,0.7,0.4,1.2,0.1,0.2,0.04,1,0.5,0.8,0.3,0.4,,
Corylus colurna,Turkish hazelnut,Corylus,Betulaceae,Unknown,species,6,0.01,0.4,0.3,0.18,0.25,0.03,0.05,0.06,0.04,1.4,0.4,0.7,0.4,1.2,0.1,0.2,0.04,1,0.5,0.8,0.3,0.4,,
Corylus cornuta,beaked hazelnut,Corylus,Betulaceae,Btr,species,1,0.003,0.1,0.1,0.08,0.5,0.03,0.05,0.06,0.04,1.6,0.4,0.7,0.4,1.2,0.1,0.2,0.04,1,0.5,0.8,0.3,0.4,,
Corylus cornuta var. californica,California hazelnut,Corylus,Betulaceae,Btr,species,1,0.003,0.1,0.1,0.08,0.5,0.03,0.05,0.06,0.04,1.6,0.4,0.7,0.4,1.2,0.1,0.2,0.04,1,0.5,0.8,0.3,0.4,,
Corylus mandshurica,,Corylus,Betulaceae,Unknown,species,6,0.01,0.4,0.3,0.18,0.25,0.03,0.05,0.06,0.04,1.4,0.4,0.7,0.4,1.2,0.1,0.2,0.04,1,0.5,0.8,0.3,0.4,,
Corymbia citriodora,,Corymbia,Myrtaceae,Btr,species,6,0.01,0.4,0.3,0.18,0.25,0.03,0.05,0.06,0.04,1.4,0.4,0.7,0.4,1.2,0.1,0.2,0.04,1,0.5,0.8,0.3,0.4,,
Corymbia ficifolia,redflower gum,Corymbia,Myrtaceae,Btr,species,6,0.01,0.4,0.3,0.18,0.25,0.03,0.05,0.06,0.04,1.4,0.4,0.7,0.4,1.2,0.1,0.2,0.04,1,0.5,0.8,0.3,0.4,,
Corymbia maculata,corymbia,Corymbia,Myrtaceae,Btr,species,6,0.01,0.4,0.3,0.18,0.25,0.03,0.05,0.06,0.04,1.4,0.4,0.7,0.4,1.2,0.1,0.2,0.04,1,0.5,0.8,0.3,0.4,,
Corymbia papuana,ghost gum,Corymbia,Myrtaceae,Unknown,species,6,0.01,0.4,0.3,0.18,0.25,0.03,0.05,0.06,0.04,1.4,0.4,0.7,0.4,1.2,0.1,0.2,0.04,1,0.5,0.8,0.3,0.4,,
Corymbiaácitriodora,lemonscented gum,Corymbia,Myrtaceae,Btr,genus,6,0.01,0.4,0.3,0.18,0.25,0.03,0.05,0.06,0.04,1.4,0.4,0.7,0.4,1.2,0.1,0.2,0.04,1,0.5,0.8,0.3,0.4,,
Corynanthe mayumbensis,,Corynanthe,Rubiaceae,Unknown,species,6,0.01,0.4,0.3,0.18,0.25,0.03,0.05,0.06,0.04,1.4,0.4,0.7,0.4,1.2,0.1,0.2,0.04,1,0.5,0.8,0.3,0.4,,
Corynocarpus laevigatus,karaka nut,Corynocarpus,Corynocarpaceae,Btr,species,6,0.01,0.4,0.3,0.18,0.25,0.03,0.05,0.06,0.04,1.4,0.4,0.7,0.4,1.2,0.1,0.2,0.04,1,0.5,0.8,0.3,0.4,,
Cotinus coggygria,European smoketree,Cotinus,Anacardiaceae,Btr,species,6,0.01,0.4,0.3,0.18,0.25,0.03,0.05,0.06,0.04,1.4,0.4,0.7,0.4,1.2,0.1,0.2,0.04,1,0.5,0.8,0.3,0.4,,
Cotoneaster lacteus,milkflower cotoneaster,Cotoneaster,Rosaceae,Shrub,species,6,0.01,0.4,0.3,0.18,0.25,0.03,0.05,0.06,0.04,1.4,0.4,0.7,0.4,1.2,0.1,0.2,0.04,1,0.5,0.8,0.3,0.4,,
Cotoneaster pannosus,silverleaf cotoneaster,Cotoneaster,Rosaceae,Shrub,species,6,0.01,0.4,0.3,0.18,0.25,0.03,0.05,0.06,0.04,1.4,0.4,0.7,0.4,1.2,0.1,0.2,0.04,1,0.5,0.8,0.3,0.4,,
Cotoneaster parneyi,,Cotoneaster,Rosaceae,Unknown,species,6,0.01,0.4,0.3,0.18,0.25,0.03,0.05,0.06,0.04,1.4,0.4,0.7,0.4,1.2,0.1,0.2,0.04,1,0.5,0.8,0.3,0.4,,
Couratari stellata,,Couratari,Lecythidaceae,Btr,species,6,0.01,0.4,0.3,0.18,0.25,0.03,0.05,0.06,0.04,1.4,0.4,0.7,0.4,1.2,0.1,0.2,0.04,1,0.5,0.8,0.3,0.4,,
Crataegus,hawthorn,Crataegus,Rosaceae,Btr,genus,0.003,0.003,0.1,0.1,0.05,0.1,0.03,0.05,0.06,0.04,1.6,0.4,0.7,0.4,1.2,0.1,0.2,0.04,1,0.5,0.8,0.3,0.4,,
Crataegus columbiana,,Crataegus,Rosaceae,Unknown,species,0.003,0.003,0.1,0.1,0.05,0.1,0.03,0.05,0.06,0.04,1.6,0.4,0.7,0.4,1.2,0.1,0.2,0.04,1,0.5,0.8,0.3,0.4,,
Crataegus douglasii,black hawthorn,Crataegus,Rosaceae,Btr,species,0.003,0.003,0.1,0.1,0.05,0.1,0.03,0.05,0.06,0.04,1.6,0.4,0.7,0.4,1.2,0.1,0.2,0.04,1,0.5,0.8,0.3,0.4,,
Crataegus douglasii var. douglasii,,Crataegus,Rosaceae,Unknown,species,0.003,0.003,0.1,0.1,0.05,0.1,0.03,0.05,0.06,0.04,1.6,0.4,0.7,0.4,1.2,0.1,0.2,0.04,1,0.5,0.8,0.3,0.4,,
Crataegus laevigata,smooth hawthorn,Crataegus,Rosaceae,Btr,species,0.003,0.003,0.1,0.1,0.05,0.1,0.03,0.05,0.06,0.04,1.6,0.4,0.7,0.4,1.2,0.1,0.2,0.04,1,0.5,0.8,0.3,0.4,,
Crataegus monogyna,oneseed hawthorn,Crataegus,Rosaceae,Btr,species,0.003,0.003,0.1,0.1,0.05,0.1,0.03,0.05,0.06,0.04,1.6,0.4,0.7,0.4,1.2,0.1,0.2,0.04,1,0.5,0.8,0.3,0.4,,
Crataegus phaenopyrum,Washington hawthorn,Crataegus,Rosaceae,Btr,species,0.003,0.003,0.1,0.1,0.05,0.1,0.03,0.05,0.06,0.04,1.6,0.4,0.7,0.4,1.2,0.1,0.2,0.04,1,0.5,0.8,0.3,0.4,,
Crataegus punctata,dotted hawthorn,Crataegus,Rosaceae,Btr,species,0.003,0.003,0.1,0.1,0.05,0.1,0.03,0.05,0.06,0.04,1.6,0.4,0.7,0.4,1.2,0.1,0.2,0.04,1,0.5,0.8,0.3,0.4,,
Cratoxylon cochinchensis,,Cratoxylon,Hypericaceae,Unknown,species,6,0.01,0.4,0.3,0.18,0.25,0.03,0.05,0.06,0.04,1.4,0.4,0.7,0.4,1.2,0.1,0.2,0.04,1,0.5,0.8,0.3,0.4,,
Cratoxylon formosum,,Cratoxylon,Hypericaceae,Unknown,species,6,0.01,0.4,0.3,0.18,0.25,0.03,0.05,0.06,0.04,1.4,0.4,0.7,0.4,1.2,0.1,0.2,0.04,1,0.5,0.8,0.3,0.4,,
Crinodendron patagua,,Crinodendron,Elaeocarpaceae,Btr,species,6,0.01,0.4,0.3,0.18,0.25,0.03,0.05,0.06,0.04,1.4,0.4,0.7,0.4,1.2,0.1,0.2,0.04,1,0.5,0.8,0.3,0.4,,
Crossopetalum rhacoma,maidenberry,Crossopetalum,Celastraceae,Btr,species,6,0.01,0.4,0.3,0.18,0.25,0.03,0.05,0.06,0.04,1.4,0.4,0.7,0.4,1.2,0.1,0.2,0.04,1,0.5,0.8,0.3,0.4,,
Crossopteryx febrifuga,,Crossopteryx,Rubiaceae,Unknown,species,6,0.01,0.4,0.3,0.18,0.25,0.03,0.05,0.06,0.04,1.4,0.4,0.7,0.4,1.2,0.1,0.2,0.04,1,0.5,0.8,0.3,0.4,,
Croton,croton,Croton,Euphorbiaceae,Btr,genus,6,0.01,0.4,0.3,0.18,0.25,0.03,0.05,0.06,0.04,1.4,0.4,0.7,0.4,1.2,0.1,0.2,0.04,1,0.5,0.8,0.3,0.4,,
Croton argyratus,,Croton,Euphorbiaceae,Unknown,species,6,0.01,0.4,0.3,0.18,0.25,0.03,0.05,0.06,0.04,1.4,0.4,0.7,0.4,1.2,0.1,0.2,0.04,1,0.5,0.8,0.3,0.4,,
Croton discolor,lechecillo,Croton,Euphorbiaceae,Shrub,species,6,0.01,0.4,0.3,0.18,0.25,0.03,0.05,0.06,0.04,1.4,0.4,0.7,0.4,1.2,0.1,0.2,0.04,1,0.5,0.8,0.3,0.4,,
Croton matourensis,,Croton,Euphorbiaceae,Unknown,species,6,0.01,0.4,0.3,0.18,0.25,0.03,0.05,0.06,0.04,1.4,0.4,0.7,0.4,1.2,0.1,0.2,0.04,1,0.5,0.8,0.3,0.4,,
Croton megalobotrys,large fever berry,Croton,Euphorbiaceae,Unknown,species,6,0.01,0.4,0.3,0.18,0.25,0.03,0.05,0.06,0.04,1.4,0.4,0.7,0.4,1.2,0.1,0.2,0.04,1,0.5,0.8,0.3,0.4,,
Crotonogyne giorgii,,Crotonogyne,Euphorbiaceae,Unknown,species,6,0.01,0.4,0.3,0.18,0.25,0.03,0.05,0.06,0.04,1.4,0.4,0.7,0.4,1.2,0.1,0.2,0.04,1,0.5,0.8,0.3,0.4,,
Cruciferae,,Cruciferae,Cruciferae,Unknown,family,6,0.01,0.4,0.3,0.18,0.25,0.03,0.05,0.06,0.04,1.4,0.4,0.7,0.4,1.2,0.1,0.2,0.04,1,0.5,0.8,0.3,0.4,,
Crypteronia paniculatat,,Crypteronia,Crypteroniaceae,Unknown,species,6,0.01,0.4,0.3,0.18,0.25,0.03,0.05,0.06,0.04,1.4,0.4,0.7,0.4,1.2,0.1,0.2,0.04,1,0.5,0.8,0.3,0.4,,
Cryptocarya concinna,,Cryptocarya,Lauraceae,Unknown,species,6,0.01,0.4,0.3,0.18,0.25,0.03,0.05,0.06,0.04,1.4,0.4,0.7,0.4,1.2,0.1,0.2,0.04,1,0.5,0.8,0.3,0.4,,
Cryptocarya rubra,red cryptocarya,Cryptocarya,Lauraceae,Unknown,species,6,0.01,0.4,0.3,0.18,0.25,0.03,0.05,0.06,0.04,1.4,0.4,0.7,0.4,1.2,0.1,0.2,0.04,1,0.5,0.8,0.3,0.4,,
Cryptomeria fortunei,,Cryptomeria,Cupressaceae,Ntr,species,6,0.01,0.4,0.3,0.18,0.25,0.03,0.05,0.06,0.04,1.4,0.4,0.7,0.4,1.2,0.1,0.2,0.04,1,0.5,0.8,0.3,0.4,,
Cryptomeria japonica,Japanese cedar,Cryptomeria,Cupressaceae,Ntr,species,6,0.01,0.4,0.3,0.18,0.25,0.03,0.05,0.06,0.04,1.4,0.4,0.7,0.4,1.2,0.1,0.2,0.04,1,0.5,0.8,0.3,0.4,,
Cryptosepalum,,Cryptosepalum,Fabaceae,Btr,genus,6,0.01,0.4,0.3,0.18,0.25,0.03,0.05,0.06,0.04,1.4,0.4,0.7,0.4,1.2,0.1,0.2,0.04,1,0.5,0.8,0.3,0.4,,
Cryptosepalum exfoliatum,,Cryptosepalum,Fabaceae,Btr,species,6,0.01,0.4,0.3,0.18,0.25,0.03,0.05,0.06,0.04,1.4,0.4,0.7,0.4,1.2,0.1,0.2,0.04,1,0.5,0.8,0.3,0.4,,
Cunninghamia lanceolata,Chinese fir,Cunninghamia,Cupressaceae,Ntr,species,6,0.01,0.4,0.3,0.18,0.25,0.03,0.05,0.06,0.04,1.4,0.4,0.7,0.4,1.2,0.1,0.2,0.04,1,0.5,0.8,0.3,0.4,,
Cunonia capensis,,Cunonia,Cunoniaceae,Btr,species,6,0.01,0.4,0.3,0.18,0.25,0.03,0.05,0.06,0.04,1.4,0.4,0.7,0.4,1.2,0.1,0.2,0.04,1,0.5,0.8,0.3,0.4,,
Cupania,cupania,Cupania,Sapindaceae,Btr,genus,6,0.01,0.4,0.3,0.18,0.25,0.03,0.05,0.06,0.04,1.4,0.4,0.7,0.4,1.2,0.1,0.2,0.04,1,0.5,0.8,0.3,0.4,,
Cupania anacardioides,,Cupania,Sapindaceae,Unknown,species,6,0.01,0.4,0.3,0.18,0.25,0.03,0.05,0.06,0.04,1.4,0.4,0.7,0.4,1.2,0.1,0.2,0.04,1,0.5,0.8,0.3,0.4,,
Cupaniopsis anacardioides,carrotwood,Cupaniopsis,Sapindaceae,Btr,species,6,0.01,0.4,0.3,0.18,0.25,0.03,0.05,0.06,0.04,1.4,0.4,0.7,0.4,1.2,0.1,0.2,0.04,1,0.5,0.8,0.3,0.4,,
Cupressaceae,,Cupressaceae,Cupressaceae,Unknown,family,0.003,0.003,0.7,0.5,0.12,0.3,0.03,0.05,0.09,0.06,1.6,0.4,0.7,0.4,1.5,0.1,0.2,0.04,1,0.5,0.8,0.3,0.4,,
Cupressus,cypress,Cupressus,Cupressaceae,Ntr,genus,0.003,0.003,0.7,0.5,0.12,0.3,0.03,0.05,0.09,0.06,1.6,0.4,0.7,0.4,1.5,0.1,0.2,0.04,1,0.5,0.8,0.3,0.4,,
Cupressus abramsiana,Santa Cruz cypress,Cupressus,Cupressaceae,Ntr,species,0.003,0.003,0.7,0.5,0.12,0.3,0.03,0.05,0.09,0.06,1.6,0.4,0.7,0.4,1.5,0.1,0.2,0.04,1,0.5,0.8,0.3,0.4,,
Cupressus arizonica,Arizona cypress,Cupressus,Cupressaceae,Ntr,species,0.003,0.003,0.7,0.5,0.12,0.3,0.03,0.05,0.09,0.06,1.6,0.4,0.7,0.4,1.5,0.1,0.2,0.04,1,0.5,0.8,0.3,0.4,,
Cupressus forbesii,tecate cypress,Cupressus,Cupressaceae,Ntr,species,0.003,0.003,0.7,0.5,0.12,0.3,0.03,0.05,0.09,0.06,1.6,0.4,0.7,0.4,1.5,0.1,0.2,0.04,1,0.5,0.8,0.3,0.4,,
Cupressus glabra,,Cupressus,Cupressaceae,Ntr,species,0.003,0.003,0.7,0.5,0.12,0.3,0.03,0.05,0.09,0.06,1.6,0.4,0.7,0.4,1.5,0.1,0.2,0.04,1,0.5,0.8,0.3,0.4,,
Cupressus guadalupensis,Guadeloupe cypress,Cupressus,Cupressaceae,Ntr,species,0.003,0.003,0.7,0.5,0.12,0.3,0.03,0.05,0.09,0.06,1.6,0.4,0.7,0.4,1.5,0.1,0.2,0.04,1,0.5,0.8,0.3,0.4,,
Cupressus leylandii,Leyland cypress,Cupressus,Cupressaceae,Ntr,species,0.003,0.003,0.7,0.5,0.12,0.3,0.03,0.05,0.09,0.06,1.6,0.4,0.7,0.4,1.5,0.1,0.2,0.04,1,0.5,0.8,0.3,0.4,,
Cupressus lusitanica,cedar-of-Goa,Cupressus,Cupressaceae,Ntr,species,0.003,0.003,0.7,0.5,0.12,0.3,0.03,0.05,0.09,0.06,1.6,0.4,0.7,0.4,1.5,0.1,0.2,0.04,1,0.5,0.8,0.3,0.4,,
Cupressus macnabiana,MacNab's cypress,Cupressus,Cupressaceae,Ntr,species,0.003,0.005,0.7,0.5,0.12,0.3,0.03,0.05,0.09,0.06,1.6,0.4,0.7,0.4,1.5,0.1,0.2,0.04,1,0.5,0.8,0.3,0.4,,
Cupressus macrocarpa,Monterey cypress,Cupressus,Cupressaceae,Ntr,species,0.003,0.003,0.7,0.5,0.12,0.3,0.03,0.05,0.09,0.06,1.6,0.4,0.7,0.4,1.5,0.1,0.2,0.04,1,0.5,0.8,0.3,0.4,,
Cupressus orientalis,,Cupressus,Cupressaceae,Unknown,species,0.003,0.003,0.7,0.5,0.12,0.3,0.03,0.05,0.09,0.06,1.6,0.4,0.7,0.4,1.5,0.1,0.2,0.04,1,0.5,0.8,0.3,0.4,,
Cupressus sempervirens,Italian cypress,Cupressus,Cupressaceae,Ntr,species,0.003,0.003,0.7,0.5,0.12,0.3,0.03,0.05,0.09,0.06,1.6,0.4,0.7,0.4,1.5,0.1,0.2,0.04,1,0.5,0.8,0.3,0.4,,
Cussonia zuluensis,,Cussonia,Araliaceae,Unknown,species,6,0.01,0.4,0.3,0.18,0.25,0.03,0.05,0.06,0.04,1.4,0.4,0.7,0.4,1.2,0.1,0.2,0.04,1,0.5,0.8,0.3,0.4,,
Cyathea cooperi,Cooper's cyathea,Cyathea,Cyatheaceae,Btr,species,6,0.01,0.4,0.3,0.18,0.25,0.03,0.05,0.06,0.04,1.4,0.4,0.7,0.4,1.2,0.1,0.2,0.04,1,0.5,0.8,0.3,0.4,,
Cyathea medullaris,,Cyathea,Cyatheaceae,Unknown,species,6,0.01,0.4,0.3,0.18,0.25,0.03,0.05,0.06,0.04,1.4,0.4,0.7,0.4,1.2,0.1,0.2,0.04,1,0.5,0.8,0.3,0.4,,
Cyathea tenera,,Cyathea,Cyatheaceae,Btr,species,6,0.01,0.4,0.3,0.18,0.25,0.03,0.05,0.06,0.04,1.4,0.4,0.7,0.4,1.2,0.1,0.2,0.04,1,0.5,0.8,0.3,0.4,,
Cycas,cycad,Cycas,Cycadaceae,Btr,genus,6,0.01,0.4,0.3,0.18,0.25,0.03,0.05,0.06,0.04,1.4,0.4,0.7,0.4,1.2,0.1,0.2,0.04,1,0.5,0.8,0.3,0.4,,
Cycas circinalis,cycad,Cycas,Cycadaceae,Btr,genus,6,0.01,0.4,0.3,0.18,0.25,0.03,0.05,0.06,0.04,1.4,0.4,0.7,0.4,1.2,0.1,0.2,0.04,1,0.5,0.8,0.3,0.4,,
Cycas revoluta,sago palm,Cycas,Cycadaceae,Btr,species,6,0.01,0.4,0.3,0.18,0.25,0.03,0.05,0.06,0.04,1.4,0.4,0.7,0.4,1.2,0.1,0.2,0.04,1,0.5,0.8,0.3,0.4,,
Cycas revolutus,,Cycas,Cycadaceae,Unknown,species,6,0.01,0.4,0.3,0.18,0.25,0.03,0.05,0.06,0.04,1.4,0.4,0.7,0.4,1.2,0.1,0.2,0.04,1,0.5,0.8,0.3,0.4,,
Cyclosorus parasiticus,,Cyclosorus,Thelypteridaceae,Herb,species,6,0.01,0.4,0.3,0.18,0.25,0.03,0.05,0.06,0.04,1.4,0.4,0.7,0.4,1.2,0.1,0.2,0.04,1,0.5,0.8,0.3,0.4,,
Cydonia oblonga,quince,Cydonia,Rosaceae,Btr,species,6,0.01,0.4,0.3,0.18,0.25,0.03,0.05,0.06,0.04,1.4,0.4,0.7,0.4,1.2,0.1,0.2,0.04,1,0.5,0.8,0.3,0.4,,
Cynodendron oliviforme,,Cynodendron,Sapotaceae,Btr,species,6,0.003,0.12,0.15,0.08,0.1,0.03,0.05,0.06,0.04,1.6,0.4,0.7,0.4,1.2,0.1,0.2,0.04,1,0.5,0.8,0.3,0.4,,
Cynodon dactylon,Bermudagrass,Cynodon,Poaceae,Herb,species,6,0.01,0.4,0.3,0.18,0.25,0.03,0.05,0.06,0.04,1.4,0.4,0.7,0.4,1.2,0.1,0.2,0.04,1,0.5,0.8,0.3,0.4,,
Cyperaceae,,Cyperaceae,Cyperaceae,Unknown,family,6,0.01,0.4,0.3,0.18,0.25,0.03,0.05,0.06,0.04,1.4,0.4,0.7,0.4,1.2,0.1,0.2,0.04,1,0.5,0.8,0.3,0.4,,
Cyperus,flatsedge,Cyperus,Cyperaceae,Herb,genus,6,0.01,0.4,0.3,0.18,0.25,0.03,0.05,0.06,0.04,1.4,0.4,0.7,0.4,1.2,0.1,0.2,0.04,1,0.5,0.8,0.3,0.4,,
Cyperus alternifolius,,Cyperus,Cyperaceae,Unknown,species,6,0.01,0.4,0.3,0.18,0.25,0.03,0.05,0.06,0.04,1.4,0.4,0.7,0.4,1.2,0.1,0.2,0.04,1,0.5,0.8,0.3,0.4,,
Cyperus papyrus,papyrus,Cyperus,Cyperaceae,Herb,species,6,0.01,0.4,0.3,0.18,0.25,0.03,0.05,0.06,0.04,1.4,0.4,0.7,0.4,1.2,0.1,0.2,0.04,1,0.5,0.8,0.3,0.4,,
Cyphomandra betacea,tree tomato,Cyphomandra,Solanaceae,Unknown,species,6,0.01,0.4,0.3,0.18,0.25,0.03,0.05,0.06,0.04,1.4,0.4,0.7,0.4,1.2,0.1,0.2,0.04,1,0.5,0.8,0.3,0.4,,
Cyrilla,titi,Cyrilla,Cyrillaceae,Btr,genus,6,0.01,0.4,0.3,0.18,0.25,0.03,0.05,0.06,0.04,1.4,0.4,0.7,0.4,1.2,0.1,0.2,0.04,1,0.5,0.8,0.3,0.4,,
Cyrilla racemiflora,swamp titi,Cyrilla,Cyrillaceae,Btr,species,8,0.003,0.12,0.15,0.08,0.1,0.03,0.05,0.06,0.04,1.6,0.4,0.7,0.4,1.2,0.1,0.2,0.04,1,0.5,0.8,0.3,0.4,,
Cyrillaceae,,Cyrillaceae,Cyrillaceae,Unknown,family,6,0.01,0.4,0.3,0.18,0.25,0.03,0.05,0.06,0.04,1.4,0.4,0.7,0.4,1.2,0.1,0.2,0.04,1,0.5,0.8,0.3,0.4,,
Cyrtomium falcatum,Japanese netvein hollyfern,Cyrtomium,Dryopteridaceae,Herb,species,6,0.01,0.4,0.3,0.18,0.25,0.03,0.05,0.06,0.04,1.4,0.4,0.7,0.4,1.2,0.1,0.2,0.04,1,0.5,0.8,0.3,0.4,,
Cystisus battandieri,,Cystisus,Fabaceae,Unknown,species,6,0.01,0.4,0.3,0.18,0.25,0.03,0.05,0.06,0.04,1.4,0.4,0.7,0.4,1.2,0.1,0.2,0.04,1,0.5,0.8,0.3,0.4,,Argyrocytisus battandieri
Cystisus multiflorus,,Cystisus,Fabaceae,Unknown,species,6,0.01,0.4,0.3,0.18,0.25,0.03,0.05,0.06,0.04,1.4,0.4,0.7,0.4,1.2,0.1,0.2,0.04,1,0.5,0.8,0.3,0.4,,
Cytisus,broom,Cytisus,Fabaceae,Shrub,genus,6,0.01,0.4,0.3,0.18,0.25,0.03,0.05,0.06,0.04,1.4,0.4,0.7,0.4,1.2,0.1,0.2,0.04,1,0.5,0.8,0.3,0.4,,
Cytisus battandieri,,Cytisus,Fabaceae,Unknown,species,6,0.01,0.4,0.3,0.18,0.25,0.03,0.05,0.06,0.04,1.4,0.4,0.7,0.4,1.2,0.1,0.2,0.04,1,0.5,0.8,0.3,0.4,,
Cytisus multiflorus,white spanishbroom,Cytisus,Fabaceae,Shrub,species,6,0.01,0.4,0.3,0.18,0.25,0.03,0.05,0.06,0.04,1.4,0.4,0.7,0.4,1.2,0.1,0.2,0.04,1,0.5,0.8,0.3,0.4,,
Cytisus praecox,,Cytisus,Fabaceae,Unknown,species,6,0.01,0.4,0.3,0.18,0.25,0.03,0.05,0.06,0.04,1.4,0.4,0.7,0.4,1.2,0.1,0.2,0.04,1,0.5,0.8,0.3,0.4,,
Cytisus scoparius,Scotch broom,Cytisus,Fabaceae,Shrub,species,6,0.01,0.4,0.3,0.18,0.25,0.03,0.05,0.06,0.04,1.4,0.4,0.7,0.4,1.2,0.1,0.2,0.04,1,0.5,0.8,0.3,0.4,,
Cytisus spachinanus,,Cytisus,Fabaceae,Unknown,species,6,0.01,0.4,0.3,0.18,0.25,0.03,0.05,0.06,0.04,1.4,0.4,0.7,0.4,1.2,0.1,0.2,0.04,1,0.5,0.8,0.3,0.4,,
Dacrydium cupressinum,New Zealand red pine,Dacrydium,Podocarpaceae,Ntr,species,6,0.01,0.4,0.3,0.18,0.25,0.03,0.05,0.06,0.04,1.4,0.4,0.7,0.4,1.2,0.1,0.2,0.04,1,0.5,0.8,0.3,0.4,,
Dacryodes edulis,eben tree,Dacryodes,Burseraceae,Unknown,species,6,0.01,0.4,0.3,0.18,0.25,0.03,0.05,0.06,0.04,1.4,0.4,0.7,0.4,1.2,0.1,0.2,0.04,1,0.5,0.8,0.3,0.4,,
Dactylis glomerata,orchardgrass,Dactylis,Poaceae,Herb,species,6,0.01,0.4,0.3,0.18,0.25,0.03,0.05,0.06,0.04,1.4,0.4,0.7,0.4,1.2,0.1,0.2,0.04,1,0.5,0.8,0.3,0.4,,
Dais cotinifolia,,Dais,Thymelaeaceae,Btr,species,6,0.01,0.4,0.3,0.18,0.25,0.03,0.05,0.06,0.04,1.4,0.4,0.7,0.4,1.2,0.1,0.2,0.04,1,0.5,0.8,0.3,0.4,,
Dalbergia fusca,,Dalbergia,Fabaceae,Unknown,species,6,0.01,0.4,0.3,0.18,0.25,0.03,0.05,0.06,0.04,1.4,0.4,0.7,0.4,1.2,0.1,0.2,0.04,1,0.5,0.8,0.3,0.4,,
Dalbergia hostilis,,Dalbergia,Fabaceae,Unknown,species,6,0.01,0.4,0.3,0.18,0.25,0.03,0.05,0.06,0.04,1.4,0.4,0.7,0.4,1.2,0.1,0.2,0.04,1,0.5,0.8,0.3,0.4,,
Dalbergia melanoxylon,,Dalbergia,Fabaceae,Unknown,species,6,0.01,0.4,0.3,0.18,0.25,0.03,0.05,0.06,0.04,1.4,0.4,0.7,0.4,1.2,0.1,0.2,0.04,1,0.5,0.8,0.3,0.4,,
Dalbergia obtusifolia,,Dalbergia,Fabaceae,Unknown,species,6,0.01,0.4,0.3,0.18,0.25,0.03,0.05,0.06,0.04,1.4,0.4,0.7,0.4,1.2,0.1,0.2,0.04,1,0.5,0.8,0.3,0.4,,
Dalbergia saxatilis,,Dalbergia,Fabaceae,Unknown,species,6,0.01,0.4,0.3,0.18,0.25,0.03,0.05,0.06,0.04,1.4,0.4,0.7,0.4,1.2,0.1,0.2,0.04,1,0.5,0.8,0.3,0.4,,
Dalbergia sissoo,Indian rosewood,Dalbergia,Fabaceae,Btr,species,6,0.01,0.4,0.3,0.18,0.25,0.03,0.05,0.06,0.04,1.4,0.4,0.7,0.4,1.2,0.1,0.2,0.04,1,0.5,0.8,0.3,0.4,,
Dalhousiea africana,,Dalhousiea,Fabaceae,Unknown,species,6,0.01,0.4,0.3,0.18,0.25,0.03,0.05,0.06,0.04,1.4,0.4,0.7,0.4,1.2,0.1,0.2,0.04,1,0.5,0.8,0.3,0.4,,
Daniellia oliveri,African copaiba balsam tree,Daniellia,Fabaceae,Unknown,species,6,0.01,0.4,0.3,0.18,0.25,0.03,0.05,0.06,0.04,1.4,0.4,0.7,0.4,1.2,0.1,0.2,0.04,1,0.5,0.8,0.3,0.4,,
Daphne gnidium,,Daphne,Thymelaeaceae,Unknown,species,6,0.01,0.4,0.3,0.18,0.25,0.03,0.05,0.06,0.04,1.4,0.4,0.7,0.4,1.2,0.1,0.2,0.04,1,0.5,0.8,0.3,0.4,,
Datura arborea,,Datura,Solanaceae,Unknown,species,6,0.01,0.4,0.3,0.18,0.25,0.03,0.05,0.06,0.04,1.4,0.4,0.7,0.4,1.2,0.1,0.2,0.04,1,0.5,0.8,0.3,0.4,,
Daucus carota,Queen Anne's lace,Daucus,Apiaceae,Herb,species,6,0.01,0.4,0.3,0.18,0.25,0.03,0.05,0.06,0.04,1.4,0.4,0.7,0.4,1.2,0.1,0.2,0.04,1,0.5,0.8,0.3,0.4,,
Daucus carota var. sativus,Domestic carrot,Daucus,Apiaceae,Herb,species,6,0.01,0.4,0.3,0.18,0.25,0.03,0.05,0.06,0.04,1.4,0.4,0.7,0.4,1.2,0.1,0.2,0.04,1,0.5,0.8,0.3,0.4,,
Davallia rugosa,,Davallia,Davalliaceae,Unknown,species,6,0.01,0.4,0.3,0.18,0.25,0.03,0.05,0.06,0.04,1.4,0.4,0.7,0.4,1.2,0.1,0.2,0.04,1,0.5,0.8,0.3,0.4,,
Davilla,,Davilla,TBD,Unknown,genus,6,0.01,0.4,0.3,0.18,0.25,0.03,0.05,0.06,0.04,1.4,0.4,0.7,0.4,1.2,0.1,0.2,0.04,1,0.5,0.8,0.3,0.4,,
Delonix regia,royal poinciana,Delonix,Fabaceae,Btr,species,6,0.01,0.4,0.3,0.18,0.25,0.03,0.05,0.06,0.04,1.4,0.4,0.7,0.4,1.2,0.1,0.2,0.04,1,0.5,0.8,0.3,0.4,,
Dendrocalamus giganteus,,Dendrocalamus,Poaceae,Unknown,species,6,0.01,0.4,0.3,0.18,0.25,0.03,0.05,0.06,0.04,1.4,0.4,0.7,0.4,1.2,0.1,0.2,0.04,1,0.5,0.8,0.3,0.4,,
Dendrocalamus hamilatonii,,Dendrocalamus,Poaceae,Unknown,species,6,0.01,0.4,0.3,0.18,0.25,0.03,0.05,0.06,0.04,1.4,0.4,0.7,0.4,1.2,0.1,0.2,0.04,1,0.5,0.8,0.3,0.4,,
Dendrocalamus membranaceus,,Dendrocalamus,Poaceae,Unknown,species,6,0.01,0.4,0.3,0.18,0.25,0.03,0.05,0.06,0.04,1.4,0.4,0.7,0.4,1.2,0.1,0.2,0.04,1,0.5,0.8,0.3,0.4,,
Dendromecon,tree poppy,Dendromecon,Papaveraceae,Btr,genus,6,0.01,0.4,0.3,0.18,0.25,0.03,0.05,0.06,0.04,1.4,0.4,0.7,0.4,1.2,0.1,0.2,0.04,1,0.5,0.8,0.3,0.4,,
Dendromecon harfordii,Harford's tree poppy,Dendromecon,Papaveraceae,Btr,species,6,0.01,0.4,0.3,0.18,0.25,0.03,0.05,0.06,0.04,1.4,0.4,0.7,0.4,1.2,0.1,0.2,0.04,1,0.5,0.8,0.3,0.4,,
Dendromecon rigida,tree poppy,Dendromecon,Papaveraceae,Btr,species,6,0.01,0.4,0.3,0.18,0.25,0.03,0.05,0.06,0.04,1.4,0.4,0.7,0.4,1.2,0.1,0.2,0.04,1,0.5,0.8,0.3,0.4,,
Deschampsia flexuosa,wavy hairgrass,Deschampsia,Poaceae,Herb,species,6,0.01,0.4,0.3,0.18,0.25,0.03,0.05,0.06,0.04,1.4,0.4,0.7,0.4,1.2,0.1,0.2,0.04,1,0.5,0.8,0.3,0.4,,
Desmanthus,bundleflower,Desmanthus,Fabaceae,Shrub,species,6,0.003,0.15,0.15,0.08,0.15,0.03,0.05,0.06,0.04,1.6,0.4,0.7,0.4,1.2,0.1,0.2,0.04,1,0.5,0.8,0.3,0.4,,
Desmanthus illinoensis,Illinois bundleflower,Desmanthus,Fabaceae,Shrub,species,6,0.003,0.15,0.15,0.08,0.15,0.03,0.05,0.06,0.04,1.6,0.4,0.7,0.4,1.2,0.1,0.2,0.04,1,0.5,0.8,0.3,0.4,,
Desplatsia chrysochlamys,,Desplatsia,TBD,Unknown,species,6,0.01,0.4,0.3,0.18,0.25,0.03,0.05,0.06,0.04,1.4,0.4,0.7,0.4,1.2,0.1,0.2,0.04,1,0.5,0.8,0.3,0.4,,
Detarium microcarpum,,Detarium,TBD,Unknown,species,6,0.01,0.4,0.3,0.18,0.25,0.03,0.05,0.06,0.04,1.4,0.4,0.7,0.4,1.2,0.1,0.2,0.04,1,0.5,0.8,0.3,0.4,,
Deutzia granchflora,,Deutzia,Hydrangeaceae,Shrub,species,6,0.01,0.4,0.3,0.18,0.25,0.03,0.05,0.06,0.04,1.4,0.4,0.7,0.4,1.2,0.1,0.2,0.04,1,0.5,0.8,0.3,0.4,,
Dialium,dialium,Dialium,Fabaceae,Unknown,genus,6,0.01,0.4,0.3,0.18,0.25,0.03,0.05,0.06,0.04,1.4,0.4,0.7,0.4,1.2,0.1,0.2,0.04,1,0.5,0.8,0.3,0.4,,
Dialium engleranum,,Dialium,Fabaceae,Unknown,species,6,0.01,0.4,0.3,0.18,0.25,0.03,0.05,0.06,0.04,1.4,0.4,0.7,0.4,1.2,0.1,0.2,0.04,1,0.5,0.8,0.3,0.4,,
Dialium guianense,,Dialium,Fabaceae,Unknown,species,6,0.01,0.4,0.3,0.18,0.25,0.03,0.05,0.06,0.04,1.4,0.4,0.7,0.4,1.2,0.1,0.2,0.04,1,0.5,0.8,0.3,0.4,,
Dialium pachyphyllum,,Dialium,Fabaceae,Unknown,species,6,0.01,0.4,0.3,0.18,0.25,0.03,0.05,0.06,0.04,1.4,0.4,0.7,0.4,1.2,0.1,0.2,0.04,1,0.5,0.8,0.3,0.4,,
Dichotomanthus tristaniaecarpa,,Dichotomanthus,TBD,Unknown,species,6,0.01,0.4,0.3,0.18,0.25,0.03,0.05,0.06,0.04,1.4,0.4,0.7,0.4,1.2,0.1,0.2,0.04,1,0.5,0.8,0.3,0.4,,
Dichrostachys cinerea,aroma,Dichrostachys,Fabaceae,Btr,species,6,0.01,0.4,0.3,0.18,0.25,0.03,0.05,0.06,0.04,1.4,0.4,0.7,0.4,1.2,0.1,0.2,0.04,1,0.5,0.8,0.3,0.4,,
Dicksonia antarctica,Australian treefern,Dicksonia,Dicksoniaceae,Btr,species,6,0.01,0.4,0.3,0.18,0.25,0.03,0.05,0.06,0.04,1.4,0.4,0.7,0.4,1.2,0.1,0.2,0.04,1,0.5,0.8,0.3,0.4,,
Dicksonia squarrosa,hard treefern,Dicksonia,Dicksoniaceae,Btr,species,6,0.01,0.4,0.3,0.18,0.25,0.03,0.05,0.06,0.04,1.4,0.4,0.7,0.4,1.2,0.1,0.2,0.04,1,0.5,0.8,0.3,0.4,,
Dicranum polysetum,,Dicranum,TBD,Unknown,species,6,0.01,0.4,0.3,0.18,0.25,0.03,0.05,0.06,0.04,1.4,0.4,0.7,0.4,1.2,0.1,0.2,0.04,1,0.5,0.8,0.3,0.4,,
Dicranum undulatum,,Dicranum,TBD,Unknown,species,6,0.01,0.4,0.3,0.18,0.25,0.03,0.05,0.06,0.04,1.4,0.4,0.7,0.4,1.2,0.1,0.2,0.04,1,0.5,0.8,0.3,0.4,,
Dillenia excelsa,,Dillenia,Dilleniaceae,Btr,species,6,0.01,0.4,0.3,0.18,0.25,0.03,0.05,0.06,0.04,1.4,0.4,0.7,0.4,1.2,0.1,0.2,0.04,1,0.5,0.8,0.3,0.4,,
Dillenia indica,chulta,Dillenia,Dilleniaceae,Btr,species,6,0.01,0.4,0.3,0.18,0.25,0.03,0.05,0.06,0.04,1.4,0.4,0.7,0.4,1.2,0.1,0.2,0.04,1,0.5,0.8,0.3,0.4,,
Dimocarpus longan,longan,Dimocarpus,Sapindaceae,Unknown,species,6,0.01,0.4,0.3,0.18,0.25,0.03,0.05,0.06,0.04,1.4,0.4,0.7,0.4,1.2,0.1,0.2,0.04,1,0.5,0.8,0.3,0.4,,
Dioclea guianensis,,Dioclea,Fabaceae,Unknown,species,6,0.01,0.4,0.3,0.18,0.25,0.03,0.05,0.06,0.04,1.4,0.4,0.7,0.4,1.2,0.1,0.2,0.04,1,0.5,0.8,0.3,0.4,,
Dioon spinulosum,,Dioon,Zamiaceae,Btr,species,6,0.01,0.4,0.3,0.18,0.25,0.03,0.05,0.06,0.04,1.4,0.4,0.7,0.4,1.2,0.1,0.2,0.04,1,0.5,0.8,0.3,0.4,,
Diospyros,diospyros,Diospyros,Ebenaceae,Btr,genus,0.003,0.003,0.1,0.2,0.02,0.02,0.03,0.05,0.06,0.04,1.6,0.4,0.7,0.4,1.2,0.1,0.2,0.04,1,0.5,0.8,0.3,0.4,,
Diospyros durinoides,,Diospyros,Ebenaceae,Btr,species,0.003,0.003,0.1,0.2,0.02,0.02,0.03,0.05,0.06,0.04,1.6,0.4,0.7,0.4,1.2,0.1,0.2,0.04,1,0.5,0.8,0.3,0.4,,
Diospyros ebenaster,,Diospyros,Ebenaceae,Unknown,species,0.003,0.003,0.1,0.2,0.02,0.02,0.03,0.05,0.06,0.04,1.6,0.4,0.7,0.4,1.2,0.1,0.2,0.04,1,0.5,0.8,0.3,0.4,,
Diospyros ferrea,,Diospyros,Ebenaceae,Btr,species,0.003,0.003,0.1,0.2,0.02,0.02,0.03,0.05,0.06,0.04,1.6,0.4,0.7,0.4,1.2,0.1,0.2,0.04,1,0.5,0.8,0.3,0.4,,
Diospyros kaki,japanese persimmon,Diospyros,Ebenaceae,Btr,species,0.003,0.003,0.1,0.2,0.02,0.02,0.03,0.05,0.06,0.04,1.6,0.4,0.7,0.4,1.2,0.1,0.2,0.04,1,0.5,0.8,0.3,0.4,,
Diospyros lycoides,,Diospyros,Ebenaceae,Unknown,species,0.003,0.003,0.1,0.2,0.02,0.02,0.03,0.05,0.06,0.04,1.6,0.4,0.7,0.4,1.2,0.1,0.2,0.04,1,0.5,0.8,0.3,0.4,,
Diospyros mespiliformis,ebony diospyros,Diospyros,Ebenaceae,Unknown,species,0.003,0.003,0.1,0.2,0.02,0.02,0.03,0.05,0.06,0.04,1.6,0.4,0.7,0.4,1.2,0.1,0.2,0.04,1,0.5,0.8,0.3,0.4,,
Diospyros nigrocortex,,Diospyros,Ebenaceae,Unknown,species,0.003,0.003,0.1,0.2,0.02,0.02,0.03,0.05,0.06,0.04,1.6,0.4,0.7,0.4,1.2,0.1,0.2,0.04,1,0.5,0.8,0.3,0.4,,
Diospyros suaveolens,,Diospyros,Ebenaceae,Unknown,species,0.003,0.003,0.1,0.2,0.02,0.02,0.03,0.05,0.06,0.04,1.6,0.4,0.7,0.4,1.2,0.1,0.2,0.04,1,0.5,0.8,0.3,0.4,,
Diospyros texana,diospyros,Diospyros,Ebenaceae,Btr,genus,0.003,0.003,0.1,0.2,0.02,0.02,0.03,0.05,0.06,0.04,1.6,0.4,0.7,0.4,1.2,0.1,0.2,0.04,1,0.5,0.8,0.3,0.4,,
Diospyros virginiana,common persimmon,Diospyros,Ebenaceae,Btr,species,0.003,0.003,0.1,0.2,0.02,0.02,0.03,0.05,0.06,0.04,1.6,0.4,0.7,0.4,1.2,0.1,0.2,0.04,1,0.5,0.8,0.3,0.4,,
Diplorhynchus condylocarpon,,Diplorhynchus,Apocynaceae,Btr,species,6,0.01,0.4,0.3,0.18,0.25,0.03,0.05,0.06,0.04,1.4,0.4,0.7,0.4,1.2,0.1,0.2,0.04,1,0.5,0.8,0.3,0.4,,
Diplorynchus,,Diplorynchus,TBD,Unknown,genus,6,0.01,0.4,0.3,0.18,0.25,0.03,0.05,0.06,0.04,1.4,0.4,0.7,0.4,1.2,0.1,0.2,0.04,1,0.5,0.8,0.3,0.4,,
Diplorynchus condylocarpon,,Diplorynchus,TBD,Unknown,species,6,0.01,0.4,0.3,0.18,0.25,0.03,0.05,0.06,0.04,1.4,0.4,0.7,0.4,1.2,0.1,0.2,0.04,1,0.5,0.8,0.3,0.4,,
Dipterocarpus aplanata,,Dipterocarpus,Dipterocarpaceae,Btr,species,6,0.01,0.4,0.3,0.18,0.25,0.03,0.05,0.06,0.04,1.4,0.4,0.7,0.4,1.2,0.1,0.2,0.04,1,0.5,0.8,0.3,0.4,,
Dipterocarpus gracilis,,Dipterocarpus,Dipterocarpaceae,Btr,species,6,0.01,0.4,0.3,0.18,0.25,0.03,0.05,0.06,0.04,1.4,0.4,0.7,0.4,1.2,0.1,0.2,0.04,1,0.5,0.8,0.3,0.4,,
Dipterocarpus tubinatus,,Dipterocarpus,Dipterocarpaceae,Unknown,species,6,0.01,0.4,0.3,0.18,0.25,0.03,0.05,0.06,0.04,1.4,0.4,0.7,0.4,1.2,0.1,0.2,0.04,1,0.5,0.8,0.3,0.4,,
Dipteryx,dipteryx,Dipteryx,Fabaceae,Unknown,genus,6,0.01,0.4,0.3,0.18,0.25,0.03,0.05,0.06,0.04,1.4,0.4,0.7,0.4,1.2,0.1,0.2,0.04,1,0.5,0.8,0.3,0.4,,
Dipteryx panamensis,,Dipteryx,Fabaceae,Unknown,species,6,0.01,0.4,0.3,0.18,0.25,0.03,0.05,0.06,0.04,1.4,0.4,0.7,0.4,1.2,0.1,0.2,0.04,1,0.5,0.8,0.3,0.4,,
Disoxylum binecteriferum,,Disoxylum,TBD,Unknown,species,6,0.01,0.4,0.3,0.18,0.25,0.03,0.05,0.06,0.04,1.4,0.4,0.7,0.4,1.2,0.1,0.2,0.04,1,0.5,0.8,0.3,0.4,,
Dittrichia viscosa,false yellowhead,Dittrichia,Asteraceae,Shrub,species,6,0.01,0.4,0.3,0.18,0.25,0.03,0.05,0.06,0.04,1.4,0.4,0.7,0.4,1.2,0.1,0.2,0.04,1,0.5,0.8,0.3,0.4,,
Dodonaea viscosa,,Dodonaea,Sapindaceae,Btr,species,6,0.01,0.4,0.3,0.18,0.25,0.03,0.05,0.06,0.04,1.4,0.4,0.7,0.4,1.2,0.1,0.2,0.04,1,0.5,0.8,0.3,0.4,,
Dodonaeaáviscosa,Florida hopbush,Dodonaea,Sapindaceae,Btr,genus,6,0.01,0.4,0.3,0.18,0.25,0.03,0.05,0.06,0.04,1.4,0.4,0.7,0.4,1.2,0.1,0.2,0.04,1,0.5,0.8,0.3,0.4,,
Dolichandrone stipulata,,Dolichandrone,Bignoniaceae,Unknown,species,6,0.01,0.4,0.3,0.18,0.25,0.03,0.05,0.06,0.04,1.4,0.4,0.7,0.4,1.2,0.1,0.2,0.04,1,0.5,0.8,0.3,0.4,,
Doliocarpus major,caskfruit,Doliocarpus,Dilleniaceae,Shrub,species,6,0.01,0.4,0.3,0.18,0.25,0.03,0.05,0.06,0.04,1.4,0.4,0.7,0.4,1.2,0.1,0.2,0.04,1,0.5,0.8,0.3,0.4,,
Dombeya cayeuxii,,Dombeya,Sterculiaceae,Btr,species,6,0.01,0.4,0.3,0.18,0.25,0.03,0.05,0.06,0.04,1.4,0.4,0.7,0.4,1.2,0.1,0.2,0.04,1,0.5,0.8,0.3,0.4,,
Dombeya rotundifolia,,Dombeya,Sterculiaceae,Unknown,species,6,0.01,0.4,0.3,0.18,0.25,0.03,0.05,0.06,0.04,1.4,0.4,0.7,0.4,1.2,0.1,0.2,0.04,1,0.5,0.8,0.3,0.4,,
Dombeya wallichii,,Dombeya,Sterculiaceae,Unknown,species,6,0.01,0.4,0.3,0.18,0.25,0.03,0.05,0.06,0.04,1.4,0.4,0.7,0.4,1.2,0.1,0.2,0.04,1,0.5,0.8,0.3,0.4,,
Dorycnium pentaphyllum,socarrillo,Dorycnium,Fabaceae,Unknown,species,6,0.01,0.4,0.3,0.18,0.25,0.03,0.05,0.06,0.04,1.4,0.4,0.7,0.4,1.2,0.1,0.2,0.04,1,0.5,0.8,0.3,0.4,,
Dovyalis caffra,kei apple,Dovyalis,Flacourtiaceae,Unknown,species,6,0.01,0.4,0.3,0.18,0.25,0.03,0.05,0.06,0.04,1.4,0.4,0.7,0.4,1.2,0.1,0.2,0.04,1,0.5,0.8,0.3,0.4,,
Dracaena draco,dragontree,Dracaena,Agavaceae,Unknown,species,6,0.01,0.4,0.3,0.18,0.25,0.03,0.05,0.06,0.04,1.4,0.4,0.7,0.4,1.2,0.1,0.2,0.04,1,0.5,0.8,0.3,0.4,,
Dracontomelon macrocarpum,,Dracontomelon,Anacardiaceae,Unknown,species,6,0.01,0.4,0.3,0.18,0.25,0.03,0.05,0.06,0.04,1.4,0.4,0.7,0.4,1.2,0.1,0.2,0.04,1,0.5,0.8,0.3,0.4,,
Drimys winteri,Winter's bark,Drimys,Winteraceae,Unknown,species,6,0.01,0.4,0.3,0.18,0.25,0.03,0.05,0.06,0.04,1.4,0.4,0.7,0.4,1.2,0.1,0.2,0.04,1,0.5,0.8,0.3,0.4,,
Dryandra calophylla,,Dryandra,TBD,Unknown,species,6,0.01,0.4,0.3,0.18,0.25,0.03,0.05,0.06,0.04,1.4,0.4,0.7,0.4,1.2,0.1,0.2,0.04,1,0.5,0.8,0.3,0.4,,
Drynaria fortunei,Drynaria roosii,Drynaria,Polypodiaceae,Shrub,species,6,0.01,0.4,0.3,0.18,0.25,0.03,0.05,0.06,0.04,1.4,0.4,0.7,0.4,1.2,0.1,0.2,0.04,1,0.5,0.8,0.3,0.4,,
Dryobalanops lanceolata,,Dryobalanops,Dipterocarpaceae,Unknown,species,6,0.01,0.4,0.3,0.18,0.25,0.03,0.05,0.06,0.04,1.4,0.4,0.7,0.4,1.2,0.1,0.2,0.04,1,0.5,0.8,0.3,0.4,,
Dryopteris filix-mas,male fern,Dryopteris,Dryopteridaceae,Herb,species,6,0.01,0.4,0.3,0.18,0.25,0.03,0.05,0.06,0.04,1.4,0.4,0.7,0.4,1.2,0.1,0.2,0.04,1,0.5,0.8,0.3,0.4,,
Drypetes,drypetes,Drypetes,Euphorbiaceae,Btr,genus,6,0.01,0.4,0.3,0.18,0.25,0.03,0.05,0.06,0.04,1.4,0.4,0.7,0.4,1.2,0.1,0.2,0.04,1,0.5,0.8,0.3,0.4,,
Duabanga grandiflora,,Duabanga,Lythraceae,Unknown,species,6,0.01,0.4,0.3,0.18,0.25,0.03,0.05,0.06,0.04,1.4,0.4,0.7,0.4,1.2,0.1,0.2,0.04,1,0.5,0.8,0.3,0.4,,
Duabanga moluccana,,Duabanga,Lythraceae,Unknown,species,6,0.01,0.4,0.3,0.18,0.25,0.03,0.05,0.06,0.04,1.4,0.4,0.7,0.4,1.2,0.1,0.2,0.04,1,0.5,0.8,0.3,0.4,,
Duboscia macrocarpa,,Duboscia,TBD,Unknown,species,6,0.01,0.4,0.3,0.18,0.25,0.03,0.05,0.06,0.04,1.4,0.4,0.7,0.4,1.2,0.1,0.2,0.04,1,0.5,0.8,0.3,0.4,,
Duranta erecta,golden dewdrops,Duranta,Verbenaceae,Btr,species,6,0.01,0.4,0.3,0.18,0.25,0.03,0.05,0.06,0.04,1.4,0.4,0.7,0.4,1.2,0.1,0.2,0.04,1,0.5,0.8,0.3,0.4,,
Duranta repens,golden dewdrops,Duranta,Verbenaceae,Btr,species,6,0.01,0.4,0.3,0.18,0.25,0.03,0.05,0.06,0.04,1.4,0.4,0.7,0.4,1.2,0.1,0.2,0.04,1,0.5,0.8,0.3,0.4,,
Dussia munda,,Dussia,Fabaceae,Btr,species,6,0.01,0.4,0.3,0.18,0.25,0.03,0.05,0.06,0.04,1.4,0.4,0.7,0.4,1.2,0.1,0.2,0.04,1,0.5,0.8,0.3,0.4,,
Dypsis decaryi,,Dypsis,Arecaceae,Btr,species,6,0.01,0.4,0.3,0.18,0.25,0.03,0.05,0.06,0.04,1.4,0.4,0.7,0.4,1.2,0.1,0.2,0.04,1,0.5,0.8,0.3,0.4,,
Dypsis lutescens,yellow butterfly palm,Dypsis,Arecaceae,Btr,species,6,0.01,0.4,0.3,0.18,0.25,0.03,0.05,0.06,0.04,1.4,0.4,0.7,0.4,1.2,0.1,0.2,0.04,1,0.5,0.8,0.3,0.4,,
Ebenaceae,,Ebenaceae,Ebenaceae,Unknown,family,6,0.01,0.4,0.3,0.18,0.25,0.03,0.05,0.06,0.04,1.4,0.4,0.7,0.4,1.2,0.1,0.2,0.04,1,0.5,0.8,0.3,0.4,,
Ebenopsis ebano,Texas ebony,Ebenopsis,Fabaceae,Btr,species,6,0.01,0.4,0.3,0.18,0.25,0.03,0.05,0.06,0.04,1.4,0.4,0.7,0.4,1.2,0.1,0.2,0.04,1,0.5,0.8,0.3,0.4,,
Ehretia anacua,knockaway,Ehretia,Boraginaceae,Btr,species,1,0.003,0.1,0.1,0.1,0.1,0.03,0.05,0.06,0.04,1.6,0.4,0.7,0.4,1.2,0.1,0.2,0.04,1,0.5,0.8,0.3,0.4,,
Ehretia obtusifolia,,Ehretia,Boraginaceae,Unknown,species,1,0.003,0.1,0.1,0.1,0.1,0.03,0.05,0.06,0.04,1.6,0.4,0.7,0.4,1.2,0.1,0.2,0.04,1,0.5,0.8,0.3,0.4,,
Ehretia tinifolia,ehretia,Ehretia,Boraginaceae,Btr,species,1,0.003,0.1,0.1,0.1,0.1,0.03,0.05,0.06,0.04,1.6,0.4,0.7,0.4,1.2,0.1,0.2,0.04,1,0.5,0.8,0.3,0.4,,
Eichhornia crassipes,common water hyacinth,Eichhornia,Pontederiaceae,Herb,species,6,0.01,0.4,0.3,0.18,0.25,0.03,0.05,0.06,0.04,1.4,0.4,0.7,0.4,1.2,0.1,0.2,0.04,1,0.5,0.8,0.3,0.4,,
Ekebergia capensis,,Ekebergia,TBD,Unknown,species,6,0.01,0.4,0.3,0.18,0.25,0.03,0.05,0.06,0.04,1.4,0.4,0.7,0.4,1.2,0.1,0.2,0.04,1,0.5,0.8,0.3,0.4,,
Elaeagnaceae,,Elaeagnaceae,Elaeagnaceae,Unknown,family,6,0.01,0.4,0.3,0.18,0.25,0.03,0.05,0.06,0.04,1.4,0.4,0.7,0.4,1.2,0.1,0.2,0.04,1,0.5,0.8,0.3,0.4,,
Elaeagnus,Russian olive,Elaeagnus,Elaeagnaceae,Btr,species,6,0.01,0.4,0.3,0.18,0.25,0.03,0.05,0.06,0.04,1.4,0.4,0.7,0.4,1.2,0.1,0.2,0.04,1,0.5,0.8,0.3,0.4,,
Elaeagnus angustifolia,Russian olive,Elaeagnus,Elaeagnaceae,Btr,species,6,0.01,0.4,0.3,0.18,0.25,0.03,0.05,0.06,0.04,1.4,0.4,0.7,0.4,1.2,0.1,0.2,0.04,1,0.5,0.8,0.3,0.4,,
Elaeagnus commutata,silverberry,Elaeagnus,Elaeagnaceae,Shrub,species,6,0.01,0.2,0.15,0.1,0.15,0.03,0.05,0.06,0.04,1.6,0.4,0.7,0.4,1.2,0.1,0.2,0.04,1,0.5,0.8,0.3,0.4,,
Elaeis guineensis,African oil palm,Elaeis,Arecaceae,Btr,species,8,0.01,0.4,0.3,0.18,0.25,0.03,0.05,0.06,0.04,1.4,0.4,0.7,0.4,1.2,0.1,0.2,0.04,1,0.5,0.8,0.3,0.4,,
Elaeocarpus decipiens,elaeocarpus,Elaeocarpus,Elaeocarpaceae,Btr,species,6,0.01,0.4,0.3,0.18,0.25,0.03,0.05,0.06,0.04,1.4,0.4,0.7,0.4,1.2,0.1,0.2,0.04,1,0.5,0.8,0.3,0.4,,
Elaeocarpus sylvestris,,Elaeocarpus,Elaeocarpaceae,Btr,species,6,0.01,0.4,0.3,0.18,0.25,0.03,0.05,0.06,0.04,1.4,0.4,0.7,0.4,1.2,0.1,0.2,0.04,1,0.5,0.8,0.3,0.4,,
Elephantorrhiza burkei,,Elephantorrhiza,TBD,Unknown,species,6,0.01,0.4,0.3,0.18,0.25,0.03,0.05,0.06,0.04,1.4,0.4,0.7,0.4,1.2,0.1,0.2,0.04,1,0.5,0.8,0.3,0.4,,
Embothrium coccineum,Chilean firebush,Embothrium,Proteaceae,Unknown,species,6,0.01,0.4,0.3,0.18,0.25,0.03,0.05,0.06,0.04,1.4,0.4,0.7,0.4,1.2,0.1,0.2,0.04,1,0.5,0.8,0.3,0.4,,
Emmotum nitens,,Emmotum,TBD,Unknown,species,6,0.01,0.4,0.3,0.18,0.25,0.03,0.05,0.06,0.04,1.4,0.4,0.7,0.4,1.2,0.1,0.2,0.04,1,0.5,0.8,0.3,0.4,,
Empetrum hermaphroditum,,Empetrum,Empetraceae,Shrub,species,6,0.01,0.4,0.3,0.18,0.25,0.03,0.05,0.06,0.04,1.4,0.4,0.7,0.4,1.2,0.1,0.2,0.04,1,0.5,0.8,0.3,0.4,,
Enantia chlorantha,,Enantia,TBD,Unknown,species,6,0.01,0.4,0.3,0.18,0.25,0.03,0.05,0.06,0.04,1.4,0.4,0.7,0.4,1.2,0.1,0.2,0.04,1,0.5,0.8,0.3,0.4,,
Encelia farinosa,brittlebush,Encelia,Asteraceae,Shrub,species,6,0.01,0.4,0.3,0.18,0.25,0.03,0.05,0.06,0.04,1.4,0.4,0.7,0.4,1.2,0.1,0.2,0.04,1,0.5,0.8,0.3,0.4,,
Endopleura uchi,,Endopleura,Humiriaceae,Unknown,species,6,0.01,0.4,0.3,0.18,0.25,0.03,0.05,0.06,0.04,1.4,0.4,0.7,0.4,1.2,0.1,0.2,0.04,1,0.5,0.8,0.3,0.4,,
Engelhardtia serrata,,Engelhardtia,TBD,Unknown,species,6,0.01,0.4,0.3,0.18,0.25,0.03,0.05,0.06,0.04,1.4,0.4,0.7,0.4,1.2,0.1,0.2,0.04,1,0.5,0.8,0.3,0.4,,
Engelhardtia spicata,,Engelhardtia,TBD,Unknown,species,6,0.01,0.4,0.3,0.18,0.25,0.03,0.05,0.06,0.04,1.4,0.4,0.7,0.4,1.2,0.1,0.2,0.04,1,0.5,0.8,0.3,0.4,,
Ensete ventricosum,Abyssinian banana,Ensete,Musaceae,Unknown,species,6,0.01,0.4,0.3,0.18,0.25,0.03,0.05,0.06,0.04,1.4,0.4,0.7,0.4,1.2,0.1,0.2,0.04,1,0.5,0.8,0.3,0.4,,
Entandrophragma angolense,,Entandrophragma,Meliaceae,Unknown,species,6,0.01,0.4,0.3,0.18,0.25,0.03,0.05,0.06,0.04,1.4,0.4,0.7,0.4,1.2,0.1,0.2,0.04,1,0.5,0.8,0.3,0.4,,
Entandrophragma cylindricum,,Entandrophragma,Meliaceae,Unknown,species,6,0.01,0.4,0.3,0.18,0.25,0.03,0.05,0.06,0.04,1.4,0.4,0.7,0.4,1.2,0.1,0.2,0.04,1,0.5,0.8,0.3,0.4,,
Entandrophragma utile,,Entandrophragma,Meliaceae,Unknown,species,6,0.01,0.4,0.3,0.18,0.25,0.03,0.05,0.06,0.04,1.4,0.4,0.7,0.4,1.2,0.1,0.2,0.04,1,0.5,0.8,0.3,0.4,,
Enterolobium cyclocarpum,monkeysoap,Enterolobium,Fabaceae,Btr,species,6,0.01,0.4,0.3,0.18,0.25,0.03,0.05,0.06,0.04,1.4,0.4,0.7,0.4,1.2,0.1,0.2,0.04,1,0.5,0.8,0.3,0.4,,
Ephedra,jointfir,Ephedra,Ephedraceae,Shrub,genus,8,0.01,0.4,0.3,0.18,0.25,0.03,0.05,0.06,0.04,1.4,0.4,0.7,0.4,1.2,0.1,0.2,0.04,1,0.5,0.8,0.3,0.4,,
Ephedra californica,California jointfir,Ephedra,Ephedraceae,Shrub,species,8,0.01,0.4,0.3,0.18,0.25,0.03,0.05,0.06,0.04,1.4,0.4,0.7,0.4,1.2,0.1,0.2,0.04,1,0.5,0.8,0.3,0.4,,
Ephedra chocuma,,Ephedra,Ephedraceae,Unknown,species,8,0.01,0.4,0.3,0.18,0.25,0.03,0.05,0.06,0.04,1.4,0.4,0.7,0.4,1.2,0.1,0.2,0.04,1,0.5,0.8,0.3,0.4,,
Ephedra nevadensis,Nevada jointfir,Ephedra,Ephedraceae,Shrub,species,8,0.01,0.4,0.3,0.18,0.25,0.03,0.05,0.06,0.04,1.4,0.4,0.7,0.4,1.2,0.1,0.2,0.04,1,0.5,0.8,0.3,0.4,,
Ephedra trifurca,longleaf jointfir,Ephedra,Ephedraceae,Shrub,species,8,0.01,0.4,0.3,0.18,0.25,0.03,0.05,0.06,0.04,1.4,0.4,0.7,0.4,1.2,0.1,0.2,0.04,1,0.5,0.8,0.3,0.4,,
Ephedra viridis,mormon tea,Ephedra,Ephedraceae,Shrub,species,8,0.01,0.4,0.3,0.18,0.25,0.03,0.05,0.06,0.04,1.4,0.4,0.7,0.4,1.2,0.1,0.2,0.04,1,0.5,0.8,0.3,0.4,,
Epilobium angustifolium,,Epilobium,Onagraceae,Unknown,species,6,0.01,0.4,0.3,0.18,0.25,0.03,0.05,0.06,0.04,1.4,0.4,0.7,0.4,1.2,0.1,0.2,0.04,1,0.5,0.8,0.3,0.4,,
Erica arborea,briar root,Erica,Ericaceae,Unknown,species,6,0.01,0.4,0.3,0.18,0.25,0.03,0.05,0.06,0.04,1.4,0.4,0.7,0.4,1.2,0.1,0.2,0.04,1,0.5,0.8,0.3,0.4,,
Erica carnea,,Erica,Ericaceae,Unknown,species,6,0.01,0.4,0.3,0.18,0.25,0.03,0.05,0.06,0.04,1.4,0.4,0.7,0.4,1.2,0.1,0.2,0.04,1,0.5,0.8,0.3,0.4,,
Erica ciliaris,,Erica,Ericaceae,Unknown,species,6,0.01,0.4,0.3,0.18,0.25,0.03,0.05,0.06,0.04,1.4,0.4,0.7,0.4,1.2,0.1,0.2,0.04,1,0.5,0.8,0.3,0.4,,
Erica cineria,,Erica,Ericaceae,Unknown,species,6,0.01,0.4,0.3,0.18,0.25,0.03,0.05,0.06,0.04,1.4,0.4,0.7,0.4,1.2,0.1,0.2,0.04,1,0.5,0.8,0.3,0.4,,
Erica multiflora,,Erica,Ericaceae,Unknown,species,6,0.01,0.4,0.3,0.18,0.25,0.03,0.05,0.06,0.04,1.4,0.4,0.7,0.4,1.2,0.1,0.2,0.04,1,0.5,0.8,0.3,0.4,,
Erica umbellata,,Erica,Ericaceae,Unknown,species,6,0.01,0.4,0.3,0.18,0.25,0.03,0.05,0.06,0.04,1.4,0.4,0.7,0.4,1.2,0.1,0.2,0.04,1,0.5,0.8,0.3,0.4,,
Ericaceae,,Ericaceae,Ericaceae,Unknown,family,6,0.01,0.4,0.3,0.18,0.25,0.03,0.05,0.06,0.04,1.4,0.4,0.7,0.4,1.2,0.1,0.2,0.04,1,0.5,0.8,0.3,0.4,,
Eriobotrya bengalensis,,Eriobotrya,Rosaceae,Unknown,species,1,0.003,0.1,0.1,0.1,0.1,0.03,0.05,0.06,0.04,1.6,0.4,0.7,0.4,1.2,0.1,0.2,0.04,1,0.5,0.8,0.3,0.4,,
Eriobotrya deflexa,loquat,Eriobotrya,Rosaceae,Btr,species,1,0.003,0.1,0.1,0.1,0.1,0.03,0.05,0.06,0.04,1.6,0.4,0.7,0.4,1.2,0.1,0.2,0.04,1,0.5,0.8,0.3,0.4,,
Eriobotrya japonica,loquat,Eriobotrya,Rosaceae,Btr,species,1,0.003,0.1,0.1,0.1,0.1,0.03,0.05,0.06,0.04,1.6,0.4,0.7,0.4,1.2,0.1,0.2,0.04,1,0.5,0.8,0.3,0.4,,
Eriogonum fasciculatum,Eastern Mojave buckwheat,Eriogonum,Polygonaceae,Shrub,species,6,0.01,0.4,0.3,0.18,0.25,0.03,0.05,0.06,0.04,1.4,0.4,0.7,0.4,1.2,0.1,0.2,0.04,1,0.5,0.8,0.3,0.4,,
Eriolaena kwangsiensis,,Eriolaena,TBD,Unknown,species,6,0.01,0.4,0.3,0.18,0.25,0.03,0.05,0.06,0.04,1.4,0.4,0.7,0.4,1.2,0.1,0.2,0.04,1,0.5,0.8,0.3,0.4,,
Erithalis fruticosa,blacktorch,Erithalis,Rubiaceae,Btr,species,6,0.01,0.4,0.3,0.18,0.25,0.03,0.05,0.06,0.04,1.4,0.4,0.7,0.4,1.2,0.1,0.2,0.04,1,0.5,0.8,0.3,0.4,,
Erythrina,erythrina,Erythrina,Fabaceae,Btr,genus,6,0.01,0.4,0.3,0.18,0.25,0.03,0.05,0.06,0.04,1.4,0.4,0.7,0.4,1.2,0.1,0.2,0.04,1,0.5,0.8,0.3,0.4,,
Erythrina bidwillii,erythrina,Erythrina,Fabaceae,Btr,species,6,0.01,0.4,0.3,0.18,0.25,0.03,0.05,0.06,0.04,1.4,0.4,0.7,0.4,1.2,0.1,0.2,0.04,1,0.5,0.8,0.3,0.4,,
Erythrina caffra,erythrina,Erythrina,Fabaceae,Btr,species,6,0.01,0.4,0.3,0.18,0.25,0.03,0.05,0.06,0.04,1.4,0.4,0.7,0.4,1.2,0.1,0.2,0.04,1,0.5,0.8,0.3,0.4,,
Erythrina coralloides,,Erythrina,Fabaceae,Btr,species,6,0.01,0.4,0.3,0.18,0.25,0.03,0.05,0.06,0.04,1.4,0.4,0.7,0.4,1.2,0.1,0.2,0.04,1,0.5,0.8,0.3,0.4,,
Erythrina crista-galli,crybabytree,Erythrina,Fabaceae,Btr,species,6,0.01,0.4,0.3,0.18,0.25,0.03,0.05,0.06,0.04,1.4,0.4,0.7,0.4,1.2,0.1,0.2,0.04,1,0.5,0.8,0.3,0.4,,
Erythrina falcata,erythrina,Erythrina,Fabaceae,Btr,species,6,0.01,0.4,0.3,0.18,0.25,0.03,0.05,0.06,0.04,1.4,0.4,0.7,0.4,1.2,0.1,0.2,0.04,1,0.5,0.8,0.3,0.4,,
Erythrina humeana,dwarf erythrina,Erythrina,Fabaceae,Unknown,species,6,0.01,0.4,0.3,0.18,0.25,0.03,0.05,0.06,0.04,1.4,0.4,0.7,0.4,1.2,0.1,0.2,0.04,1,0.5,0.8,0.3,0.4,,
Erythrina lithosperma,,Erythrina,Fabaceae,Unknown,species,6,0.01,0.4,0.3,0.18,0.25,0.03,0.05,0.06,0.04,1.4,0.4,0.7,0.4,1.2,0.1,0.2,0.04,1,0.5,0.8,0.3,0.4,,
Erythrina lysistemon,,Erythrina,Fabaceae,Unknown,species,6,0.01,0.4,0.3,0.18,0.25,0.03,0.05,0.06,0.04,1.4,0.4,0.7,0.4,1.2,0.1,0.2,0.04,1,0.5,0.8,0.3,0.4,,
Erythrina sigmoidea,,Erythrina,Fabaceae,Unknown,species,6,0.01,0.4,0.3,0.18,0.25,0.03,0.05,0.06,0.04,1.4,0.4,0.7,0.4,1.2,0.1,0.2,0.04,1,0.5,0.8,0.3,0.4,,
Erythrina variegata,tiger's claw,Erythrina,Fabaceae,Btr,species,6,0.01,0.4,0.3,0.18,0.25,0.03,0.05,0.06,0.04,1.4,0.4,0.7,0.4,1.2,0.1,0.2,0.04,1,0.5,0.8,0.3,0.4,,
Erythrina variegata var. orientalis,tiger's claw,Erythrina,Fabaceae,Btr,species,6,0.01,0.4,0.3,0.18,0.25,0.03,0.05,0.06,0.04,1.4,0.4,0.7,0.4,1.2,0.1,0.2,0.04,1,0.5,0.8,0.3,0.4,,
Erythrinastricta,,Erythrinastricta,TBD,Unknown,genus,6,0.01,0.4,0.3,0.18,0.25,0.03,0.05,0.06,0.04,1.4,0.4,0.7,0.4,1.2,0.1,0.2,0.04,1,0.5,0.8,0.3,0.4,,
Erythrophleum,sasswood,Erythrophleum,Fabaceae,Unknown,genus,6,0.01,0.4,0.3,0.18,0.25,0.03,0.05,0.06,0.04,1.4,0.4,0.7,0.4,1.2,0.1,0.2,0.04,1,0.5,0.8,0.3,0.4,,
Erythrophleum africanum,,Erythrophleum,Fabaceae,Unknown,species,6,0.01,0.4,0.3,0.18,0.25,0.03,0.05,0.06,0.04,1.4,0.4,0.7,0.4,1.2,0.1,0.2,0.04,1,0.5,0.8,0.3,0.4,,
Erythrophleum fordii,,Erythrophleum,Fabaceae,Unknown,species,6,0.01,0.4,0.3,0.18,0.25,0.03,0.05,0.06,0.04,1.4,0.4,0.7,0.4,1.2,0.1,0.2,0.04,1,0.5,0.8,0.3,0.4,,
Erythrophleum ivorense,,Erythrophleum,Fabaceae,Unknown,species,6,0.01,0.4,0.3,0.18,0.25,0.03,0.05,0.06,0.04,1.4,0.4,0.7,0.4,1.2,0.1,0.2,0.04,1,0.5,0.8,0.3,0.4,,
Erythrophleum suaveolens,sasswood,Erythrophleum,Fabaceae,Unknown,species,6,0.01,0.4,0.3,0.18,0.25,0.03,0.05,0.06,0.04,1.4,0.4,0.7,0.4,1.2,0.1,0.2,0.04,1,0.5,0.8,0.3,0.4,,
Erythroxylum rotundifolium,ratwood,Erythroxylum,Erythroxylaceae,Btr,species,6,0.01,0.4,0.3,0.18,0.25,0.03,0.05,0.06,0.04,1.4,0.4,0.7,0.4,1.2,0.1,0.2,0.04,1,0.5,0.8,0.3,0.4,,
Escallonia laevis,,Escallonia,Grossulariaceae,Shrub,species,6,0.01,0.4,0.3,0.18,0.25,0.03,0.05,0.06,0.04,1.4,0.4,0.7,0.4,1.2,0.1,0.2,0.04,1,0.5,0.8,0.3,0.4,,
Escallonia rubra,redclaws,Escallonia,Grossulariaceae,Shrub,species,6,0.01,0.4,0.3,0.18,0.25,0.03,0.05,0.06,0.04,1.4,0.4,0.7,0.4,1.2,0.1,0.2,0.04,1,0.5,0.8,0.3,0.4,,
Eschscholzia californica,California poppy,Eschscholzia,Papaveraceae,Herb,species,6,0.01,0.4,0.3,0.18,0.25,0.03,0.05,0.06,0.04,1.4,0.4,0.7,0.4,1.2,0.1,0.2,0.04,1,0.5,0.8,0.3,0.4,,
Eschweilera,,Eschweilera,Lecythidaceae,Btr,genus,6,0.01,0.4,0.3,0.18,0.25,0.03,0.05,0.06,0.04,1.4,0.4,0.7,0.4,1.2,0.1,0.2,0.04,1,0.5,0.8,0.3,0.4,,
Eschweilera odorata,,Eschweilera,Lecythidaceae,Btr,species,6,0.01,0.4,0.3,0.18,0.25,0.03,0.05,0.06,0.04,1.4,0.4,0.7,0.4,1.2,0.1,0.2,0.04,1,0.5,0.8,0.3,0.4,,
Eucalyptus,gum,Eucalyptus,Myrtaceae,Btr,genus,16,0.003,0.5,0.35,0.3,0.4,0.03,0.05,0.06,0.04,1.6,0.4,0.7,0.4,1.2,0.1,0.2,0.04,1,0.5,0.8,0.3,0.4,,
Eucalyptus amplifolia,cabbage gum,Eucalyptus,Myrtaceae,Unknown,species,16,0.003,0.5,0.35,0.3,0.4,0.03,0.05,0.06,0.04,1.6,0.4,0.7,0.4,1.2,0.1,0.2,0.04,1,0.5,0.8,0.3,0.4,,
Eucalyptus amygdalina,,Eucalyptus,Myrtaceae,Btr,species,16,0.003,0.5,0.35,0.3,0.4,0.03,0.05,0.06,0.04,1.6,0.4,0.7,0.4,1.2,0.1,0.2,0.04,1,0.5,0.8,0.3,0.4,,
Eucalyptus botryoides,southern mahogany,Eucalyptus,Myrtaceae,Btr,species,16,0.003,0.5,0.35,0.3,0.4,0.03,0.05,0.06,0.04,1.6,0.4,0.7,0.4,1.2,0.1,0.2,0.04,1,0.5,0.8,0.3,0.4,,
Eucalyptus bridgesiana,applebox,Eucalyptus,Myrtaceae,Btr,species,16,0.003,0.5,0.35,0.3,0.4,0.03,0.05,0.06,0.04,1.6,0.4,0.7,0.4,1.2,0.1,0.2,0.04,1,0.5,0.8,0.3,0.4,,
Eucalyptus calophylla,,Eucalyptus,Myrtaceae,Unknown,species,16,0.003,0.5,0.35,0.3,0.4,0.03,0.05,0.06,0.04,1.6,0.4,0.7,0.4,1.2,0.1,0.2,0.04,1,0.5,0.8,0.3,0.4,,
Eucalyptus camaldulensis,river redgum,Eucalyptus,Myrtaceae,Btr,species,16,0.003,0.5,0.35,0.3,0.4,0.03,0.05,0.06,0.04,1.6,0.4,0.7,0.4,1.2,0.1,0.2,0.04,1,0.5,0.8,0.3,0.4,,
Eucalyptus cinerea,argyle apple,Eucalyptus,Myrtaceae,Btr,species,16,0.003,0.5,0.35,0.3,0.4,0.03,0.05,0.06,0.04,1.6,0.4,0.7,0.4,1.2,0.1,0.2,0.04,1,0.5,0.8,0.3,0.4,,
Eucalyptus citriodora,,Eucalyptus,Myrtaceae,Unknown,species,16,0.003,0.5,0.35,0.3,0.4,0.03,0.05,0.06,0.04,1.6,0.4,0.7,0.4,1.2,0.1,0.2,0.04,1,0.5,0.8,0.3,0.4,,
Eucalyptus cladocalyx,sugargum,Eucalyptus,Myrtaceae,Btr,species,16,0.003,0.5,0.35,0.3,0.4,0.03,0.05,0.06,0.04,1.6,0.4,0.7,0.4,1.2,0.1,0.2,0.04,1,0.5,0.8,0.3,0.4,,
Eucalyptus cornuta,yate,Eucalyptus,Myrtaceae,Btr,species,16,0.003,0.5,0.35,0.3,0.4,0.03,0.05,0.06,0.04,1.6,0.4,0.7,0.4,1.2,0.1,0.2,0.04,1,0.5,0.8,0.3,0.4,,
Eucalyptus crebra,narrowleaf red ironbark,Eucalyptus,Myrtaceae,Btr,species,16,0.003,0.5,0.35,0.3,0.4,0.03,0.05,0.06,0.04,1.6,0.4,0.7,0.4,1.2,0.1,0.2,0.04,1,0.5,0.8,0.3,0.4,,
Eucalyptus dalrympleana,,Eucalyptus,Myrtaceae,Unknown,species,16,0.003,0.5,0.35,0.3,0.4,0.03,0.05,0.06,0.04,1.6,0.4,0.7,0.4,1.2,0.1,0.2,0.04,1,0.5,0.8,0.3,0.4,,
Eucalyptus deglupta,Indonesian gum,Eucalyptus,Myrtaceae,Btr,species,16,0.003,0.5,0.35,0.3,0.4,0.03,0.05,0.06,0.04,1.6,0.4,0.7,0.4,1.2,0.1,0.2,0.04,1,0.5,0.8,0.3,0.4,,
Eucalyptus erythrocorys,,Eucalyptus,Myrtaceae,Btr,species,16,0.003,0.5,0.35,0.3,0.4,0.03,0.05,0.06,0.04,1.6,0.4,0.7,0.4,1.2,0.1,0.2,0.04,1,0.5,0.8,0.3,0.4,,
Eucalyptus ficifolia,,Eucalyptus,Myrtaceae,Btr,species,16,0.003,0.5,0.35,0.3,0.4,0.03,0.05,0.06,0.04,1.6,0.4,0.7,0.4,1.2,0.1,0.2,0.04,1,0.5,0.8,0.3,0.4,,
Eucalyptus forrestiana,fuschia gum,Eucalyptus,Myrtaceae,Unknown,species,16,0.003,0.5,0.35,0.3,0.4,0.03,0.05,0.06,0.04,1.6,0.4,0.7,0.4,1.2,0.1,0.2,0.04,1,0.5,0.8,0.3,0.4,,
Eucalyptus glaucescens,tingiringi gum,Eucalyptus,Myrtaceae,Unknown,species,16,0.003,0.5,0.35,0.3,0.4,0.03,0.05,0.06,0.04,1.6,0.4,0.7,0.4,1.2,0.1,0.2,0.04,1,0.5,0.8,0.3,0.4,,
Eucalyptus globulus,Tasmanian bluegum,Eucalyptus,Myrtaceae,Btr,species,16,0.003,0.5,0.35,0.3,0.4,0.03,0.05,0.06,0.04,1.6,0.4,0.7,0.4,1.2,0.1,0.2,0.04,1,0.5,0.8,0.3,0.4,,
Eucalyptus globulus var compacta,,Eucalyptus,Myrtaceae,Btr,species,16,0.003,0.5,0.35,0.3,0.4,0.03,0.05,0.06,0.04,1.6,0.4,0.7,0.4,1.2,0.1,0.2,0.04,1,0.5,0.8,0.3,0.4,,
Eucalyptus gomphocephala,tuart,Eucalyptus,Myrtaceae,Btr,species,16,0.003,0.5,0.35,0.3,0.4,0.03,0.05,0.06,0.04,1.6,0.4,0.7,0.4,1.2,0.1,0.2,0.04,1,0.5,0.8,0.3,0.4,,
Eucalyptus grandis,grand eucalyptus,Eucalyptus,Myrtaceae,Btr,species,16,0.003,0.5,0.35,0.3,0.4,0.03,0.05,0.06,0.04,1.6,0.4,0.7,0.4,1.2,0.1,0.2,0.04,1,0.5,0.8,0.3,0.4,,
Eucalyptus gunnii,cider gum,Eucalyptus,Myrtaceae,Unknown,species,16,0.003,0.5,0.35,0.3,0.4,0.03,0.05,0.06,0.04,1.6,0.4,0.7,0.4,1.2,0.1,0.2,0.04,1,0.5,0.8,0.3,0.4,,
Eucalyptus incrassata,,Eucalyptus,Myrtaceae,Unknown,species,16,0.003,0.5,0.35,0.3,0.4,0.03,0.05,0.06,0.04,1.6,0.4,0.7,0.4,1.2,0.1,0.2,0.04,1,0.5,0.8,0.3,0.4,,
Eucalyptus intertexta,,Eucalyptus,Myrtaceae,Unknown,species,16,0.003,0.5,0.35,0.3,0.4,0.03,0.05,0.06,0.04,1.6,0.4,0.7,0.4,1.2,0.1,0.2,0.04,1,0.5,0.8,0.3,0.4,,
Eucalyptus lansdowneana,,Eucalyptus,Myrtaceae,Unknown,species,16,0.003,0.5,0.35,0.3,0.4,0.03,0.05,0.06,0.04,1.6,0.4,0.7,0.4,1.2,0.1,0.2,0.04,1,0.5,0.8,0.3,0.4,,
Eucalyptus lehmannii,bushy yate,Eucalyptus,Myrtaceae,Unknown,species,16,0.003,0.5,0.35,0.3,0.4,0.03,0.05,0.06,0.04,1.6,0.4,0.7,0.4,1.2,0.1,0.2,0.04,1,0.5,0.8,0.3,0.4,,
Eucalyptus leucoxylon,white ironbark,Eucalyptus,Myrtaceae,Unknown,species,16,0.003,0.5,0.35,0.3,0.4,0.03,0.05,0.06,0.04,1.6,0.4,0.7,0.4,1.2,0.1,0.2,0.04,1,0.5,0.8,0.3,0.4,,
Eucalyptus longifolia,woollybutt,Eucalyptus,Myrtaceae,Unknown,species,16,0.003,0.5,0.35,0.3,0.4,0.03,0.05,0.06,0.04,1.6,0.4,0.7,0.4,1.2,0.1,0.2,0.04,1,0.5,0.8,0.3,0.4,,
Eucalyptus macrandra,long-flower marlock,Eucalyptus,Myrtaceae,Unknown,species,16,0.003,0.5,0.35,0.3,0.4,0.03,0.05,0.06,0.04,1.6,0.4,0.7,0.4,1.2,0.1,0.2,0.04,1,0.5,0.8,0.3,0.4,,
Eucalyptus macrocarpa,mottlecah,Eucalyptus,Myrtaceae,Unknown,species,16,0.003,0.5,0.35,0.3,0.4,0.03,0.05,0.06,0.04,1.6,0.4,0.7,0.4,1.2,0.1,0.2,0.04,1,0.5,0.8,0.3,0.4,,
Eucalyptus maculata,spotted gum,Eucalyptus,Myrtaceae,Unknown,species,16,0.003,0.5,0.35,0.3,0.4,0.03,0.05,0.06,0.04,1.6,0.4,0.7,0.4,1.2,0.1,0.2,0.04,1,0.5,0.8,0.3,0.4,,
Eucalyptus marginata,jarrah,Eucalyptus,Myrtaceae,Btr,species,16,0.003,0.5,0.35,0.3,0.4,0.03,0.05,0.06,0.04,1.6,0.4,0.7,0.4,1.2,0.1,0.2,0.04,1,0.5,0.8,0.3,0.4,,
Eucalyptus melliodora,yellow-box,Eucalyptus,Myrtaceae,Unknown,species,16,0.003,0.5,0.35,0.3,0.4,0.03,0.05,0.06,0.04,1.6,0.4,0.7,0.4,1.2,0.1,0.2,0.04,1,0.5,0.8,0.3,0.4,,
Eucalyptus microtheca,coolabah,Eucalyptus,Myrtaceae,Unknown,species,16,0.003,0.5,0.35,0.3,0.4,0.03,0.05,0.06,0.04,1.6,0.4,0.7,0.4,1.2,0.1,0.2,0.04,1,0.5,0.8,0.3,0.4,,
Eucalyptus nicholii,,Eucalyptus,Myrtaceae,Unknown,species,16,0.003,0.5,0.35,0.3,0.4,0.03,0.05,0.06,0.04,1.6,0.4,0.7,0.4,1.2,0.1,0.2,0.04,1,0.5,0.8,0.3,0.4,,
Eucalyptus niphophilia,,Eucalyptus,Myrtaceae,Unknown,species,16,0.003,0.5,0.35,0.3,0.4,0.03,0.05,0.06,0.04,1.6,0.4,0.7,0.4,1.2,0.1,0.2,0.04,1,0.5,0.8,0.3,0.4,,
Eucalyptus occidentalis,flat-top yate,Eucalyptus,Myrtaceae,Unknown,species,16,0.003,0.5,0.35,0.3,0.4,0.03,0.05,0.06,0.04,1.6,0.4,0.7,0.4,1.2,0.1,0.2,0.04,1,0.5,0.8,0.3,0.4,,
Eucalyptus odorata,,Eucalyptus,Myrtaceae,Unknown,species,16,0.003,0.5,0.35,0.3,0.4,0.03,0.05,0.06,0.04,1.6,0.4,0.7,0.4,1.2,0.1,0.2,0.04,1,0.5,0.8,0.3,0.4,,
Eucalyptus paniculata,gray ironbark,Eucalyptus,Myrtaceae,Btr,species,16,0.003,0.5,0.35,0.3,0.4,0.03,0.05,0.06,0.04,1.6,0.4,0.7,0.4,1.2,0.1,0.2,0.04,1,0.5,0.8,0.3,0.4,,
Eucalyptus parvula,kybean gum,Eucalyptus,Myrtaceae,Unknown,species,16,0.003,0.5,0.35,0.3,0.4,0.03,0.05,0.06,0.04,1.6,0.4,0.7,0.4,1.2,0.1,0.2,0.04,1,0.5,0.8,0.3,0.4,,
Eucalyptus pauciflora,snow gum,Eucalyptus,Myrtaceae,Unknown,species,16,0.003,0.5,0.35,0.3,0.4,0.03,0.05,0.06,0.04,1.6,0.4,0.7,0.4,1.2,0.1,0.2,0.04,1,0.5,0.8,0.3,0.4,,
Eucalyptus platypus,,Eucalyptus,Myrtaceae,Unknown,species,16,0.003,0.5,0.35,0.3,0.4,0.03,0.05,0.06,0.04,1.6,0.4,0.7,0.4,1.2,0.1,0.2,0.04,1,0.5,0.8,0.3,0.4,,
Eucalyptus polyanthemos,redbox,Eucalyptus,Myrtaceae,Btr,species,16,0.003,0.5,0.35,0.3,0.4,0.03,0.05,0.06,0.04,1.6,0.4,0.7,0.4,1.2,0.1,0.2,0.04,1,0.5,0.8,0.3,0.4,,
Eucalyptus pulchella,,Eucalyptus,Myrtaceae,Unknown,species,16,0.003,0.5,0.35,0.3,0.4,0.03,0.05,0.06,0.04,1.6,0.4,0.7,0.4,1.2,0.1,0.2,0.04,1,0.5,0.8,0.3,0.4,,
Eucalyptus pulverulenta,silverleaf mountain gum,Eucalyptus,Myrtaceae,Btr,species,16,0.003,0.5,0.35,0.3,0.4,0.03,0.05,0.06,0.04,1.6,0.4,0.7,0.4,1.2,0.1,0.2,0.04,1,0.5,0.8,0.3,0.4,,
Eucalyptus pyriformis,pear-fruit mallee,Eucalyptus,Myrtaceae,Unknown,species,16,0.003,0.5,0.35,0.3,0.4,0.03,0.05,0.06,0.04,1.6,0.4,0.7,0.4,1.2,0.1,0.2,0.04,1,0.5,0.8,0.3,0.4,,
Eucalyptus robusta,swampmahogany,Eucalyptus,Myrtaceae,Btr,species,16,0.003,0.5,0.35,0.3,0.4,0.03,0.05,0.06,0.04,1.6,0.4,0.7,0.4,1.2,0.1,0.2,0.04,1,0.5,0.8,0.3,0.4,,
Eucalyptus rodantha,,Eucalyptus,Myrtaceae,Btr,species,16,0.003,0.5,0.35,0.3,0.4,0.03,0.05,0.06,0.04,1.6,0.4,0.7,0.4,1.2,0.1,0.2,0.04,1,0.5,0.8,0.3,0.4,,
Eucalyptus rudis,Western Australian floodedgum,Eucalyptus,Myrtaceae,Btr,species,16,0.003,0.5,0.35,0.3,0.4,0.03,0.05,0.06,0.04,1.6,0.4,0.7,0.4,1.2,0.1,0.2,0.04,1,0.5,0.8,0.3,0.4,,
Eucalyptus saligna,Sydney bluegum,Eucalyptus,Myrtaceae,Btr,species,16,0.003,0.5,0.35,0.3,0.4,0.03,0.05,0.06,0.04,1.6,0.4,0.7,0.4,1.2,0.1,0.2,0.04,1,0.5,0.8,0.3,0.4,,
Eucalyptus sargentii,eucalyptus,Eucalyptus,Myrtaceae,Unknown,species,16,0.003,0.5,0.35,0.3,0.4,0.03,0.05,0.06,0.04,1.6,0.4,0.7,0.4,1.2,0.1,0.2,0.04,1,0.5,0.8,0.3,0.4,,
Eucalyptus sideroxylon,red ironbark,Eucalyptus,Myrtaceae,Btr,species,16,0.003,0.5,0.35,0.3,0.4,0.03,0.05,0.06,0.04,1.6,0.4,0.7,0.4,1.2,0.1,0.2,0.04,1,0.5,0.8,0.3,0.4,,
Eucalyptus spathulata,eucalyptus,Eucalyptus,Myrtaceae,Unknown,species,16,0.003,0.5,0.35,0.3,0.4,0.03,0.05,0.06,0.04,1.6,0.4,0.7,0.4,1.2,0.1,0.2,0.04,1,0.5,0.8,0.3,0.4,,
Eucalyptus tereticornis,forest redgum,Eucalyptus,Myrtaceae,Btr,species,16,0.003,0.5,0.35,0.3,0.4,0.03,0.05,0.06,0.04,1.6,0.4,0.7,0.4,1.2,0.1,0.2,0.04,1,0.5,0.8,0.3,0.4,,
Eucalyptus torquata,coral gum,Eucalyptus,Myrtaceae,Btr,species,16,0.003,0.5,0.35,0.3,0.4,0.03,0.05,0.06,0.04,1.6,0.4,0.7,0.4,1.2,0.1,0.2,0.04,1,0.5,0.8,0.3,0.4,,
Eucalyptus urophylla,,Eucalyptus,Myrtaceae,Unknown,species,16,0.003,0.5,0.35,0.3,0.4,0.03,0.05,0.06,0.04,1.6,0.4,0.7,0.4,1.2,0.1,0.2,0.04,1,0.5,0.8,0.3,0.4,,
Eucalyptus viminalis,manna gum,Eucalyptus,Myrtaceae,Btr,species,16,0.003,0.5,0.35,0.3,0.4,0.03,0.05,0.06,0.04,1.6,0.4,0.7,0.4,1.2,0.1,0.2,0.04,1,0.5,0.8,0.3,0.4,,
Eucalyptus wandoo,wandoo,Eucalyptus,Myrtaceae,Unknown,species,16,0.003,0.5,0.35,0.3,0.4,0.03,0.05,0.06,0.04,1.6,0.4,0.7,0.4,1.2,0.1,0.2,0.04,1,0.5,0.8,0.3,0.4,,
Eucalyptusáerythrocorys,,Eucalyptus,Myrtaceae,Unknown,genus,16,0.003,0.5,0.35,0.3,0.4,0.03,0.05,0.06,0.04,1.6,0.4,0.7,0.4,1.2,0.1,0.2,0.04,1,0.5,0.8,0.3,0.4,,
Eucalyptusáeudesmioides,,Eucalyptus,Myrtaceae,Unknown,genus,16,0.003,0.5,0.35,0.3,0.4,0.03,0.05,0.06,0.04,1.6,0.4,0.7,0.4,1.2,0.1,0.2,0.04,1,0.5,0.8,0.3,0.4,,
Euclea crispa,,Euclea,Ebenaceae,Unknown,species,6,0.01,0.4,0.3,0.18,0.25,0.03,0.05,0.06,0.04,1.4,0.4,0.7,0.4,1.2,0.1,0.2,0.04,1,0.5,0.8,0.3,0.4,,
Euclea natalensis,,Euclea,Ebenaceae,Unknown,species,6,0.01,0.4,0.3,0.18,0.25,0.03,0.05,0.06,0.04,1.4,0.4,0.7,0.4,1.2,0.1,0.2,0.04,1,0.5,0.8,0.3,0.4,,
Euclea undulata,,Euclea,Ebenaceae,Unknown,species,6,0.01,0.4,0.3,0.18,0.25,0.03,0.05,0.06,0.04,1.4,0.4,0.7,0.4,1.2,0.1,0.2,0.04,1,0.5,0.8,0.3,0.4,,
Eucommia ulmoides,,Eucommia,Eucommiaceae,Btr,species,6,0.01,0.4,0.3,0.18,0.25,0.03,0.05,0.06,0.04,1.4,0.4,0.7,0.4,1.2,0.1,0.2,0.04,1,0.5,0.8,0.3,0.4,,
Eucryphia billardieri,,Eucryphia,Cunoniaceae,Unknown,species,6,0.01,0.4,0.3,0.18,0.25,0.03,0.05,0.06,0.04,1.4,0.4,0.7,0.4,1.2,0.1,0.2,0.04,1,0.5,0.8,0.3,0.4,,
Eugenia,stopper,Eugenia,Myrtaceae,Btr,genus,6,0.01,0.4,0.3,0.18,0.25,0.03,0.05,0.06,0.04,1.4,0.4,0.7,0.4,1.2,0.1,0.2,0.04,1,0.5,0.8,0.3,0.4,,
Eugenia foetida,boxleaf stopper,Eugenia,Myrtaceae,Btr,species,6,0.01,0.4,0.3,0.18,0.25,0.03,0.05,0.06,0.04,1.4,0.4,0.7,0.4,1.2,0.1,0.2,0.04,1,0.5,0.8,0.3,0.4,,
Eugenia grandis,,Eugenia,Myrtaceae,Unknown,species,6,0.01,0.4,0.3,0.18,0.25,0.03,0.05,0.06,0.04,1.4,0.4,0.7,0.4,1.2,0.1,0.2,0.04,1,0.5,0.8,0.3,0.4,,
Eugenia malacensis,,Eugenia,Myrtaceae,Unknown,species,6,0.01,0.4,0.3,0.18,0.25,0.03,0.05,0.06,0.04,1.4,0.4,0.7,0.4,1.2,0.1,0.2,0.04,1,0.5,0.8,0.3,0.4,,
Eugenia uniflora,Surinam cherry,Eugenia,Myrtaceae,Btr,species,6,0.01,0.4,0.3,0.18,0.25,0.03,0.05,0.06,0.04,1.4,0.4,0.7,0.4,1.2,0.1,0.2,0.04,1,0.5,0.8,0.3,0.4,,
Eugenia xerophytica,aridland stopper,Eugenia,Myrtaceae,Btr,species,6,0.01,0.4,0.3,0.18,0.25,0.03,0.05,0.06,0.04,1.4,0.4,0.7,0.4,1.2,0.1,0.2,0.04,1,0.5,0.8,0.3,0.4,,
Eugeniaa uniflora,,Eugeniaa,TBD,Unknown,species,6,0.01,0.4,0.3,0.18,0.25,0.03,0.05,0.06,0.04,1.4,0.4,0.7,0.4,1.2,0.1,0.2,0.04,1,0.5,0.8,0.3,0.4,,
Euonymus japonicus,Japanese spindletree,Euonymus,Celastraceae,Btr,species,6,0.01,0.4,0.3,0.18,0.25,0.03,0.05,0.06,0.04,1.4,0.4,0.7,0.4,1.2,0.1,0.2,0.04,1,0.5,0.8,0.3,0.4,,
Eupatorium odoratum,,Eupatorium,Asteraceae,Unknown,species,6,0.01,0.4,0.3,0.18,0.25,0.03,0.05,0.06,0.04,1.4,0.4,0.7,0.4,1.2,0.1,0.2,0.04,1,0.5,0.8,0.3,0.4,,
Euphorbia,spurge,Euphorbia,Euphorbiaceae,Btr,genus,6,0.01,0.4,0.3,0.18,0.25,0.03,0.05,0.06,0.04,1.4,0.4,0.7,0.4,1.2,0.1,0.2,0.04,1,0.5,0.8,0.3,0.4,,
Euphorbia cotinifolia,Mexican shrubby spurge,Euphorbia,Euphorbiaceae,Btr,species,6,0.01,0.4,0.3,0.18,0.25,0.03,0.05,0.06,0.04,1.4,0.4,0.7,0.4,1.2,0.1,0.2,0.04,1,0.5,0.8,0.3,0.4,,
Euphorbia fulgens,scarlet-plume,Euphorbia,Euphorbiaceae,Unknown,species,6,0.01,0.4,0.3,0.18,0.25,0.03,0.05,0.06,0.04,1.4,0.4,0.7,0.4,1.2,0.1,0.2,0.04,1,0.5,0.8,0.3,0.4,,
Euphorbia pulcherrima,poinsettia,Euphorbia,Euphorbiaceae,Btr,species,6,0.01,0.4,0.3,0.18,0.25,0.03,0.05,0.06,0.04,1.4,0.4,0.7,0.4,1.2,0.1,0.2,0.04,1,0.5,0.8,0.3,0.4,,
Euphorbia splendens,,Euphorbia,Euphorbiaceae,Unknown,species,6,0.01,0.4,0.3,0.18,0.25,0.03,0.05,0.06,0.04,1.4,0.4,0.7,0.4,1.2,0.1,0.2,0.04,1,0.5,0.8,0.3,0.4,,
Euphorbia tirucalli,Indiantree spurge,Euphorbia,Euphorbiaceae,Btr,species,6,0.01,0.4,0.3,0.18,0.25,0.03,0.05,0.06,0.04,1.4,0.4,0.7,0.4,1.2,0.1,0.2,0.04,1,0.5,0.8,0.3,0.4,,
Euphorbiaceae,,Euphorbiaceae,Euphorbiaceae,Unknown,family,6,0.01,0.4,0.3,0.18,0.25,0.03,0.05,0.06,0.04,1.4,0.4,0.7,0.4,1.2,0.1,0.2,0.04,1,0.5,0.8,0.3,0.4,,
Eurya obliquifolia,,Eurya,Theaceae,Unknown,species,6,0.01,0.4,0.3,0.18,0.25,0.03,0.05,0.06,0.04,1.4,0.4,0.7,0.4,1.2,0.1,0.2,0.04,1,0.5,0.8,0.3,0.4,,
Euryops pectinatus,,Euryops,Asteraceae,Unknown,species,6,0.01,0.4,0.3,0.18,0.25,0.03,0.05,0.06,0.04,1.4,0.4,0.7,0.4,1.2,0.1,0.2,0.04,1,0.5,0.8,0.3,0.4,,
Eusideroxylon zwangeri,,Eusideroxylon,Lauraceae,Unknown,species,6,0.01,0.4,0.3,0.18,0.25,0.03,0.05,0.06,0.04,1.4,0.4,0.7,0.4,1.2,0.1,0.2,0.04,1,0.5,0.8,0.3,0.4,,
Euterpe macropadix,,Euterpe,Arecaceae,Unknown,species,6,0.01,0.4,0.3,0.18,0.25,0.03,0.05,0.06,0.04,1.4,0.4,0.7,0.4,1.2,0.1,0.2,0.04,1,0.5,0.8,0.3,0.4,,
Exostema caribaeum,Caribbean princewood,Exostema,Rubiaceae,Btr,species,6,0.01,0.4,0.3,0.18,0.25,0.03,0.05,0.06,0.04,1.4,0.4,0.7,0.4,1.2,0.1,0.2,0.04,1,0.5,0.8,0.3,0.4,,
Eysenhardtia polystachya,,Eysenhardtia,Fabaceae,Btr,species,16,0.003,0.2,0.25,0.08,0.15,0.03,0.05,0.06,0.04,1.6,0.4,0.7,0.4,1.2,0.1,0.2,0.04,1,0.5,0.8,0.3,0.4,,
Eysenhardtia texana,Texas kidneywood,Eysenhardtia,Fabaceae,Btr,species,6,0.01,0.4,0.3,0.18,0.25,0.03,0.05,0.06,0.04,1.4,0.4,0.7,0.4,1.2,0.1,0.2,0.04,1,0.5,0.8,0.3,0.4,,
Fabaceae,,Fabaceae,Fabaceae,Unknown,family,6,0.01,0.4,0.3,0.18,0.25,0.03,0.05,0.06,0.04,1.4,0.4,0.7,0.4,1.2,0.1,0.2,0.04,1,0.5,0.8,0.3,0.4,,
Fagaceae,,Fagaceae,Fagaceae,Unknown,family,6,0.01,0.4,0.3,0.18,0.25,0.03,0.05,0.06,0.04,1.4,0.4,0.7,0.4,1.2,0.1,0.2,0.04,1,0.5,0.8,0.3,0.4,,
Fagara heitzii,,Fagara,TBD,Unknown,species,6,0.01,0.4,0.3,0.18,0.25,0.03,0.05,0.06,0.04,1.4,0.4,0.7,0.4,1.2,0.1,0.2,0.04,1,0.5,0.8,0.3,0.4,,
Fagara macrophylla,,Fagara,TBD,Unknown,species,6,0.01,0.4,0.3,0.18,0.25,0.03,0.05,0.06,0.04,1.4,0.4,0.7,0.4,1.2,0.1,0.2,0.04,1,0.5,0.8,0.3,0.4,,
Fagraea cuspidata,,Fagraea,Loganiaceae,Unknown,species,6,0.01,0.4,0.3,0.18,0.25,0.03,0.05,0.06,0.04,1.4,0.4,0.7,0.4,1.2,0.1,0.2,0.04,1,0.5,0.8,0.3,0.4,,
Fagus,beech,Fagus,Fagaceae,Btr,genus,0.003,0.003,0.15,0.15,0.08,0.15,0.03,0.05,0.06,0.04,1.6,0.4,0.7,0.4,1.2,0.1,0.2,0.04,1,0.5,0.8,0.3,0.4,,
Fagus grandifolia,American beech,Fagus,Fagaceae,Btr,species,0.003,0.003,0.15,0.15,0.08,0.15,0.03,0.05,0.06,0.04,1.6,0.4,0.7,0.4,1.2,0.1,0.2,0.04,1,0.5,0.8,0.3,0.4,,
Fagus orientalis,beech,Fagus,Fagaceae,Btr,species,0.003,0.003,0.15,0.15,0.08,0.15,0.03,0.05,0.06,0.04,1.6,0.4,0.7,0.4,1.2,0.1,0.2,0.04,1,0.5,0.8,0.3,0.4,,
Fagus sylvatica,European beech,FagusMT,Fagaceae,Btr,species,0.003,0.003,1.5,1.5,0.8,1.5,0.03,0.05,0.06,0.04,1.6,0.4,0.7,0.4,1.2,0.1,0.2,0.04,1,0.5,0.8,0.3,0.4,,
Faidherbia albida,applering acacia,Faidherbia,Fabaceae,Unknown,species,6,0.01,0.4,0.3,0.18,0.25,0.03,0.05,0.06,0.04,1.4,0.4,0.7,0.4,1.2,0.1,0.2,0.04,1,0.5,0.8,0.3,0.4,,
Feijoa sellowiana,feijoa,Feijoa,Myrtaceae,Unknown,species,6,0.01,0.4,0.3,0.18,0.25,0.03,0.05,0.06,0.04,1.4,0.4,0.7,0.4,1.2,0.1,0.2,0.04,1,0.5,0.8,0.3,0.4,,
Fernandoa adenophyllum,Heterophragma adenophyllum,Fernandoa,Bignoniaceae,Btr,species,6,0.01,0.4,0.3,0.18,0.25,0.03,0.05,0.06,0.04,1.4,0.4,0.7,0.4,1.2,0.1,0.2,0.04,1,0.5,0.8,0.3,0.4,,
Festuca rubra,red fescue,Festuca,Poaceae,Herb,species,6,0.01,0.4,0.3,0.18,0.25,0.03,0.05,0.06,0.04,1.4,0.4,0.7,0.4,1.2,0.1,0.2,0.04,1,0.5,0.8,0.3,0.4,,
Ficus,fig,Ficus,Moraceae,Btr,genus,16,0.003,0.08,0.12,0.04,0.06,0.03,0.05,0.06,0.04,1.6,0.4,0.7,0.4,1.2,0.1,0.2,0.04,1,0.5,0.8,0.3,0.4,,
Ficus altissima,council tree,Ficus,Moraceae,Btr,species,16,0.003,0.08,0.12,0.04,0.06,0.03,0.05,0.06,0.04,1.6,0.4,0.7,0.4,1.2,0.1,0.2,0.04,1,0.5,0.8,0.3,0.4,,
Ficus annulata,fig,Ficus,Moraceae,Btr,species,16,0.003,0.08,0.12,0.04,0.06,0.03,0.05,0.06,0.04,1.6,0.4,0.7,0.4,1.2,0.1,0.2,0.04,1,0.5,0.8,0.3,0.4,,
Ficus auriculata,Roxburgh fig,Ficus,Moraceae,Unknown,species,16,0.003,0.08,0.12,0.04,0.06,0.03,0.05,0.06,0.04,1.6,0.4,0.7,0.4,1.2,0.1,0.2,0.04,1,0.5,0.8,0.3,0.4,,
Ficus benghalensis,Indian banyan,Ficus,Moraceae,Btr,species,16,0.003,0.08,0.12,0.04,0.06,0.03,0.05,0.06,0.04,1.6,0.4,0.7,0.4,1.2,0.1,0.2,0.04,1,0.5,0.8,0.3,0.4,,
Ficus benjamina,weeping fig,Ficus,Moraceae,Btr,species,16,0.003,0.08,0.12,0.04,0.06,0.03,0.05,0.06,0.04,1.6,0.4,0.7,0.4,1.2,0.1,0.2,0.04,1,0.5,0.8,0.3,0.4,,
Ficus callosa,,Ficus,Moraceae,Unknown,species,16,0.003,0.08,0.12,0.04,0.06,0.03,0.05,0.06,0.04,1.6,0.4,0.7,0.4,1.2,0.1,0.2,0.04,1,0.5,0.8,0.3,0.4,,
Ficus capensis,,Ficus,Moraceae,Unknown,species,16,0.003,0.08,0.12,0.04,0.06,0.03,0.05,0.06,0.04,1.6,0.4,0.7,0.4,1.2,0.1,0.2,0.04,1,0.5,0.8,0.3,0.4,,
Ficus carica,edible fig,Ficus,Moraceae,Btr,species,16,0.003,0.08,0.12,0.04,0.06,0.03,0.05,0.06,0.04,1.6,0.4,0.7,0.4,1.2,0.1,0.2,0.04,1,0.5,0.8,0.3,0.4,,
Ficus celebensis,fig,Ficus,Moraceae,Btr,species,16,0.003,0.08,0.12,0.04,0.06,0.03,0.05,0.06,0.04,1.6,0.4,0.7,0.4,1.2,0.1,0.2,0.04,1,0.5,0.8,0.3,0.4,,
Ficus costaricana,,Ficus,Moraceae,Unknown,species,16,0.003,0.08,0.12,0.04,0.06,0.03,0.05,0.06,0.04,1.6,0.4,0.7,0.4,1.2,0.1,0.2,0.04,1,0.5,0.8,0.3,0.4,,
Ficus cyrtophylla,,Ficus,Moraceae,Unknown,species,16,0.003,0.08,0.12,0.04,0.06,0.03,0.05,0.06,0.04,1.6,0.4,0.7,0.4,1.2,0.1,0.2,0.04,1,0.5,0.8,0.3,0.4,,
Ficus drupacea,brown-woolly fig,Ficus,Moraceae,Btr,species,16,0.003,0.08,0.12,0.04,0.06,0.03,0.05,0.06,0.04,1.6,0.4,0.7,0.4,1.2,0.1,0.2,0.04,1,0.5,0.8,0.3,0.4,,
Ficus elastica,Indian rubberplant,Ficus,Moraceae,Btr,species,16,0.003,0.08,0.12,0.04,0.06,0.03,0.05,0.06,0.04,1.6,0.4,0.7,0.4,1.2,0.1,0.2,0.04,1,0.5,0.8,0.3,0.4,,
Ficus erecta,fig,Ficus,Moraceae,Btr,species,16,0.003,0.08,0.12,0.04,0.06,0.03,0.05,0.06,0.04,1.6,0.4,0.7,0.4,1.2,0.1,0.2,0.04,1,0.5,0.8,0.3,0.4,,
Ficus exasperata,,Ficus,Moraceae,Unknown,species,16,0.003,0.08,0.12,0.04,0.06,0.03,0.05,0.06,0.04,1.6,0.4,0.7,0.4,1.2,0.1,0.2,0.04,1,0.5,0.8,0.3,0.4,,
Ficus fistulosa,,Ficus,Moraceae,Unknown,species,16,0.003,0.08,0.12,0.04,0.06,0.03,0.05,0.06,0.04,1.6,0.4,0.7,0.4,1.2,0.1,0.2,0.04,1,0.5,0.8,0.3,0.4,,
Ficus glaberrima,fig,Ficus,Moraceae,Btr,species,16,0.003,0.08,0.12,0.04,0.06,0.03,0.05,0.06,0.04,1.6,0.4,0.7,0.4,1.2,0.1,0.2,0.04,1,0.5,0.8,0.3,0.4,,
Ficus glomerata,fig,Ficus,Moraceae,Btr,species,16,0.003,0.08,0.12,0.04,0.06,0.03,0.05,0.06,0.04,1.6,0.4,0.7,0.4,1.2,0.1,0.2,0.04,1,0.5,0.8,0.3,0.4,,
Ficus glumosa,,Ficus,Moraceae,Unknown,species,16,0.003,0.08,0.12,0.04,0.06,0.03,0.05,0.06,0.04,1.6,0.4,0.7,0.4,1.2,0.1,0.2,0.04,1,0.5,0.8,0.3,0.4,,
Ficus hirta,,Ficus,Moraceae,Unknown,species,16,0.003,0.08,0.12,0.04,0.06,0.03,0.05,0.06,0.04,1.6,0.4,0.7,0.4,1.2,0.1,0.2,0.04,1,0.5,0.8,0.3,0.4,,
Ficus hispida,,Ficus,Moraceae,Unknown,species,16,0.003,0.08,0.12,0.04,0.06,0.03,0.05,0.06,0.04,1.6,0.4,0.7,0.4,1.2,0.1,0.2,0.04,1,0.5,0.8,0.3,0.4,,
Ficus infectoria,fig,Ficus,Moraceae,Btr,species,16,0.003,0.08,0.12,0.04,0.06,0.03,0.05,0.06,0.04,1.6,0.4,0.7,0.4,1.2,0.1,0.2,0.04,1,0.5,0.8,0.3,0.4,,
Ficus ingens,,Ficus,Moraceae,Unknown,species,16,0.003,0.08,0.12,0.04,0.06,0.03,0.05,0.06,0.04,1.6,0.4,0.7,0.4,1.2,0.1,0.2,0.04,1,0.5,0.8,0.3,0.4,,
Ficus insipida,,Ficus,Moraceae,Unknown,species,16,0.003,0.08,0.12,0.04,0.06,0.03,0.05,0.06,0.04,1.6,0.4,0.7,0.4,1.2,0.1,0.2,0.04,1,0.5,0.8,0.3,0.4,,
Ficus langkokensis,,Ficus,Moraceae,Unknown,species,16,0.003,0.08,0.12,0.04,0.06,0.03,0.05,0.06,0.04,1.6,0.4,0.7,0.4,1.2,0.1,0.2,0.04,1,0.5,0.8,0.3,0.4,,
Ficus lutea,Lagos rubbertree,Ficus,Moraceae,Btr,species,16,0.003,0.08,0.12,0.04,0.06,0.03,0.05,0.06,0.04,1.6,0.4,0.7,0.4,1.2,0.1,0.2,0.04,1,0.5,0.8,0.3,0.4,,
Ficus lyrata,fiddleleaf fig,Ficus,Moraceae,Btr,species,16,0.003,0.08,0.12,0.04,0.06,0.03,0.05,0.06,0.04,1.6,0.4,0.7,0.4,1.2,0.1,0.2,0.04,1,0.5,0.8,0.3,0.4,,
Ficus maclellandii,fig,Ficus,Moraceae,Btr,species,16,0.003,0.08,0.12,0.04,0.06,0.03,0.05,0.06,0.04,1.6,0.4,0.7,0.4,1.2,0.1,0.2,0.04,1,0.5,0.8,0.3,0.4,,
Ficus macrocarpa,,Ficus,Moraceae,Unknown,species,16,0.003,0.08,0.12,0.04,0.06,0.03,0.05,0.06,0.04,1.6,0.4,0.7,0.4,1.2,0.1,0.2,0.04,1,0.5,0.8,0.3,0.4,,
Ficus macrophylla,,Ficus,Moraceae,Btr,species,16,0.003,0.08,0.12,0.04,0.06,0.03,0.05,0.06,0.04,1.6,0.4,0.7,0.4,1.2,0.1,0.2,0.04,1,0.5,0.8,0.3,0.4,,
Ficus microcarpa,Chinese banyan,Ficus,Moraceae,Btr,species,16,0.003,0.08,0.12,0.04,0.06,0.03,0.05,0.06,0.04,1.6,0.4,0.7,0.4,1.2,0.1,0.2,0.04,1,0.5,0.8,0.3,0.4,,
Ficus mucuso,,Ficus,Moraceae,Unknown,species,16,0.003,0.08,0.12,0.04,0.06,0.03,0.05,0.06,0.04,1.6,0.4,0.7,0.4,1.2,0.1,0.2,0.04,1,0.5,0.8,0.3,0.4,,
Ficus nitida,fig,Ficus,Moraceae,Btr,species,16,0.003,0.08,0.12,0.04,0.06,0.03,0.05,0.06,0.04,1.6,0.4,0.7,0.4,1.2,0.1,0.2,0.04,1,0.5,0.8,0.3,0.4,,
Ficus petiolaris,fig,Ficus,Moraceae,Btr,species,16,0.003,0.08,0.12,0.04,0.06,0.03,0.05,0.06,0.04,1.6,0.4,0.7,0.4,1.2,0.1,0.2,0.04,1,0.5,0.8,0.3,0.4,,
Ficus pumila,climbingfig,Ficus,Moraceae,Shrub,species,16,0.003,0.08,0.12,0.04,0.06,0.03,0.05,0.06,0.04,1.6,0.4,0.7,0.4,1.2,0.1,0.2,0.04,1,0.5,0.8,0.3,0.4,,
Ficus racemosa,clustertree,Ficus,Moraceae,Unknown,species,16,0.003,0.08,0.12,0.04,0.06,0.03,0.05,0.06,0.04,1.6,0.4,0.7,0.4,1.2,0.1,0.2,0.04,1,0.5,0.8,0.3,0.4,,
Ficus radicans,,Ficus,Moraceae,Unknown,species,16,0.003,0.08,0.12,0.04,0.06,0.03,0.05,0.06,0.04,1.6,0.4,0.7,0.4,1.2,0.1,0.2,0.04,1,0.5,0.8,0.3,0.4,,
Ficus religiosa,peepul tree,Ficus,Moraceae,Btr,species,16,0.003,0.08,0.12,0.04,0.06,0.03,0.05,0.06,0.04,1.6,0.4,0.7,0.4,1.2,0.1,0.2,0.04,1,0.5,0.8,0.3,0.4,,
Ficus retusa,fig,Ficus,Moraceae,Btr,species,16,0.003,0.08,0.12,0.04,0.06,0.03,0.05,0.06,0.04,1.6,0.4,0.7,0.4,1.2,0.1,0.2,0.04,1,0.5,0.8,0.3,0.4,,
Ficus rubiginosa,Port Jackson fig,Ficus,Moraceae,Btr,species,16,0.003,0.08,0.12,0.04,0.06,0.03,0.05,0.06,0.04,1.6,0.4,0.7,0.4,1.2,0.1,0.2,0.04,1,0.5,0.8,0.3,0.4,,
Ficus septica,,Ficus,Moraceae,Unknown,species,16,0.003,0.08,0.12,0.04,0.06,0.03,0.05,0.06,0.04,1.6,0.4,0.7,0.4,1.2,0.1,0.2,0.04,1,0.5,0.8,0.3,0.4,,
Ficus stuhlmannii,,Ficus,Moraceae,Unknown,species,16,0.003,0.08,0.12,0.04,0.06,0.03,0.05,0.06,0.04,1.6,0.4,0.7,0.4,1.2,0.1,0.2,0.04,1,0.5,0.8,0.3,0.4,,
Ficus superba,sea fig,Ficus,Moraceae,Unknown,species,16,0.003,0.08,0.12,0.04,0.06,0.03,0.05,0.06,0.04,1.6,0.4,0.7,0.4,1.2,0.1,0.2,0.04,1,0.5,0.8,0.3,0.4,,
Ficus sycamorus,,Ficus,Moraceae,Unknown,species,16,0.003,0.08,0.12,0.04,0.06,0.03,0.05,0.06,0.04,1.6,0.4,0.7,0.4,1.2,0.1,0.2,0.04,1,0.5,0.8,0.3,0.4,,
Ficus sycomorus,sycamore fig,Ficus,Moraceae,Unknown,species,16,0.003,0.08,0.12,0.04,0.06,0.03,0.05,0.06,0.04,1.6,0.4,0.7,0.4,1.2,0.1,0.2,0.04,1,0.5,0.8,0.3,0.4,,
Ficus thonningii,,Ficus,Moraceae,Btr,species,16,0.003,0.08,0.12,0.04,0.06,0.03,0.05,0.06,0.04,1.6,0.4,0.7,0.4,1.2,0.1,0.2,0.04,1,0.5,0.8,0.3,0.4,,
Ficus tinctoria,fig,Ficus,Moraceae,Unknown,species,16,0.003,0.08,0.12,0.04,0.06,0.03,0.05,0.06,0.04,1.6,0.4,0.7,0.4,1.2,0.1,0.2,0.04,1,0.5,0.8,0.3,0.4,,
Ficus virens,fig,Ficus,Moraceae,Btr,species,16,0.003,0.08,0.12,0.04,0.06,0.03,0.05,0.06,0.04,1.6,0.4,0.7,0.4,1.2,0.1,0.2,0.04,1,0.5,0.8,0.3,0.4,,
Ficus virgata,fig,Ficus,Moraceae,Btr,species,16,0.003,0.08,0.12,0.04,0.06,0.03,0.05,0.06,0.04,1.6,0.4,0.7,0.4,1.2,0.1,0.2,0.04,1,0.5,0.8,0.3,0.4,,
Ficus watkinsiana,fig,Ficus,Moraceae,Btr,species,16,0.003,0.08,0.12,0.04,0.06,0.03,0.05,0.06,0.04,1.6,0.4,0.7,0.4,1.2,0.1,0.2,0.04,1,0.5,0.8,0.3,0.4,,
Filipendula ulmaria,queen of the meadow,Filipendula,Rosaceae,Herb,species,6,0.01,0.4,0.3,0.18,0.25,0.03,0.05,0.06,0.04,1.4,0.4,0.7,0.4,1.2,0.1,0.2,0.04,1,0.5,0.8,0.3,0.4,,
Firmiana simplex,Chinese parasoltree,Firmiana,Sterculiaceae,Btr,species,6,0.01,0.4,0.3,0.18,0.25,0.03,0.05,0.06,0.04,1.4,0.4,0.7,0.4,1.2,0.1,0.2,0.04,1,0.5,0.8,0.3,0.4,,
Fissistigma oldhamii,,Fissistigma,TBD,Unknown,species,6,0.01,0.4,0.3,0.18,0.25,0.03,0.05,0.06,0.04,1.4,0.4,0.7,0.4,1.2,0.1,0.2,0.04,1,0.5,0.8,0.3,0.4,,
Fissistigma poilanei,,Fissistigma,TBD,Unknown,species,6,0.01,0.4,0.3,0.18,0.25,0.03,0.05,0.06,0.04,1.4,0.4,0.7,0.4,1.2,0.1,0.2,0.04,1,0.5,0.8,0.3,0.4,,
Flemingia macrophylla,,Flemingia,Fabaceae,Unknown,species,6,0.01,0.4,0.3,0.18,0.25,0.03,0.05,0.06,0.04,1.4,0.4,0.7,0.4,1.2,0.1,0.2,0.04,1,0.5,0.8,0.3,0.4,,
Flueggia virosa,,Flueggia,TBD,Unknown,species,6,0.01,0.4,0.3,0.18,0.25,0.03,0.05,0.06,0.04,1.4,0.4,0.7,0.4,1.2,0.1,0.2,0.04,1,0.5,0.8,0.3,0.4,,
Forestiera segregata,Florida swampprivet,Forestiera,Oleaceae,Btr,species,6,0.01,0.4,0.3,0.18,0.25,0.03,0.05,0.06,0.04,1.4,0.4,0.7,0.4,1.2,0.1,0.2,0.04,1,0.5,0.8,0.3,0.4,,
Forsteronia viridi,,Forsteronia,Apocynaceae,Unknown,species,6,0.01,0.4,0.3,0.18,0.25,0.03,0.05,0.06,0.04,1.4,0.4,0.7,0.4,1.2,0.1,0.2,0.04,1,0.5,0.8,0.3,0.4,,
Fortunella japonica,round kumquat,Fortunella,Rutaceae,Btr,species,6,0.01,0.4,0.3,0.18,0.25,0.03,0.05,0.06,0.04,1.4,0.4,0.7,0.4,1.2,0.1,0.2,0.04,1,0.5,0.8,0.3,0.4,,
Fortunella margarita,oval kumquat,Fortunella,Rutaceae,Btr,species,6,0.01,0.4,0.3,0.18,0.25,0.03,0.05,0.06,0.04,1.4,0.4,0.7,0.4,1.2,0.1,0.2,0.04,1,0.5,0.8,0.3,0.4,,
Fouquieria splendens,ocotillo,Fouquieria,Fouquieriaceae,Shrub,species,6,0.01,0.4,0.3,0.18,0.25,0.03,0.05,0.06,0.04,1.4,0.4,0.7,0.4,1.2,0.1,0.2,0.04,1,0.5,0.8,0.3,0.4,,
Fragaria,strawberry,Fragaria,Rosaceae,Herb,genus,6,0.01,0.4,0.3,0.18,0.25,0.03,0.05,0.06,0.04,1.4,0.4,0.7,0.4,1.2,0.1,0.2,0.04,1,0.5,0.8,0.3,0.4,,
Frangula alnus,glossy buckthorn,Frangula,Rhamnaceae,Btr,species,6,0.01,0.4,0.3,0.18,0.25,0.03,0.05,0.06,0.04,1.4,0.4,0.7,0.4,1.2,0.1,0.2,0.04,1,0.5,0.8,0.3,0.4,,
Franseria deltoidea,,Franseria,Asteraceae,Unknown,species,6,0.01,0.4,0.3,0.18,0.25,0.03,0.05,0.06,0.04,1.4,0.4,0.7,0.4,1.2,0.1,0.2,0.04,1,0.5,0.8,0.3,0.4,,
Franseria dumosa,,Franseria,Asteraceae,Unknown,species,6,0.01,0.4,0.3,0.18,0.25,0.03,0.05,0.06,0.04,1.4,0.4,0.7,0.4,1.2,0.1,0.2,0.04,1,0.5,0.8,0.3,0.4,,
Fraxinus,ash,Fraxinus,Oleaceae,Btr,genus,0.003,0.003,0.01,0.2,0.01,0.01,0.03,0.05,0.06,0.04,1.6,0.4,0.7,0.4,1.2,0.1,0.2,0.04,1,0.5,0.8,0.3,0.4,,
Fraxinus americana,white ash,Fraxinus,Oleaceae,Btr,species,0.003,0.003,0.01,0.2,0.01,0.01,0.03,0.05,0.06,0.04,1.6,0.4,0.7,0.4,1.2,0.1,0.2,0.04,1,0.5,0.8,0.3,0.4,,
Fraxinus angustifolia,ash,Fraxinus,Oleaceae,Btr,species,0.003,0.003,0.01,0.2,0.01,0.01,0.03,0.05,0.06,0.04,1.6,0.4,0.7,0.4,1.2,0.1,0.2,0.04,1,0.5,0.8,0.3,0.4,,
Fraxinus anomala,singleleaf ash,Fraxinus,Oleaceae,Btr,species,0.003,0.003,0.01,0.2,0.01,0.01,0.03,0.05,0.06,0.04,1.6,0.4,0.7,0.4,1.2,0.1,0.2,0.04,1,0.5,0.8,0.3,0.4,,
Fraxinus berlandieriana,,Fraxinus,Oleaceae,Btr,species,0.003,0.003,0.01,0.2,0.01,0.01,0.03,0.05,0.06,0.04,1.6,0.4,0.7,0.4,1.2,0.1,0.2,0.04,1,0.5,0.8,0.3,0.4,,
Fraxinus caroliniana,Carolina ash,Fraxinus,Oleaceae,Btr,species,0.003,0.003,0.01,0.2,0.01,0.01,0.03,0.05,0.06,0.04,1.6,0.4,0.7,0.4,1.2,0.1,0.2,0.04,1,0.5,0.8,0.3,0.4,,
Fraxinus chinensis,Chinese ash,Fraxinus,Oleaceae,Unknown,species,0.003,0.003,0.01,0.2,0.01,0.01,0.03,0.05,0.06,0.04,1.6,0.4,0.7,0.4,1.2,0.1,0.2,0.04,1,0.5,0.8,0.3,0.4,,
Fraxinus dipetala,California ash,Fraxinus,Oleaceae,Btr,species,0.003,0.003,0.01,0.2,0.01,0.01,0.03,0.05,0.06,0.04,1.6,0.4,0.7,0.4,1.2,0.1,0.2,0.04,1,0.5,0.8,0.3,0.4,,
Fraxinus excelsior,European ash,Fraxinus,Oleaceae,Btr,species,0.003,0.003,0.01,0.2,0.01,0.01,0.03,0.05,0.06,0.04,1.6,0.4,0.7,0.4,1.2,0.1,0.2,0.04,1,0.5,0.8,0.3,0.4,,
Fraxinus holotricha,ash,Fraxinus,Oleaceae,Btr,species,0.003,0.003,0.01,0.2,0.01,0.01,0.03,0.05,0.06,0.04,1.6,0.4,0.7,0.4,1.2,0.1,0.2,0.04,1,0.5,0.8,0.3,0.4,,
Fraxinus latifolia,Oregon ash,Fraxinus,Oleaceae,Btr,species,0.003,0.003,0.01,0.2,0.01,0.01,0.03,0.05,0.06,0.04,1.6,0.4,0.7,0.4,1.2,0.1,0.2,0.04,1,0.5,0.8,0.3,0.4,,
Fraxinus mandshurica,Manchurian ash,Fraxinus,Oleaceae,Unknown,species,0.003,0.003,0.01,0.2,0.01,0.01,0.03,0.05,0.06,0.04,1.6,0.4,0.7,0.4,1.2,0.1,0.2,0.04,1,0.5,0.8,0.3,0.4,,
Fraxinus nigra,black ash,Fraxinus,Oleaceae,Btr,species,0.003,0.003,0.01,0.2,0.01,0.01,0.03,0.05,0.06,0.04,1.6,0.4,0.7,0.4,1.2,0.1,0.2,0.04,1,0.5,0.8,0.3,0.4,,
Fraxinus ornus,flowering ash,Fraxinus,Oleaceae,Unknown,species,0.003,0.003,0.01,0.2,0.01,0.01,0.03,0.05,0.06,0.04,1.6,0.4,0.7,0.4,1.2,0.1,0.2,0.04,1,0.5,0.8,0.3,0.4,,
Fraxinus oxycarpa,Caucasian ash,Fraxinus,Oleaceae,Btr,species,0.003,0.003,0.01,0.2,0.01,0.01,0.03,0.05,0.06,0.04,1.6,0.4,0.7,0.4,1.2,0.1,0.2,0.04,1,0.5,0.8,0.3,0.4,,
Fraxinus pennsylvanica,green ash,Fraxinus,Oleaceae,Btr,species,0.003,0.003,0.01,0.2,0.01,0.01,0.03,0.05,0.06,0.04,1.6,0.4,0.7,0.4,1.2,0.1,0.2,0.04,1,0.5,0.8,0.3,0.4,,
Fraxinus profunda,pumpkin ash,Fraxinus,Oleaceae,Btr,species,0.003,0.003,0.01,0.2,0.01,0.01,0.03,0.05,0.06,0.04,1.6,0.4,0.7,0.4,1.2,0.1,0.2,0.04,1,0.5,0.8,0.3,0.4,,
Fraxinus quadrangulata,blue ash,Fraxinus,Oleaceae,Btr,species,0.003,0.003,0.01,0.2,0.01,0.01,0.03,0.05,0.06,0.04,1.6,0.4,0.7,0.4,1.2,0.1,0.2,0.04,1,0.5,0.8,0.3,0.4,,
Fraxinus texensis,,Fraxinus,Oleaceae,Btr,species,0.003,0.003,0.01,0.2,0.01,0.01,0.03,0.05,0.06,0.04,1.6,0.4,0.7,0.4,1.2,0.1,0.2,0.04,1,0.5,0.8,0.3,0.4,,
Fraxinus uhdei,shamel ash,Fraxinus,Oleaceae,Btr,species,0.003,0.003,0.01,0.2,0.01,0.01,0.03,0.05,0.06,0.04,1.6,0.4,0.7,0.4,1.2,0.1,0.2,0.04,1,0.5,0.8,0.3,0.4,,
Fraxinus velutina,velvet ash,Fraxinus,Oleaceae,Btr,species,0.003,0.003,0.01,0.2,0.01,0.01,0.03,0.05,0.06,0.04,1.6,0.4,0.7,0.4,1.2,0.1,0.2,0.04,1,0.5,0.8,0.3,0.4,,
Fremontia californica,,Fremontia,TBD,Unknown,species,6,0.01,0.4,0.3,0.18,0.25,0.03,0.05,0.06,0.04,1.4,0.4,0.7,0.4,1.2,0.1,0.2,0.04,1,0.5,0.8,0.3,0.4,,
Fremontodendron californicum,California flannelbush,Fremontodendron,Sterculiaceae,Btr,species,6,0.01,0.4,0.3,0.18,0.25,0.03,0.05,0.06,0.04,1.4,0.4,0.7,0.4,1.2,0.1,0.2,0.04,1,0.5,0.8,0.3,0.4,,
Funtumia elastica,silkrubber,Funtumia,Apocynaceae,Btr,species,6,0.01,0.4,0.3,0.18,0.25,0.03,0.05,0.06,0.04,1.4,0.4,0.7,0.4,1.2,0.1,0.2,0.04,1,0.5,0.8,0.3,0.4,,
Galpinia transvaalica,,Galpinia,TBD,Unknown,species,6,0.01,0.4,0.3,0.18,0.25,0.03,0.05,0.06,0.04,1.4,0.4,0.7,0.4,1.2,0.1,0.2,0.04,1,0.5,0.8,0.3,0.4,,
Gambeya beguei,,Gambeya,TBD,Unknown,species,6,0.01,0.4,0.3,0.18,0.25,0.03,0.05,0.06,0.04,1.4,0.4,0.7,0.4,1.2,0.1,0.2,0.04,1,0.5,0.8,0.3,0.4,,
Gambeya lacourtiana,,Gambeya,TBD,Unknown,species,6,0.01,0.4,0.3,0.18,0.25,0.03,0.05,0.06,0.04,1.4,0.4,0.7,0.4,1.2,0.1,0.2,0.04,1,0.5,0.8,0.3,0.4,,
Garcinia,saptree,Garcinia,Clusiaceae,Btr,genus,6,0.01,0.4,0.3,0.18,0.25,0.03,0.05,0.06,0.04,1.4,0.4,0.7,0.4,1.2,0.1,0.2,0.04,1,0.5,0.8,0.3,0.4,,
Garcinia cowa,,Garcinia,Clusiaceae,Unknown,species,6,0.01,0.4,0.3,0.18,0.25,0.03,0.05,0.06,0.04,1.4,0.4,0.7,0.4,1.2,0.1,0.2,0.04,1,0.5,0.8,0.3,0.4,,
Garcinia kola,garcinia,Garcinia,Clusiaceae,Unknown,species,6,0.01,0.4,0.3,0.18,0.25,0.03,0.05,0.06,0.04,1.4,0.4,0.7,0.4,1.2,0.1,0.2,0.04,1,0.5,0.8,0.3,0.4,,
Garcinia macrophylla,,Garcinia,Clusiaceae,Btr,species,6,0.01,0.4,0.3,0.18,0.25,0.03,0.05,0.06,0.04,1.4,0.4,0.7,0.4,1.2,0.1,0.2,0.04,1,0.5,0.8,0.3,0.4,,
Garcinia mangostana,mangosteen,Garcinia,Clusiaceae,Btr,species,6,0.01,0.4,0.3,0.18,0.25,0.03,0.05,0.06,0.04,1.4,0.4,0.7,0.4,1.2,0.1,0.2,0.04,1,0.5,0.8,0.3,0.4,,
Garcinia oblongifolia,,Garcinia,Clusiaceae,Unknown,species,6,0.01,0.4,0.3,0.18,0.25,0.03,0.05,0.06,0.04,1.4,0.4,0.7,0.4,1.2,0.1,0.2,0.04,1,0.5,0.8,0.3,0.4,,
Garcinia subelliptica,,Garcinia,Clusiaceae,Btr,species,6,0.01,0.4,0.3,0.18,0.25,0.03,0.05,0.06,0.04,1.4,0.4,0.7,0.4,1.2,0.1,0.2,0.04,1,0.5,0.8,0.3,0.4,,
Garcinia xanthochymus,garcinia,Garcinia,Clusiaceae,Unknown,species,6,0.01,0.4,0.3,0.18,0.25,0.03,0.05,0.06,0.04,1.4,0.4,0.7,0.4,1.2,0.1,0.2,0.04,1,0.5,0.8,0.3,0.4,,
Gardenia ternifolia,,Gardenia,Rubiaceae,Unknown,species,6,0.01,0.4,0.3,0.18,0.25,0.03,0.05,0.06,0.04,1.4,0.4,0.7,0.4,1.2,0.1,0.2,0.04,1,0.5,0.8,0.3,0.4,,
Gardenia thunbergia,Thunberg's gardenia,Gardenia,Rubiaceae,Unknown,species,6,0.01,0.4,0.3,0.18,0.25,0.03,0.05,0.06,0.04,1.4,0.4,0.7,0.4,1.2,0.1,0.2,0.04,1,0.5,0.8,0.3,0.4,,
Gardenia volkensii,common gardenia,Gardenia,Rubiaceae,Unknown,species,6,0.01,0.4,0.3,0.18,0.25,0.03,0.05,0.06,0.04,1.4,0.4,0.7,0.4,1.2,0.1,0.2,0.04,1,0.5,0.8,0.3,0.4,,
Garrya elliptica,wavyleaf silktassel,Garrya,Garryaceae,Btr,species,6,0.01,0.4,0.3,0.18,0.25,0.03,0.05,0.06,0.04,1.4,0.4,0.7,0.4,1.2,0.1,0.2,0.04,1,0.5,0.8,0.3,0.4,,
Gaultheria forrestii,,Gaultheria,Ericaceae,Unknown,species,6,0.01,0.4,0.3,0.18,0.25,0.03,0.05,0.06,0.04,1.4,0.4,0.7,0.4,1.2,0.1,0.2,0.04,1,0.5,0.8,0.3,0.4,,
Gaultheria griffithiana,,Gaultheria,Ericaceae,Unknown,species,6,0.01,0.4,0.3,0.18,0.25,0.03,0.05,0.06,0.04,1.4,0.4,0.7,0.4,1.2,0.1,0.2,0.04,1,0.5,0.8,0.3,0.4,,
Geijera parviflora,Australian willow,Geijera,Rutaceae,Btr,species,6,0.01,0.4,0.3,0.18,0.25,0.03,0.05,0.06,0.04,1.4,0.4,0.7,0.4,1.2,0.1,0.2,0.04,1,0.5,0.8,0.3,0.4,,
Genista canariensis,Canary broom,Genista,Fabaceae,Btr,species,6,0.01,0.4,0.3,0.18,0.25,0.03,0.05,0.06,0.04,1.4,0.4,0.7,0.4,1.2,0.1,0.2,0.04,1,0.5,0.8,0.3,0.4,,
Genista cinerea,,Genista,Fabaceae,Unknown,species,6,0.01,0.4,0.3,0.18,0.25,0.03,0.05,0.06,0.04,1.4,0.4,0.7,0.4,1.2,0.1,0.2,0.04,1,0.5,0.8,0.3,0.4,,
Genista germanica,,Genista,Fabaceae,Unknown,species,6,0.01,0.4,0.3,0.18,0.25,0.03,0.05,0.06,0.04,1.4,0.4,0.7,0.4,1.2,0.1,0.2,0.04,1,0.5,0.8,0.3,0.4,,
Genista scorpius,,Genista,Fabaceae,Unknown,species,6,0.01,0.4,0.3,0.18,0.25,0.03,0.05,0.06,0.04,1.4,0.4,0.7,0.4,1.2,0.1,0.2,0.04,1,0.5,0.8,0.3,0.4,,
Genista tridentata,,Genista,Fabaceae,Unknown,species,6,0.01,0.4,0.3,0.18,0.25,0.03,0.05,0.06,0.04,1.4,0.4,0.7,0.4,1.2,0.1,0.2,0.04,1,0.5,0.8,0.3,0.4,,
GFBtr,Broadleaf tree,Btr,Btr,Btr,GF,7,0.02,0.3,0.35,0.1,0.18,0.03,0.05,0.06,0.04,1.6,0.4,0.7,0.4,1.2,0.1,0.2,0.04,1,0.5,0.8,0.3,0.4,,
GFCrop,,Crop,Crop,Crop,GF,0.05,0.01,0.05,0.08,0.03,0.05,0.03,0.5,0.01,0.01,0.8,0.2,0.35,0.1,1,0.1,0.2,0.04,1,0.5,0.8,0.3,0.4,,
GFHerb,,Herb,Herb,Herb,GF,1,0.01,0.1,0.12,0.03,0.05,0.03,0.5,0.01,0.01,0.8,0.2,0.35,0.1,1,0.1,0.2,0.04,1,0.5,0.8,0.3,0.4,,
GFNtr,Needleleaf tree,Ntr,Ntr,Ntr,GF,0.4,0.2,0.5,0.4,0.2,0.35,0.03,0.05,0.09,0.06,1.6,0.4,0.7,0.4,1.5,0.1,0.2,0.04,1,0.5,0.8,0.3,0.4,,
GFShrub,,Shrub,Shrub,Shrub,GF,4,0.1,0.4,0.35,0.12,0.2,0.03,0.05,0.06,0.04,1.6,0.4,0.7,0.4,1.2,0.1,0.2,0.04,1,0.5,0.8,0.3,0.4,,
GFUnk,,Unknown,Unknown,Unknown,GF,4,0.05,0.4,0.35,0.12,0.2,0.03,0.05,0.06,0.04,1.6,0.4,0.7,0.4,1.2,0.1,0.2,0.04,1,0.5,0.8,0.3,0.4,,
Gilbertiodendron dewevrei,,Gilbertiodendron,Fabaceae,Btr,species,6,0.01,0.4,0.3,0.18,0.25,0.03,0.05,0.06,0.04,1.4,0.4,0.7,0.4,1.2,0.1,0.2,0.04,1,0.5,0.8,0.3,0.4,,
Ginkgo,ginkgo,Ginkgo,Ginkgoaceae,Ntr,genus,6,0.01,0.4,0.3,0.18,0.25,0.03,0.05,0.06,0.04,1.4,0.4,0.7,0.4,1.2,0.1,0.2,0.04,1,0.5,0.8,0.3,0.4,,
Ginkgo biloba,maidenhair tree,Ginkgo,Ginkgoaceae,Ntr,species,6,0.01,0.4,0.3,0.18,0.25,0.03,0.05,0.06,0.04,1.4,0.4,0.7,0.4,1.2,0.1,0.2,0.04,1,0.5,0.8,0.3,0.4,,
Gleditsia,honeylocust,Gleditsia,Fabaceae,Btr,species,0.003,0.003,0.15,0.15,0.08,0.15,0.03,0.05,0.06,0.04,1.6,0.4,0.7,0.4,1.2,0.1,0.2,0.04,1,0.5,0.8,0.3,0.4,,
Gleditsia aquatica,water locust,Gleditsia,Fabaceae,Btr,species,0.003,0.003,0.15,0.15,0.08,0.15,0.03,0.05,0.06,0.04,1.6,0.4,0.7,0.4,1.2,0.1,0.2,0.04,1,0.5,0.8,0.3,0.4,,
Gleditsia sinensis,,Gleditsia,Fabaceae,Unknown,species,0.003,0.003,0.15,0.15,0.08,0.15,0.03,0.05,0.06,0.04,1.6,0.4,0.7,0.4,1.2,0.1,0.2,0.04,1,0.5,0.8,0.3,0.4,,
Gleditsia texana,,Gleditsia,Fabaceae,Unknown,species,0.003,0.003,0.15,0.15,0.08,0.15,0.03,0.05,0.06,0.04,1.6,0.4,0.7,0.4,1.2,0.1,0.2,0.04,1,0.5,0.8,0.3,0.4,,
Gleditsia triacanthos,honeylocust,Gleditsia,Fabaceae,Btr,species,0.003,0.003,0.15,0.15,0.08,0.15,0.03,0.05,0.06,0.04,1.6,0.4,0.7,0.4,1.2,0.1,0.2,0.04,1,0.5,0.8,0.3,0.4,,
Gliricidia sepum,,Gliricidia,Fabaceae,Unknown,species,6,0.01,0.4,0.3,0.18,0.25,0.03,0.05,0.06,0.04,1.4,0.4,0.7,0.4,1.2,0.1,0.2,0.04,1,0.5,0.8,0.3,0.4,,
Glycine max,soybean,Glycine,Fabaceae,Herb,species,6,0.01,0.4,0.3,0.18,0.25,0.03,0.05,0.06,0.04,1.4,0.4,0.7,0.4,1.2,0.1,0.2,0.04,1,0.5,0.8,0.3,0.4,,
Glyphea brevis,,Glyphea,TBD,Unknown,species,6,0.01,0.4,0.3,0.18,0.25,0.03,0.05,0.06,0.04,1.4,0.4,0.7,0.4,1.2,0.1,0.2,0.04,1,0.5,0.8,0.3,0.4,,
Glyptostrobus lineatus,,Glyptostrobus,Cupressaceae,Unknown,species,6,0.01,0.4,0.3,0.18,0.25,0.03,0.05,0.06,0.04,1.4,0.4,0.7,0.4,1.2,0.1,0.2,0.04,1,0.5,0.8,0.3,0.4,,
Gmelina arborea,gumhar,Gmelina,Verbenaceae,Btr,species,6,0.01,0.4,0.3,0.18,0.25,0.03,0.05,0.06,0.04,1.4,0.4,0.7,0.4,1.2,0.1,0.2,0.04,1,0.5,0.8,0.3,0.4,,
Godmania aesqualifolia,,Godmania,TBD,Unknown,species,6,0.01,0.4,0.3,0.18,0.25,0.03,0.05,0.06,0.04,1.4,0.4,0.7,0.4,1.2,0.1,0.2,0.04,1,0.5,0.8,0.3,0.4,,
Goniothalamus griffithii,,Goniothalamus,TBD,Unknown,species,6,0.01,0.4,0.3,0.18,0.25,0.03,0.05,0.06,0.04,1.4,0.4,0.7,0.4,1.2,0.1,0.2,0.04,1,0.5,0.8,0.3,0.4,,
Gordonia lasianthus,loblolly bay,Gordonia,Theaceae,Btr,species,0.003,0.003,0.2,0.2,0.08,0.12,0.03,0.05,0.06,0.04,1.6,0.4,0.7,0.4,1.2,0.1,0.2,0.04,1,0.5,0.8,0.3,0.4,,
Gossypium barbadense,Creole cotton,Gossypium,Malvaceae,Btr,species,6,0.01,0.4,0.3,0.18,0.25,0.03,0.05,0.06,0.04,1.4,0.4,0.7,0.4,1.2,0.1,0.2,0.04,1,0.5,0.8,0.3,0.4,,
Gossypium hirsutum,upland cotton,Gossypium,Malvaceae,Btr,species,6,0.01,0.4,0.3,0.18,0.25,0.03,0.05,0.06,0.04,1.4,0.4,0.7,0.4,1.2,0.1,0.2,0.04,1,0.5,0.8,0.3,0.4,,
Gouania lupuloides,whiteroot,Gouania,Rhamnaceae,Shrub,species,6,0.01,0.4,0.3,0.18,0.25,0.03,0.05,0.06,0.04,1.4,0.4,0.7,0.4,1.2,0.1,0.2,0.04,1,0.5,0.8,0.3,0.4,,
Grevillea banksii,kahiliflower,Grevillea,Proteaceae,Btr,species,6,0.01,0.4,0.3,0.18,0.25,0.03,0.05,0.06,0.04,1.4,0.4,0.7,0.4,1.2,0.1,0.2,0.04,1,0.5,0.8,0.3,0.4,,
Grevillea robusta,silkoak,Grevillea,Proteaceae,Btr,species,6,0.01,0.4,0.3,0.18,0.25,0.03,0.05,0.06,0.04,1.4,0.4,0.7,0.4,1.2,0.1,0.2,0.04,1,0.5,0.8,0.3,0.4,,
Grevillea rosmarinifolia,,Grevillea,Proteaceae,Unknown,species,6,0.01,0.4,0.3,0.18,0.25,0.03,0.05,0.06,0.04,1.4,0.4,0.7,0.4,1.2,0.1,0.2,0.04,1,0.5,0.8,0.3,0.4,,
Grewia bicolor,,Grewia,Tiliaceae,Unknown,species,6,0.01,0.4,0.3,0.18,0.25,0.03,0.05,0.06,0.04,1.4,0.4,0.7,0.4,1.2,0.1,0.2,0.04,1,0.5,0.8,0.3,0.4,,
Grewia flavescens,,Grewia,Tiliaceae,Unknown,species,6,0.01,0.4,0.3,0.18,0.25,0.03,0.05,0.06,0.04,1.4,0.4,0.7,0.4,1.2,0.1,0.2,0.04,1,0.5,0.8,0.3,0.4,,
Grewia hexamita,,Grewia,Tiliaceae,Unknown,species,6,0.01,0.4,0.3,0.18,0.25,0.03,0.05,0.06,0.04,1.4,0.4,0.7,0.4,1.2,0.1,0.2,0.04,1,0.5,0.8,0.3,0.4,,
Grewia mollis,,Grewia,Tiliaceae,Unknown,species,6,0.01,0.4,0.3,0.18,0.25,0.03,0.05,0.06,0.04,1.4,0.4,0.7,0.4,1.2,0.1,0.2,0.04,1,0.5,0.8,0.3,0.4,,
Guaiacum oficinale,,Guaiacum,Zygophyllaceae,Unknown,species,6,0.01,0.4,0.3,0.18,0.25,0.03,0.05,0.06,0.04,1.4,0.4,0.7,0.4,1.2,0.1,0.2,0.04,1,0.5,0.8,0.3,0.4,,
Guarea,guarea,Guarea,Meliaceae,Btr,genus,6,0.01,0.4,0.3,0.18,0.25,0.03,0.05,0.06,0.04,1.4,0.4,0.7,0.4,1.2,0.1,0.2,0.04,1,0.5,0.8,0.3,0.4,,
Guarea grandifolia,,Guarea,Meliaceae,Btr,species,6,0.01,0.4,0.3,0.18,0.25,0.03,0.05,0.06,0.04,1.4,0.4,0.7,0.4,1.2,0.1,0.2,0.04,1,0.5,0.8,0.3,0.4,,
Guatteria,guatteria,Guatteria,Annonaceae,Btr,genus,6,0.01,0.4,0.3,0.18,0.25,0.03,0.05,0.06,0.04,1.4,0.4,0.7,0.4,1.2,0.1,0.2,0.04,1,0.5,0.8,0.3,0.4,,
Guatteria dumerdum,,Guatteria,Annonaceae,Unknown,species,6,0.01,0.4,0.3,0.18,0.25,0.03,0.05,0.06,0.04,1.4,0.4,0.7,0.4,1.2,0.1,0.2,0.04,1,0.5,0.8,0.3,0.4,,
Guazuma ulmifolia,bastardcedar,Guazuma,Sterculiaceae,Btr,species,6,0.01,0.4,0.3,0.18,0.25,0.03,0.05,0.06,0.04,1.4,0.4,0.7,0.4,1.2,0.1,0.2,0.04,1,0.5,0.8,0.3,0.4,,
Guetterda elliptica,,Guetterda,TBD,Unknown,species,6,0.01,0.4,0.3,0.18,0.25,0.03,0.05,0.06,0.04,1.4,0.4,0.7,0.4,1.2,0.1,0.2,0.04,1,0.5,0.8,0.3,0.4,,
Guetterda krugii,,Guetterda,TBD,Unknown,species,6,0.01,0.4,0.3,0.18,0.25,0.03,0.05,0.06,0.04,1.4,0.4,0.7,0.4,1.2,0.1,0.2,0.04,1,0.5,0.8,0.3,0.4,,
Guibourtia,,Guibourtia,Fabaceae,Unknown,genus,6,0.01,0.4,0.3,0.18,0.25,0.03,0.05,0.06,0.04,1.4,0.4,0.7,0.4,1.2,0.1,0.2,0.04,1,0.5,0.8,0.3,0.4,,
Guibourtia coleosperma,Rhodesian copalwood,Guibourtia,Fabaceae,Unknown,species,6,0.01,0.4,0.3,0.18,0.25,0.03,0.05,0.06,0.04,1.4,0.4,0.7,0.4,1.2,0.1,0.2,0.04,1,0.5,0.8,0.3,0.4,,
Guibourtia demeusei,,Guibourtia,Fabaceae,Unknown,species,6,0.01,0.4,0.3,0.18,0.25,0.03,0.05,0.06,0.04,1.4,0.4,0.7,0.4,1.2,0.1,0.2,0.04,1,0.5,0.8,0.3,0.4,,
Gurania seemaniana,,Gurania,TBD,Unknown,species,6,0.01,0.4,0.3,0.18,0.25,0.03,0.05,0.06,0.04,1.4,0.4,0.7,0.4,1.2,0.1,0.2,0.04,1,0.5,0.8,0.3,0.4,,
Gymnanthes lucida,oysterwood,Gymnanthes,Euphorbiaceae,Btr,species,6,0.01,0.4,0.3,0.18,0.25,0.03,0.05,0.06,0.04,1.4,0.4,0.7,0.4,1.2,0.1,0.2,0.04,1,0.5,0.8,0.3,0.4,,
Gymnocladus dioica,,Gymnocladus,Fabaceae,Unknown,species,6,0.01,0.4,0.3,0.18,0.25,0.03,0.05,0.06,0.04,1.4,0.4,0.7,0.4,1.2,0.1,0.2,0.04,1,0.5,0.8,0.3,0.4,,
Gymnocladus dioicus,Kentucky coffeetree,Gymnocladus,Fabaceae,Btr,species,0.003,0.003,0.15,0.15,0.08,0.15,0.03,0.05,0.06,0.04,1.6,0.4,0.7,0.4,1.2,0.1,0.2,0.04,1,0.5,0.8,0.3,0.4,,
Hakea oleifolia,,Hakea,Proteaceae,Unknown,species,6,0.01,0.4,0.3,0.18,0.25,0.03,0.05,0.06,0.04,1.4,0.4,0.7,0.4,1.2,0.1,0.2,0.04,1,0.5,0.8,0.3,0.4,,
Hakea suaveolens,,Hakea,Proteaceae,Unknown,species,6,0.01,0.4,0.3,0.18,0.25,0.03,0.05,0.06,0.04,1.4,0.4,0.7,0.4,1.2,0.1,0.2,0.04,1,0.5,0.8,0.3,0.4,,
Halesia,silverbell,Halesia,Styracaceae,Btr,genus,6,0.003,0.15,0.2,0.08,0.12,0.03,0.05,0.06,0.04,1.6,0.4,0.7,0.4,1.2,0.1,0.2,0.04,1,0.5,0.8,0.3,0.4,,
Halesia carolina,Carolina silverbell,Halesia,Styracaceae,Btr,species,3,0.003,0.074,0.065,0.017,0.097,0.03,0.05,0.06,0.04,1.6,0.4,0.7,0.4,1.2,0.1,0.2,0.04,1,0.5,0.8,0.3,0.4,,
Hamamelidaceae,,Hamamelidaceae,Hamamelidaceae,Unknown,family,6,0.01,0.4,0.3,0.18,0.25,0.03,0.05,0.06,0.04,1.4,0.4,0.7,0.4,1.2,0.1,0.2,0.04,1,0.5,0.8,0.3,0.4,,
Hamamelis jelena,,Hamamelis,Hamamelidaceae,Unknown,species,8,0.01,0.4,0.3,0.18,0.25,0.03,0.05,0.06,0.04,1.4,0.4,0.7,0.4,1.2,0.1,0.2,0.04,1,0.5,0.8,0.3,0.4,,
Hamamelis virginiana,American witchhazel,Hamamelis,Hamamelidaceae,Btr,species,8,0.01,0.4,0.3,0.18,0.25,0.03,0.05,0.06,0.04,1.4,0.4,0.7,0.4,1.2,0.1,0.2,0.04,1,0.5,0.8,0.3,0.4,,
Handroanthus,,Handroanthus,Bignoniaceae,Btr,genus,6,0.01,0.4,0.3,0.18,0.25,0.03,0.05,0.06,0.04,1.4,0.4,0.7,0.4,1.2,0.1,0.2,0.04,1,0.5,0.8,0.3,0.4,,
Handroanthus chrysotrichus,Golden trumpet tree,Handroanthus,Bignoniaceae,Btr,species,6,0.01,0.4,0.3,0.18,0.25,0.03,0.05,0.06,0.04,1.4,0.4,0.7,0.4,1.2,0.1,0.2,0.04,1,0.5,0.8,0.3,0.4,,
Handroanthus heptaphyllus,,Handroanthus,Bignoniaceae,Btr,species,6,0.01,0.4,0.3,0.18,0.25,0.03,0.05,0.06,0.04,1.4,0.4,0.7,0.4,1.2,0.1,0.2,0.04,1,0.5,0.8,0.3,0.4,,
Handroanthus heterophylla,,Handroanthus,Bignoniaceae,Btr,species,6,0.01,0.4,0.3,0.18,0.25,0.03,0.05,0.06,0.04,1.4,0.4,0.7,0.4,1.2,0.1,0.2,0.04,1,0.5,0.8,0.3,0.4,,
Handroanthus impetiginosus,Handroanthus avellanedae,Handroanthus,Bignoniaceae,Btr,species,6,0.01,0.4,0.3,0.18,0.25,0.03,0.05,0.06,0.04,1.4,0.4,0.7,0.4,1.2,0.1,0.2,0.04,1,0.5,0.8,0.3,0.4,,
Haplopappus ericoides,,Haplopappus,Asteraceae,Unknown,species,6,0.01,0.4,0.3,0.18,0.25,0.03,0.05,0.06,0.04,1.4,0.4,0.7,0.4,1.2,0.1,0.2,0.04,1,0.5,0.8,0.3,0.4,,
Harpephyllum caffrum,,Harpephyllum,Anacardiaceae,Btr,species,6,0.01,0.4,0.3,0.18,0.25,0.03,0.05,0.06,0.04,1.4,0.4,0.7,0.4,1.2,0.1,0.2,0.04,1,0.5,0.8,0.3,0.4,,
Harpullia arborea,tulip-wood tree,Harpullia,Sapindaceae,Btr,species,6,0.01,0.4,0.3,0.18,0.25,0.03,0.05,0.06,0.04,1.4,0.4,0.7,0.4,1.2,0.1,0.2,0.04,1,0.5,0.8,0.3,0.4,,
Harpullia pendula,,Harpullia,Sapindaceae,Btr,species,6,0.01,0.4,0.3,0.18,0.25,0.03,0.05,0.06,0.04,1.4,0.4,0.7,0.4,1.2,0.1,0.2,0.04,1,0.5,0.8,0.3,0.4,,
Hartia sinensis,,Hartia,TBD,Unknown,species,6,0.01,0.4,0.3,0.18,0.25,0.03,0.05,0.06,0.04,1.4,0.4,0.7,0.4,1.2,0.1,0.2,0.04,1,0.5,0.8,0.3,0.4,,
Harungana madagascariensis,,Harungana,TBD,Unknown,species,6,0.01,0.4,0.3,0.18,0.25,0.03,0.05,0.06,0.04,1.4,0.4,0.7,0.4,1.2,0.1,0.2,0.04,1,0.5,0.8,0.3,0.4,,
Haumania danckelmaniana,,Haumania,TBD,Unknown,species,6,0.01,0.4,0.3,0.18,0.25,0.03,0.05,0.06,0.04,1.4,0.4,0.7,0.4,1.2,0.1,0.2,0.04,1,0.5,0.8,0.3,0.4,,
Hedera helix,English ivy,Hedera,Araliaceae,Shrub,species,6,0.01,0.4,0.3,0.18,0.25,0.03,0.05,0.06,0.04,1.4,0.4,0.7,0.4,1.2,0.1,0.2,0.04,1,0.5,0.8,0.3,0.4,,
Hedychium,garland-lily,Hedychium,Zingiberaceae,Herb,genus,6,0.01,0.4,0.3,0.18,0.25,0.03,0.05,0.06,0.04,1.4,0.4,0.7,0.4,1.2,0.1,0.2,0.04,1,0.5,0.8,0.3,0.4,,
Helianthus annuus,common sunflower,Helianthus,Asteraceae,Herb,species,6,0.01,0.4,0.3,0.18,0.25,0.03,0.05,0.06,0.04,1.4,0.4,0.7,0.4,1.2,0.1,0.2,0.04,1,0.5,0.8,0.3,0.4,,
Helichrysum stoechas,,Helichrysum,Asteraceae,Unknown,species,6,0.01,0.4,0.3,0.18,0.25,0.03,0.05,0.06,0.04,1.4,0.4,0.7,0.4,1.2,0.1,0.2,0.04,1,0.5,0.8,0.3,0.4,,
Helicostylis,,Helicostylis,Moraceae,Btr,genus,6,0.01,0.4,0.3,0.18,0.25,0.03,0.05,0.06,0.04,1.4,0.4,0.7,0.4,1.2,0.1,0.2,0.04,1,0.5,0.8,0.3,0.4,,
Hernandia nymphaeaefolia,,Hernandia,Hernandiaceae,Btr,species,6,0.01,0.4,0.3,0.18,0.25,0.03,0.05,0.06,0.04,1.4,0.4,0.7,0.4,1.2,0.1,0.2,0.04,1,0.5,0.8,0.3,0.4,,
Hesperocyparis arizonica,,Hesperocyparis,Cupressaceae,Ntr,species,6,0.01,0.4,0.3,0.18,0.25,0.03,0.05,0.06,0.04,1.4,0.4,0.7,0.4,1.2,0.1,0.2,0.04,1,0.5,0.8,0.3,0.4,,
Hesperocyparis macrocarpa,,Hesperocyparis,Cupressaceae,Ntr,species,6,0.01,0.4,0.3,0.18,0.25,0.03,0.05,0.06,0.04,1.4,0.4,0.7,0.4,1.2,0.1,0.2,0.04,1,0.5,0.8,0.3,0.4,,
Hesperocyparis nevadensis,,Hesperocyparis,Cupressaceae,Ntr,species,6,0.01,0.4,0.3,0.18,0.25,0.03,0.05,0.06,0.04,1.4,0.4,0.7,0.4,1.2,0.1,0.2,0.04,1,0.5,0.8,0.3,0.4,,
Heteromeles arbutifolia,toyon,Heteromeles,Rosaceae,Btr,species,6,0.01,0.4,0.3,0.18,0.25,0.03,0.05,0.06,0.04,1.4,0.4,0.7,0.4,1.2,0.1,0.2,0.04,1,0.5,0.8,0.3,0.4,,
Heteropogon contortus,tanglehead,Heteropogon,Poaceae,Herb,species,0.1,0.003,0.15,0.2,0.08,0.12,0.03,0.05,0.01,0.01,1.6,0.2,0.35,0.1,1,0.1,0.2,0.04,1,0.5,0.8,0.3,0.4,,
Heteropyxis natalensis,,Heteropyxis,TBD,Unknown,species,6,0.01,0.4,0.3,0.18,0.25,0.03,0.05,0.06,0.04,1.4,0.4,0.7,0.4,1.2,0.1,0.2,0.04,1,0.5,0.8,0.3,0.4,,
Hevea brasiliensis,rubber tree,Hevea,Euphorbiaceae,Unknown,species,6,0.01,0.4,0.3,0.18,0.25,0.03,0.05,0.06,0.04,1.4,0.4,0.7,0.4,1.2,0.1,0.2,0.04,1,0.5,0.8,0.3,0.4,,
Hevea guianensis,,Hevea,Euphorbiaceae,Unknown,species,6,0.01,0.4,0.3,0.18,0.25,0.03,0.05,0.06,0.04,1.4,0.4,0.7,0.4,1.2,0.1,0.2,0.04,1,0.5,0.8,0.3,0.4,,
Hevea spruceana,,Hevea,Euphorbiaceae,Unknown,species,6,0.01,0.4,0.3,0.18,0.25,0.03,0.05,0.06,0.04,1.4,0.4,0.7,0.4,1.2,0.1,0.2,0.04,1,0.5,0.8,0.3,0.4,,
Hexalobus monopetalus,,Hexalobus,TBD,Unknown,species,6,0.01,0.4,0.3,0.18,0.25,0.03,0.05,0.06,0.04,1.4,0.4,0.7,0.4,1.2,0.1,0.2,0.04,1,0.5,0.8,0.3,0.4,,
Hibiscus,rosemallow,Hibiscus,Malvaceae,Btr,genus,6,0.01,0.4,0.3,0.18,0.25,0.03,0.05,0.06,0.04,1.4,0.4,0.7,0.4,1.2,0.1,0.2,0.04,1,0.5,0.8,0.3,0.4,,
Hibiscus esculentus,,Hibiscus,Malvaceae,Unknown,species,6,0.01,0.4,0.3,0.18,0.25,0.03,0.05,0.06,0.04,1.4,0.4,0.7,0.4,1.2,0.1,0.2,0.04,1,0.5,0.8,0.3,0.4,,
Hibiscus rosa-sinensis,shoeblackplant,Hibiscus,Malvaceae,Btr,species,6,0.01,0.4,0.3,0.18,0.25,0.03,0.05,0.06,0.04,1.4,0.4,0.7,0.4,1.2,0.1,0.2,0.04,1,0.5,0.8,0.3,0.4,,
Hibiscus syriacus,rose of Sharon,Hibiscus,Malvaceae,Btr,species,6,0.01,0.4,0.3,0.18,0.25,0.03,0.05,0.06,0.04,1.4,0.4,0.7,0.4,1.2,0.1,0.2,0.04,1,0.5,0.8,0.3,0.4,,
Hibiscus tiliaceus,sea hibiscus,Hibiscus,Malvaceae,Btr,species,6,0.01,0.4,0.3,0.18,0.25,0.03,0.05,0.06,0.04,1.4,0.4,0.7,0.4,1.2,0.1,0.2,0.04,1,0.5,0.8,0.3,0.4,,
Hippocastanaceae,,Hippocastanaceae,Hippocastanaceae,Unknown,family,6,0.01,0.4,0.3,0.18,0.25,0.03,0.05,0.06,0.04,1.4,0.4,0.7,0.4,1.2,0.1,0.2,0.04,1,0.5,0.8,0.3,0.4,,
Holacantha emoryi,,Holacantha,Simaroubaceae,Unknown,species,6,0.01,0.4,0.3,0.18,0.25,0.03,0.05,0.06,0.04,1.4,0.4,0.7,0.4,1.2,0.1,0.2,0.04,1,0.5,0.8,0.3,0.4,,
Holcus lanatus,common velvetgrass,Holcus,Poaceae,Herb,species,6,0.01,0.4,0.3,0.18,0.25,0.03,0.05,0.06,0.04,1.4,0.4,0.7,0.4,1.2,0.1,0.2,0.04,1,0.5,0.8,0.3,0.4,,
Holocarpha,tarweed,Holocarpha,Asteraceae,Herb,genus,6,0.01,0.4,0.3,0.18,0.25,0.03,0.05,0.06,0.04,1.4,0.4,0.7,0.4,1.2,0.1,0.2,0.04,1,0.5,0.8,0.3,0.4,,
Homalium dentatus,,Homalium,Flacourtiaceae,Unknown,species,6,0.01,0.4,0.3,0.18,0.25,0.03,0.05,0.06,0.04,1.4,0.4,0.7,0.4,1.2,0.1,0.2,0.04,1,0.5,0.8,0.3,0.4,,
Homalium laoticum,,Homalium,Flacourtiaceae,Unknown,species,6,0.01,0.4,0.3,0.18,0.25,0.03,0.05,0.06,0.04,1.4,0.4,0.7,0.4,1.2,0.1,0.2,0.04,1,0.5,0.8,0.3,0.4,,
Homonoia riparia,,Homonoia,TBD,Unknown,species,6,0.01,0.4,0.3,0.18,0.25,0.03,0.05,0.06,0.04,1.4,0.4,0.7,0.4,1.2,0.1,0.2,0.04,1,0.5,0.8,0.3,0.4,,
Hopea nervosa,,Hopea,Dipterocarpaceae,Unknown,species,6,0.01,0.4,0.3,0.18,0.25,0.03,0.05,0.06,0.04,1.4,0.4,0.7,0.4,1.2,0.1,0.2,0.04,1,0.5,0.8,0.3,0.4,,
Hopea nutans,,Hopea,Dipterocarpaceae,Unknown,species,6,0.01,0.4,0.3,0.18,0.25,0.03,0.05,0.06,0.04,1.4,0.4,0.7,0.4,1.2,0.1,0.2,0.04,1,0.5,0.8,0.3,0.4,,
Hopea sangal,,Hopea,Dipterocarpaceae,Unknown,species,6,0.01,0.4,0.3,0.18,0.25,0.03,0.05,0.06,0.04,1.4,0.4,0.7,0.4,1.2,0.1,0.2,0.04,1,0.5,0.8,0.3,0.4,,
Hordeum vulgare,common barley,Hordeum,Poaceae,Herb,species,6,0.01,0.4,0.3,0.18,0.25,0.03,0.05,0.06,0.04,1.4,0.4,0.7,0.4,1.2,0.1,0.2,0.04,1,0.5,0.8,0.3,0.4,,
Horsfieldia amygdalina,,Horsfieldia,Myristicaceae,Unknown,species,6,0.01,0.4,0.3,0.18,0.25,0.03,0.05,0.06,0.04,1.4,0.4,0.7,0.4,1.2,0.1,0.2,0.04,1,0.5,0.8,0.3,0.4,,
Horsfieldia pandurifolia,,Horsfieldia,Myristicaceae,Unknown,species,6,0.01,0.4,0.3,0.18,0.25,0.03,0.05,0.06,0.04,1.4,0.4,0.7,0.4,1.2,0.1,0.2,0.04,1,0.5,0.8,0.3,0.4,,
Houmiria,,Houmiria,TBD,Unknown,genus,6,0.01,0.4,0.3,0.18,0.25,0.03,0.05,0.06,0.04,1.4,0.4,0.7,0.4,1.2,0.1,0.2,0.04,1,0.5,0.8,0.3,0.4,,
Howea forsteriana,,Howea,TBD,Unknown,species,6,0.01,0.4,0.3,0.18,0.25,0.03,0.05,0.06,0.04,1.4,0.4,0.7,0.4,1.2,0.1,0.2,0.04,1,0.5,0.8,0.3,0.4,,
Humulus lupulus,common hop,Humulus,Cannabaceae,Shrub,species,6,0.01,0.4,0.3,0.18,0.25,0.03,0.05,0.06,0.04,1.4,0.4,0.7,0.4,1.2,0.1,0.2,0.04,1,0.5,0.8,0.3,0.4,,
Hydrophyllaceae,,Hydrophyllaceae,Hydrophyllaceae,Unknown,family,6,0.01,0.4,0.3,0.18,0.25,0.03,0.05,0.06,0.04,1.4,0.4,0.7,0.4,1.2,0.1,0.2,0.04,1,0.5,0.8,0.3,0.4,,
Hylocomium splendens,,Hylocomium,TBD,Unknown,species,6,0.01,0.4,0.3,0.18,0.25,0.03,0.05,0.06,0.04,1.4,0.4,0.7,0.4,1.2,0.1,0.2,0.04,1,0.5,0.8,0.3,0.4,,
Hymenaea courbari,,Hymenaea,Fabaceae,Unknown,species,6,0.01,0.4,0.3,0.18,0.25,0.03,0.05,0.06,0.04,1.4,0.4,0.7,0.4,1.2,0.1,0.2,0.04,1,0.5,0.8,0.3,0.4,,
Hymenaea courbaril,stinkingtoe,Hymenaea,Fabaceae,Btr,species,6,0.01,0.4,0.3,0.18,0.25,0.03,0.05,0.06,0.04,1.4,0.4,0.7,0.4,1.2,0.1,0.2,0.04,1,0.5,0.8,0.3,0.4,,
Hymenocardia acida,,Hymenocardia,TBD,Unknown,species,6,0.01,0.4,0.3,0.18,0.25,0.03,0.05,0.06,0.04,1.4,0.4,0.7,0.4,1.2,0.1,0.2,0.04,1,0.5,0.8,0.3,0.4,,
Hymenoclea salsola,burrobrush,Hymenoclea,Asteraceae,Shrub,species,6,0.01,0.4,0.3,0.18,0.25,0.03,0.05,0.06,0.04,1.4,0.4,0.7,0.4,1.2,0.1,0.2,0.04,1,0.5,0.8,0.3,0.4,,
Hymenosporum flavum,,Hymenosporum,Pittosporaceae,Unknown,species,6,0.01,0.4,0.3,0.18,0.25,0.03,0.05,0.06,0.04,1.4,0.4,0.7,0.4,1.2,0.1,0.2,0.04,1,0.5,0.8,0.3,0.4,,
Hymenostegia floribunda,,Hymenostegia,TBD,Unknown,species,6,0.01,0.4,0.3,0.18,0.25,0.03,0.05,0.06,0.04,1.4,0.4,0.7,0.4,1.2,0.1,0.2,0.04,1,0.5,0.8,0.3,0.4,,
Hypelate trifoliata,inkwood,Hypelate,Sapindaceae,Btr,species,6,0.01,0.4,0.3,0.18,0.25,0.03,0.05,0.06,0.04,1.4,0.4,0.7,0.4,1.2,0.1,0.2,0.04,1,0.5,0.8,0.3,0.4,,
Hypericum calycinum,Aaron's beard,Hypericum,Clusiaceae,Shrub,species,6,0.01,0.4,0.3,0.18,0.25,0.03,0.05,0.06,0.04,1.4,0.4,0.7,0.4,1.2,0.1,0.2,0.04,1,0.5,0.8,0.3,0.4,,
Hypericum kalmianum,Kalm's St. Johnswort,Hypericum,Clusiaceae,Shrub,species,6,0.01,0.4,0.3,0.18,0.25,0.03,0.05,0.06,0.04,1.4,0.4,0.7,0.4,1.2,0.1,0.2,0.04,1,0.5,0.8,0.3,0.4,,
Hypericum lanceolatum,,Hypericum,Clusiaceae,Unknown,species,6,0.01,0.4,0.3,0.18,0.25,0.03,0.05,0.06,0.04,1.4,0.4,0.7,0.4,1.2,0.1,0.2,0.04,1,0.5,0.8,0.3,0.4,,
Hypericum patulum,,Hypericum,Clusiaceae,Unknown,species,6,0.01,0.4,0.3,0.18,0.25,0.03,0.05,0.06,0.04,1.4,0.4,0.7,0.4,1.2,0.1,0.2,0.04,1,0.5,0.8,0.3,0.4,,
Hypericum perforatum,common St. Johnswort,Hypericum,Clusiaceae,Herb,species,6,0.01,0.4,0.3,0.18,0.25,0.03,0.05,0.06,0.04,1.4,0.4,0.7,0.4,1.2,0.1,0.2,0.04,1,0.5,0.8,0.3,0.4,,
Hypericum spathulatum,,Hypericum,Clusiaceae,Unknown,species,6,0.01,0.4,0.3,0.18,0.25,0.03,0.05,0.06,0.04,1.4,0.4,0.7,0.4,1.2,0.1,0.2,0.04,1,0.5,0.8,0.3,0.4,,
Idesia polycarpa,,Idesia,TBD,Unknown,species,6,0.01,0.4,0.3,0.18,0.25,0.03,0.05,0.06,0.04,1.4,0.4,0.7,0.4,1.2,0.1,0.2,0.04,1,0.5,0.8,0.3,0.4,,
Ilex,holly,Ilex,Aquifoliaceae,Btr,genus,0.1,0.003,0.2,0.3,0.1,0.2,0.03,0.05,0.06,0.04,1.6,0.4,0.7,0.4,1.2,0.1,0.2,0.04,1,0.5,0.8,0.3,0.4,,
Ilex altaclarensis,holly,Ilex,Aquifoliaceae,Btr,species,0.1,0.003,0.2,0.3,0.1,0.2,0.03,0.05,0.06,0.04,1.6,0.4,0.7,0.4,1.2,0.1,0.2,0.04,1,0.5,0.8,0.3,0.4,,
Ilex aquifolium,English holly,Ilex,Aquifoliaceae,Btr,species,0.1,0.003,0.2,0.3,0.1,0.2,0.03,0.05,0.06,0.04,1.6,0.4,0.7,0.4,1.2,0.1,0.2,0.04,1,0.5,0.8,0.3,0.4,,
Ilex cassine,dahoon,Ilex,Aquifoliaceae,Btr,species,0.1,0.003,0.2,0.3,0.1,0.2,0.03,0.05,0.06,0.04,1.6,0.4,0.7,0.4,1.2,0.1,0.2,0.04,1,0.5,0.8,0.3,0.4,,
Ilex corallina,,Ilex,Aquifoliaceae,Unknown,species,0.1,0.003,0.2,0.3,0.1,0.2,0.03,0.05,0.06,0.04,1.6,0.4,0.7,0.4,1.2,0.1,0.2,0.04,1,0.5,0.8,0.3,0.4,,
Ilex coriacea,large gallberry,Ilex,Aquifoliaceae,Btr,species,0.1,0.003,0.2,0.3,0.1,0.2,0.03,0.05,0.06,0.04,1.6,0.4,0.7,0.4,1.2,0.1,0.2,0.04,1,0.5,0.8,0.3,0.4,,
Ilex cornuta,Chinese holly,Ilex,Aquifoliaceae,Btr,species,0.1,0.003,0.2,0.3,0.1,0.2,0.03,0.05,0.06,0.04,1.6,0.4,0.7,0.4,1.2,0.1,0.2,0.04,1,0.5,0.8,0.3,0.4,,
Ilex decidua,possumhaw,Ilex,Aquifoliaceae,Btr,species,0.1,0.003,0.2,0.3,0.1,0.2,0.03,0.05,0.06,0.04,1.6,0.4,0.7,0.4,1.2,0.1,0.2,0.04,1,0.5,0.8,0.3,0.4,,
Ilex glabra,inkberry,Ilex,Aquifoliaceae,Shrub,species,0.1,0.003,0.2,0.3,0.1,0.2,0.03,0.05,0.06,0.04,1.6,0.4,0.7,0.4,1.2,0.1,0.2,0.04,1,0.5,0.8,0.3,0.4,,
Ilex godajam,,Ilex,Aquifoliaceae,Unknown,species,0.1,0.003,0.2,0.3,0.1,0.2,0.03,0.05,0.06,0.04,1.6,0.4,0.7,0.4,1.2,0.1,0.2,0.04,1,0.5,0.8,0.3,0.4,,
Ilex micrococca,,Ilex,Aquifoliaceae,Unknown,species,0.1,0.003,0.2,0.3,0.1,0.2,0.03,0.05,0.06,0.04,1.6,0.4,0.7,0.4,1.2,0.1,0.2,0.04,1,0.5,0.8,0.3,0.4,,
Ilex opaca,American holly,Ilex,Aquifoliaceae,Btr,species,0.1,0.003,0.2,0.3,0.1,0.2,0.03,0.05,0.06,0.04,1.6,0.4,0.7,0.4,1.2,0.1,0.2,0.04,1,0.5,0.8,0.3,0.4,,
Ilex szechwanensis,,Ilex,Aquifoliaceae,Unknown,species,0.1,0.003,0.2,0.3,0.1,0.2,0.03,0.05,0.06,0.04,1.6,0.4,0.7,0.4,1.2,0.1,0.2,0.04,1,0.5,0.8,0.3,0.4,,
Ilex verticillata,common winterberry,Ilex,Aquifoliaceae,Btr,species,0.1,0.003,0.2,0.3,0.1,0.2,0.03,0.05,0.06,0.04,1.6,0.4,0.7,0.4,1.2,0.1,0.2,0.04,1,0.5,0.8,0.3,0.4,,
Ilex vomitoria,yaupon,Ilex,Aquifoliaceae,Btr,species,0.1,0.003,0.2,0.3,0.1,0.2,0.03,0.05,0.06,0.04,1.6,0.4,0.7,0.4,1.2,0.1,0.2,0.04,1,0.5,0.8,0.3,0.4,,
Ilex wardii,,Ilex,Aquifoliaceae,Unknown,species,0.1,0.003,0.2,0.3,0.1,0.2,0.03,0.05,0.06,0.04,1.6,0.4,0.7,0.4,1.2,0.1,0.2,0.04,1,0.5,0.8,0.3,0.4,,
Illicium,anisetree,Illicium,Illiciaceae,Btr,genus,6,0.01,0.4,0.3,0.18,0.25,0.03,0.05,0.06,0.04,1.4,0.4,0.7,0.4,1.2,0.1,0.2,0.04,1,0.5,0.8,0.3,0.4,,
Illicium macranthum,,Illicium,Illiciaceae,Unknown,species,6,0.01,0.4,0.3,0.18,0.25,0.03,0.05,0.06,0.04,1.4,0.4,0.7,0.4,1.2,0.1,0.2,0.04,1,0.5,0.8,0.3,0.4,,
Imperata,satintail,Imperata,Poaceae,Herb,genus,6,0.01,0.4,0.3,0.18,0.25,0.03,0.05,0.06,0.04,1.4,0.4,0.7,0.4,1.2,0.1,0.2,0.04,1,0.5,0.8,0.3,0.4,,
Imperata cylindrica,cogongrass,Imperata,Poaceae,Herb,species,6,0.01,0.4,0.3,0.18,0.25,0.03,0.05,0.06,0.04,1.4,0.4,0.7,0.4,1.2,0.1,0.2,0.04,1,0.5,0.8,0.3,0.4,,
Indigofera splendens,,Indigofera,Fabaceae,Unknown,species,6,0.01,0.4,0.3,0.18,0.25,0.03,0.05,0.06,0.04,1.4,0.4,0.7,0.4,1.2,0.1,0.2,0.04,1,0.5,0.8,0.3,0.4,,
Inga,inga,Inga,Fabaceae,Btr,genus,6,0.01,0.4,0.3,0.18,0.25,0.03,0.05,0.06,0.04,1.4,0.4,0.7,0.4,1.2,0.1,0.2,0.04,1,0.5,0.8,0.3,0.4,,
Inga capitata,,Inga,Fabaceae,Unknown,species,6,0.01,0.4,0.3,0.18,0.25,0.03,0.05,0.06,0.04,1.4,0.4,0.7,0.4,1.2,0.1,0.2,0.04,1,0.5,0.8,0.3,0.4,,
Inga caynendensis,,Inga,Fabaceae,Unknown,species,6,0.01,0.4,0.3,0.18,0.25,0.03,0.05,0.06,0.04,1.4,0.4,0.7,0.4,1.2,0.1,0.2,0.04,1,0.5,0.8,0.3,0.4,,
Inga heterophylla,,Inga,Fabaceae,Unknown,species,6,0.01,0.4,0.3,0.18,0.25,0.03,0.05,0.06,0.04,1.4,0.4,0.7,0.4,1.2,0.1,0.2,0.04,1,0.5,0.8,0.3,0.4,,
Inga spectabilis,,Inga,Fabaceae,Unknown,species,6,0.01,0.4,0.3,0.18,0.25,0.03,0.05,0.06,0.04,1.4,0.4,0.7,0.4,1.2,0.1,0.2,0.04,1,0.5,0.8,0.3,0.4,,
Ipomoea mauritana,,Ipomoea,Convolvulaceae,Unknown,species,6,0.01,0.4,0.3,0.18,0.25,0.03,0.05,0.06,0.04,1.4,0.4,0.7,0.4,1.2,0.1,0.2,0.04,1,0.5,0.8,0.3,0.4,,
Irvingia gabonensis,,Irvingia,TBD,Unknown,species,6,0.01,0.4,0.3,0.18,0.25,0.03,0.05,0.06,0.04,1.4,0.4,0.7,0.4,1.2,0.1,0.2,0.04,1,0.5,0.8,0.3,0.4,,
Irvingia grandifolia,,Irvingia,TBD,Unknown,species,6,0.01,0.4,0.3,0.18,0.25,0.03,0.05,0.06,0.04,1.4,0.4,0.7,0.4,1.2,0.1,0.2,0.04,1,0.5,0.8,0.3,0.4,,
Irvingia smithii,,Irvingia,TBD,Unknown,species,6,0.01,0.4,0.3,0.18,0.25,0.03,0.05,0.06,0.04,1.4,0.4,0.7,0.4,1.2,0.1,0.2,0.04,1,0.5,0.8,0.3,0.4,,
Isoberlinia doka,,Isoberlinia,Fabaceae,Btr,species,8,0.01,0.4,0.3,0.18,0.25,0.03,0.05,0.06,0.04,1.4,0.4,0.7,0.4,1.2,0.1,0.2,0.04,1,0.5,0.8,0.3,0.4,,
Itea macrophylla,,Itea,Grossulariaceae,Unknown,species,6,0.01,0.4,0.3,0.18,0.25,0.03,0.05,0.06,0.04,1.4,0.4,0.7,0.4,1.2,0.1,0.2,0.04,1,0.5,0.8,0.3,0.4,,
Jacaranda,jacaranda,Jacaranda,Bignoniaceae,Btr,genus,6,0.01,0.4,0.3,0.18,0.25,0.03,0.05,0.06,0.04,1.4,0.4,0.7,0.4,1.2,0.1,0.2,0.04,1,0.5,0.8,0.3,0.4,,
Jacaranda acutifolia,,Jacaranda,Bignoniaceae,Unknown,species,6,0.01,0.4,0.3,0.18,0.25,0.03,0.05,0.06,0.04,1.4,0.4,0.7,0.4,1.2,0.1,0.2,0.04,1,0.5,0.8,0.3,0.4,,
Jacaranda copaia,,Jacaranda,Bignoniaceae,Unknown,species,6,0.01,0.4,0.3,0.18,0.25,0.03,0.05,0.06,0.04,1.4,0.4,0.7,0.4,1.2,0.1,0.2,0.04,1,0.5,0.8,0.3,0.4,,
Jacaranda mimosifolia,black poui,Jacaranda,Bignoniaceae,Btr,species,6,0.01,0.4,0.3,0.18,0.25,0.03,0.05,0.06,0.04,1.4,0.4,0.7,0.4,1.2,0.1,0.2,0.04,1,0.5,0.8,0.3,0.4,,
Jacquemontia perryana,,Jacquemontia,Convolvulaceae,Unknown,species,6,0.01,0.4,0.3,0.18,0.25,0.03,0.05,0.06,0.04,1.4,0.4,0.7,0.4,1.2,0.1,0.2,0.04,1,0.5,0.8,0.3,0.4,,
Jacquinia berterii,,Jacquinia,Theophrastaceae,Unknown,species,6,0.01,0.4,0.3,0.18,0.25,0.03,0.05,0.06,0.04,1.4,0.4,0.7,0.4,1.2,0.1,0.2,0.04,1,0.5,0.8,0.3,0.4,,
Jasminum,jasmine,Jasminum,Oleaceae,Shrub,genus,6,0.01,0.4,0.3,0.18,0.25,0.03,0.05,0.06,0.04,1.4,0.4,0.7,0.4,1.2,0.1,0.2,0.04,1,0.5,0.8,0.3,0.4,,
Jubaea chilensis,Chile cocopalm,Jubaea,Arecaceae,Unknown,species,6,0.01,0.4,0.3,0.18,0.25,0.03,0.05,0.06,0.04,1.4,0.4,0.7,0.4,1.2,0.1,0.2,0.04,1,0.5,0.8,0.3,0.4,,
Jubaea spectabilis,,Jubaea,Arecaceae,Unknown,species,6,0.01,0.4,0.3,0.18,0.25,0.03,0.05,0.06,0.04,1.4,0.4,0.7,0.4,1.2,0.1,0.2,0.04,1,0.5,0.8,0.3,0.4,,
Juglandaceae,,Juglandaceae,Juglandaceae,Unknown,family,0.003,0.003,0.2,0.03,0.1,0.2,0.03,0.05,0.06,0.04,1.6,0.4,0.7,0.4,1.2,0.1,0.2,0.04,1,0.5,0.8,0.3,0.4,,
Juglans,walnut,Juglans,Juglandaceae,Btr,genus,0.003,0.003,0.2,0.03,0.1,0.2,0.03,0.05,0.06,0.04,1.6,0.4,0.7,0.4,1.2,0.1,0.2,0.04,1,0.5,0.8,0.3,0.4,,
Juglans californica,Southern California walnut,Juglans,Juglandaceae,Btr,species,0.003,0.003,0.2,0.03,0.1,0.2,0.03,0.05,0.06,0.04,1.6,0.4,0.7,0.4,1.2,0.1,0.2,0.04,1,0.5,0.8,0.3,0.4,,
Juglans cinerea,butternut,Juglans,Juglandaceae,Btr,species,0.003,0.003,0.2,0.03,0.1,0.2,0.03,0.05,0.06,0.04,1.6,0.4,0.7,0.4,1.2,0.1,0.2,0.04,1,0.5,0.8,0.3,0.4,,
Juglans hindsii,Northern California walnut,Juglans,Juglandaceae,Btr,species,0.003,0.003,0.2,0.03,0.1,0.2,0.03,0.05,0.06,0.04,1.6,0.4,0.7,0.4,1.2,0.1,0.2,0.04,1,0.5,0.8,0.3,0.4,,
Juglans mandshurica,Manchurian walnut,Juglans,Juglandaceae,Unknown,species,0.003,0.003,0.2,0.03,0.1,0.2,0.03,0.05,0.06,0.04,1.6,0.4,0.7,0.4,1.2,0.1,0.2,0.04,1,0.5,0.8,0.3,0.4,,
Juglans microcarpa,,Juglans,Juglandaceae,Btr,species,0.003,0.003,0.2,0.03,0.1,0.2,0.03,0.05,0.06,0.04,1.6,0.4,0.7,0.4,1.2,0.1,0.2,0.04,1,0.5,0.8,0.3,0.4,,
Juglans nigra,black walnut,Juglans,Juglandaceae,Btr,species,0.003,0.003,0.2,0.03,0.1,0.2,0.03,0.05,0.06,0.04,1.6,0.4,0.7,0.4,1.2,0.1,0.2,0.04,1,0.5,0.8,0.3,0.4,,
Juglans regia,English walnut,Juglans,Juglandaceae,Btr,species,0.003,0.003,0.2,0.03,0.1,0.2,0.03,0.05,0.06,0.04,1.6,0.4,0.7,0.4,1.2,0.1,0.2,0.04,1,0.5,0.8,0.3,0.4,,
Juglans x paradox,,Juglans,Juglandaceae,Btr,species,0.003,0.003,0.2,0.03,0.1,0.2,0.03,0.05,0.06,0.04,1.6,0.4,0.7,0.4,1.2,0.1,0.2,0.04,1,0.5,0.8,0.3,0.4,,
Julbernardia,,Julbernardia,Fabaceae,Btr,genus,6,0.01,0.4,0.3,0.18,0.25,0.03,0.05,0.06,0.04,1.4,0.4,0.7,0.4,1.2,0.1,0.2,0.04,1,0.5,0.8,0.3,0.4,,
Julbernardia paniculata,,Julbernardia,Fabaceae,Btr,species,6,0.01,0.4,0.3,0.18,0.25,0.03,0.05,0.06,0.04,1.4,0.4,0.7,0.4,1.2,0.1,0.2,0.04,1,0.5,0.8,0.3,0.4,,
Juncus effusus,common rush,Juncus,Juncaceae,Herb,species,8,0.01,0.4,0.3,0.18,0.25,0.03,0.05,0.06,0.04,1.4,0.4,0.7,0.4,1.2,0.1,0.2,0.04,1,0.5,0.8,0.3,0.4,,
Juniperus,juniper,Juniperus,Cupressaceae,Ntr,genus,0.003,0.003,0.2,0.03,0.08,0.07,0.03,0.05,0.09,0.06,1.6,0.4,0.7,0.4,1.5,0.1,0.2,0.04,1,0.5,0.8,0.3,0.4,,
Juniperus ashei,Ashe's juniper,Juniperus,Cupressaceae,Ntr,species,0.003,0.003,0.2,0.03,0.08,0.07,0.03,0.05,0.09,0.06,1.6,0.4,0.7,0.4,1.5,0.1,0.2,0.04,1,0.5,0.8,0.3,0.4,,
Juniperus californica,California juniper,Juniperus,Cupressaceae,Ntr,species,0.003,0.003,0.2,0.03,0.08,0.07,0.03,0.05,0.09,0.06,1.6,0.4,0.7,0.4,1.5,0.1,0.2,0.04,1,0.5,0.8,0.3,0.4,,
Juniperus chinensis,Chinese juniper,Juniperus,Cupressaceae,Ntr,species,0.003,0.003,0.2,0.03,0.08,0.07,0.03,0.05,0.09,0.06,1.6,0.4,0.7,0.4,1.5,0.1,0.2,0.04,1,0.5,0.8,0.3,0.4,,
Juniperus communis,common juniper,Juniperus,Cupressaceae,Ntr,species,0.003,0.003,0.2,0.03,0.08,0.07,0.03,0.05,0.09,0.06,1.6,0.4,0.7,0.4,1.5,0.1,0.2,0.04,1,0.5,0.8,0.3,0.4,,
Juniperus deppeana,alligator juniper,Juniperus,Cupressaceae,Ntr,species,0.003,0.003,0.2,0.03,0.08,0.07,0.03,0.05,0.09,0.06,1.6,0.4,0.7,0.4,1.5,0.1,0.2,0.04,1,0.5,0.8,0.3,0.4,,
Juniperus excelsa,Grecian juniper,Juniperus,Cupressaceae,Ntr,species,0.003,0.003,0.2,0.03,0.08,0.07,0.03,0.05,0.09,0.06,1.6,0.4,0.7,0.4,1.5,0.1,0.2,0.04,1,0.5,0.8,0.3,0.4,,
Juniperus foetidissima,stinking juniper,Juniperus,Cupressaceae,Ntr,species,0.003,0.003,0.2,0.03,0.08,0.07,0.03,0.05,0.09,0.06,1.6,0.4,0.7,0.4,1.5,0.1,0.2,0.04,1,0.5,0.8,0.3,0.4,,
Juniperus horizontalis,creeping juniper,Juniperus,Cupressaceae,Shrub,species,0.003,0.005,0.2,0.03,0.08,0.07,0.03,0.05,0.06,0.04,1.6,0.4,0.7,0.4,1.2,0.1,0.2,0.04,1,0.5,0.8,0.3,0.4,,
Juniperus monosperma,oneseed juniper,Juniperus,Cupressaceae,Ntr,species,0.003,0.003,0.2,0.03,0.08,0.07,0.03,0.05,0.09,0.06,1.6,0.4,0.7,0.4,1.5,0.1,0.2,0.04,1,0.5,0.8,0.3,0.4,,
Juniperus occidentalis,western juniper,Juniperus,Cupressaceae,Ntr,species,0.003,0.003,0.2,0.03,0.08,0.07,0.03,0.05,0.09,0.06,1.6,0.4,0.7,0.4,1.5,0.1,0.2,0.04,1,0.5,0.8,0.3,0.4,,
Juniperus osteosperma,Utah juniper,Juniperus,Cupressaceae,Ntr,species,0.003,0.005,0.2,0.03,0.08,0.07,0.03,0.05,0.09,0.06,1.6,0.4,0.7,0.4,1.5,0.1,0.2,0.04,1,0.5,0.8,0.3,0.4,,
Juniperus oxicedrus,,Juniperus,Cupressaceae,Unknown,species,0.003,0.003,0.2,0.03,0.08,0.07,0.03,0.05,0.09,0.06,1.6,0.4,0.7,0.4,1.5,0.1,0.2,0.04,1,0.5,0.8,0.3,0.4,,
Juniperus oxycedrus,cade juniper,Juniperus,Cupressaceae,Shrub,species,0.003,0.003,0.2,0.03,0.08,0.07,0.03,0.05,0.09,0.06,1.6,0.4,0.7,0.4,1.5,0.1,0.2,0.04,1,0.5,0.8,0.3,0.4,,
Juniperus phoenicea,Phoenician juniper,Juniperus,Cupressaceae,Shrub,species,0.003,0.003,0.2,0.03,0.08,0.07,0.03,0.05,0.09,0.06,1.6,0.4,0.7,0.4,1.5,0.1,0.2,0.04,1,0.5,0.8,0.3,0.4,,
Juniperus pinchotii,,Juniperus,Cupressaceae,Ntr,genus,0.003,0.003,0.2,0.03,0.08,0.07,0.03,0.05,0.09,0.06,1.6,0.4,0.7,0.4,1.5,0.1,0.2,0.04,1,0.5,0.8,0.3,0.4,,
Juniperus recurva,,Juniperus,Cupressaceae,Ntr,species,0.003,0.003,0.2,0.03,0.08,0.07,0.03,0.05,0.09,0.06,1.6,0.4,0.7,0.4,1.5,0.1,0.2,0.04,1,0.5,0.8,0.3,0.4,,
Juniperus scopulorum,Rocky Mountain juniper,Juniperus,Cupressaceae,Ntr,species,0.003,0.003,0.2,0.03,0.08,0.07,0.03,0.05,0.09,0.06,1.6,0.4,0.7,0.4,1.5,0.1,0.2,0.04,1,0.5,0.8,0.3,0.4,,
Juniperus seravschanica,,Juniperus,Cupressaceae,Unknown,species,0.003,0.003,0.2,0.03,0.08,0.07,0.03,0.05,0.09,0.06,1.6,0.4,0.7,0.4,1.5,0.1,0.2,0.04,1,0.5,0.8,0.3,0.4,,
Juniperus silicicola,,Juniperus,Cupressaceae,Ntr,species,0.003,0.005,0.2,0.03,0.08,0.07,0.03,0.05,0.09,0.06,1.6,0.4,0.7,0.4,1.5,0.1,0.2,0.04,1,0.5,0.8,0.3,0.4,,
Juniperus virginiana,eastern redcedar,Juniperus,Cupressaceae,Ntr,species,0.003,0.003,0.2,0.03,0.08,0.07,0.03,0.05,0.09,0.06,1.6,0.4,0.7,0.4,1.5,0.1,0.2,0.04,1,0.5,0.8,0.3,0.4,,
Kalanchoe,widow's-thrill,Kalanchoe,Crassulaceae,Shrub,genus,6,0.01,0.4,0.3,0.18,0.25,0.03,0.05,0.06,0.04,1.4,0.4,0.7,0.4,1.2,0.1,0.2,0.04,1,0.5,0.8,0.3,0.4,,
Kalmia latifolia,mountain laurel,Kalmia,Ericaceae,Btr,species,6,0.01,0.4,0.3,0.18,0.25,0.03,0.05,0.06,0.04,1.4,0.4,0.7,0.4,1.2,0.1,0.2,0.04,1,0.5,0.8,0.3,0.4,,
Karwinskia humboldtiana,coyotillo,Karwinskia,Rhamnaceae,Btr,species,6,0.01,0.4,0.3,0.18,0.25,0.03,0.05,0.06,0.04,1.4,0.4,0.7,0.4,1.2,0.1,0.2,0.04,1,0.5,0.8,0.3,0.4,,
Keteleeria davidiana,,Keteleeria,Pinaceae,Unknown,species,6,0.01,0.4,0.3,0.18,0.25,0.03,0.05,0.06,0.04,1.4,0.4,0.7,0.4,1.2,0.1,0.2,0.04,1,0.5,0.8,0.3,0.4,,
Kigelia africana,sausage tree,Kigelia,Bignoniaceae,Btr,species,6,0.01,0.4,0.3,0.18,0.25,0.03,0.05,0.06,0.04,1.4,0.4,0.7,0.4,1.2,0.1,0.2,0.04,1,0.5,0.8,0.3,0.4,,
Kiggelaria africana,,Kiggelaria,TBD,Unknown,species,6,0.01,0.4,0.3,0.18,0.25,0.03,0.05,0.06,0.04,1.4,0.4,0.7,0.4,1.2,0.1,0.2,0.04,1,0.5,0.8,0.3,0.4,,
Kirkia acuminata,,Kirkia,TBD,Unknown,species,6,0.01,0.4,0.3,0.18,0.25,0.03,0.05,0.06,0.04,1.4,0.4,0.7,0.4,1.2,0.1,0.2,0.04,1,0.5,0.8,0.3,0.4,,
Klainedoxa gabonensis,,Klainedoxa,TBD,Unknown,species,6,0.01,0.4,0.3,0.18,0.25,0.03,0.05,0.06,0.04,1.4,0.4,0.7,0.4,1.2,0.1,0.2,0.04,1,0.5,0.8,0.3,0.4,,
Knema cinerea,,Knema,TBD,Unknown,species,6,0.01,0.4,0.3,0.18,0.25,0.03,0.05,0.06,0.04,1.4,0.4,0.7,0.4,1.2,0.1,0.2,0.04,1,0.5,0.8,0.3,0.4,,
Knema furfuracea,,Knema,TBD,Unknown,species,6,0.01,0.4,0.3,0.18,0.25,0.03,0.05,0.06,0.04,1.4,0.4,0.7,0.4,1.2,0.1,0.2,0.04,1,0.5,0.8,0.3,0.4,,
Knightia excelsa,,Knightia,TBD,Unknown,species,6,0.01,0.4,0.3,0.18,0.25,0.03,0.05,0.06,0.04,1.4,0.4,0.7,0.4,1.2,0.1,0.2,0.04,1,0.5,0.8,0.3,0.4,,
Koeberlinia,allthorn,Koeberlinia,Capparaceae,Btr,genus,6,0.01,0.4,0.3,0.18,0.25,0.03,0.05,0.06,0.04,1.4,0.4,0.7,0.4,1.2,0.1,0.2,0.04,1,0.5,0.8,0.3,0.4,,
Koelreuteria,koelreuteria,Koelreuteria,Sapindaceae,Btr,genus,1,0.003,0.1,0.1,0.1,0.1,0.03,0.05,0.09,0.06,1.6,0.4,0.7,0.4,1.5,0.1,0.2,0.04,1,0.5,0.8,0.3,0.4,,
Koelreuteria bipinnata,goldenrain tree,Koelreuteria,Sapindaceae,Unknown,species,1,0.003,0.1,0.1,0.1,0.1,0.03,0.05,0.09,0.06,1.6,0.4,0.7,0.4,1.5,0.1,0.2,0.04,1,0.5,0.8,0.3,0.4,,
Koelreuteria elegans,flamegold,Koelreuteria,Sapindaceae,Btr,species,1,0.003,0.1,0.1,0.1,0.1,0.03,0.05,0.09,0.06,1.6,0.4,0.7,0.4,1.5,0.1,0.2,0.04,1,0.5,0.8,0.3,0.4,,
Koelreuteria integrifolia,koelreuteria,Koelreuteria,Sapindaceae,Btr,species,1,0.003,0.1,0.1,0.1,0.1,0.03,0.05,0.09,0.06,1.6,0.4,0.7,0.4,1.5,0.1,0.2,0.04,1,0.5,0.8,0.3,0.4,,
Koelreuteria paniculata,goldenrain tree,Koelreuteria,Sapindaceae,Btr,species,1,0.003,0.1,0.1,0.1,0.1,0.03,0.05,0.09,0.06,1.6,0.4,0.7,0.4,1.5,0.1,0.2,0.04,1,0.5,0.8,0.3,0.4,,
Krameria erecta,littleleaf ratany,Krameria,Krameriaceae,Shrub,species,6,0.01,0.4,0.3,0.18,0.25,0.03,0.05,0.06,0.04,1.4,0.4,0.7,0.4,1.2,0.1,0.2,0.04,1,0.5,0.8,0.3,0.4,,
Krugiodendron ferreum,leadwood,Krugiodendron,Rhamnaceae,Btr,species,6,0.01,0.4,0.3,0.18,0.25,0.03,0.05,0.06,0.04,1.4,0.4,0.7,0.4,1.2,0.1,0.2,0.04,1,0.5,0.8,0.3,0.4,,
Kunzea baxteri,,Kunzea,Myrtaceae,Unknown,species,6,0.01,0.4,0.3,0.18,0.25,0.03,0.05,0.06,0.04,1.4,0.4,0.7,0.4,1.2,0.1,0.2,0.04,1,0.5,0.8,0.3,0.4,,
Laburnum x watereri,,Laburnum,Fabaceae,Btr,species,6,0.01,0.4,0.3,0.18,0.25,0.03,0.05,0.06,0.04,1.4,0.4,0.7,0.4,1.2,0.1,0.2,0.04,1,0.5,0.8,0.3,0.4,,
Lactuca,lettuce,Lactuca,Asteraceae,Herb,genus,6,0.01,0.4,0.3,0.18,0.25,0.03,0.05,0.06,0.04,1.4,0.4,0.7,0.4,1.2,0.1,0.2,0.04,1,0.5,0.8,0.3,0.4,,
Lactuca sativa,garden lettuce,Lactuca,Asteraceae,Herb,species,6,0.01,0.4,0.3,0.18,0.25,0.03,0.05,0.06,0.04,1.4,0.4,0.7,0.4,1.2,0.1,0.2,0.04,1,0.5,0.8,0.3,0.4,,
Lagerstroemia,lagerstroemia,Lagerstroemia,Lythraceae,Btr,genus,0.003,0.003,0.03,0.03,0.03,0.03,0.03,0.05,0.06,0.04,1.6,0.4,0.7,0.4,1.2,0.1,0.2,0.04,1,0.5,0.8,0.3,0.4,,
Lagerstroemia floribunda,lagerstroemia,Lagerstroemia,Lythraceae,Btr,species,0.003,0.003,0.03,0.03,0.03,0.03,0.03,0.05,0.06,0.04,1.6,0.4,0.7,0.4,1.2,0.1,0.2,0.04,1,0.5,0.8,0.3,0.4,,
Lagerstroemia indica,crapemyrtle,Lagerstroemia,Lythraceae,Btr,species,0.003,0.003,0.03,0.03,0.03,0.03,0.03,0.05,0.06,0.04,1.6,0.4,0.7,0.4,1.2,0.1,0.2,0.04,1,0.5,0.8,0.3,0.4,,
Lagerstroemia intermedia,,Lagerstroemia,Lythraceae,Unknown,species,0.003,0.003,0.03,0.03,0.03,0.03,0.03,0.05,0.06,0.04,1.6,0.4,0.7,0.4,1.2,0.1,0.2,0.04,1,0.5,0.8,0.3,0.4,,
Lagerstroemia speciosa,pride of India,Lagerstroemia,Lythraceae,Btr,species,0.003,0.003,0.03,0.03,0.03,0.03,0.03,0.05,0.06,0.04,1.6,0.4,0.7,0.4,1.2,0.1,0.2,0.04,1,0.5,0.8,0.3,0.4,,
Lagerstroemia tomentosa,,Lagerstroemia,Lythraceae,Unknown,species,0.003,0.003,0.03,0.03,0.03,0.03,0.03,0.05,0.06,0.04,1.6,0.4,0.7,0.4,1.2,0.1,0.2,0.04,1,0.5,0.8,0.3,0.4,,
Lagunaria patersonii,cow itch tree,Lagunaria,Malvaceae,Unknown,species,6,0.01,0.4,0.3,0.18,0.25,0.03,0.05,0.06,0.04,1.4,0.4,0.7,0.4,1.2,0.1,0.2,0.04,1,0.5,0.8,0.3,0.4,,
Laguncularia racemosa,white mangrove,Laguncularia,Combretaceae,Btr,species,6,0.01,0.4,0.3,0.18,0.25,0.03,0.05,0.06,0.04,1.4,0.4,0.7,0.4,1.2,0.1,0.2,0.04,1,0.5,0.8,0.3,0.4,,
Lamiaceae,,Lamiaceae,Lamiaceae,Unknown,family,6,0.01,0.4,0.3,0.18,0.25,0.03,0.05,0.06,0.04,1.4,0.4,0.7,0.4,1.2,0.1,0.2,0.04,1,0.5,0.8,0.3,0.4,,
Landolphia,landolphia,Landolphia,Apocynaceae,Unknown,genus,6,0.01,0.4,0.3,0.18,0.25,0.03,0.05,0.06,0.04,1.4,0.4,0.7,0.4,1.2,0.1,0.2,0.04,1,0.5,0.8,0.3,0.4,,
Lannea discolor,,Lannea,TBD,Unknown,species,6,0.01,0.4,0.3,0.18,0.25,0.03,0.05,0.06,0.04,1.4,0.4,0.7,0.4,1.2,0.1,0.2,0.04,1,0.5,0.8,0.3,0.4,,
Lannea kerstingii,,Lannea,TBD,Unknown,species,6,0.01,0.4,0.3,0.18,0.25,0.03,0.05,0.06,0.04,1.4,0.4,0.7,0.4,1.2,0.1,0.2,0.04,1,0.5,0.8,0.3,0.4,,
Lannea stuhlmanni,,Lannea,TBD,Unknown,species,6,0.01,0.4,0.3,0.18,0.25,0.03,0.05,0.06,0.04,1.4,0.4,0.7,0.4,1.2,0.1,0.2,0.04,1,0.5,0.8,0.3,0.4,,
Lantana camara,lantana,Lantana,Verbenaceae,Shrub,species,6,0.01,0.4,0.3,0.18,0.25,0.03,0.05,0.06,0.04,1.4,0.4,0.7,0.4,1.2,0.1,0.2,0.04,1,0.5,0.8,0.3,0.4,,
Lantana involuca,,Lantana,Verbenaceae,Unknown,species,6,0.01,0.4,0.3,0.18,0.25,0.03,0.05,0.06,0.04,1.4,0.4,0.7,0.4,1.2,0.1,0.2,0.04,1,0.5,0.8,0.3,0.4,,
Larix,larch,Larix,Pinaceae,Ntr,genus,0.003,0.003,0.3,0.2,0.06,0.15,0.03,0.05,0.09,0.06,1.6,0.4,0.7,0.4,1.5,0.1,0.2,0.04,1,0.5,0.8,0.3,0.4,,
Larix cajanderi,,Larix,Pinaceae,Ntr,species,0.003,0.003,0.3,0.2,0.06,0.15,0.03,0.05,0.09,0.06,1.6,0.4,0.7,0.4,1.5,0.1,0.2,0.04,1,0.5,0.8,0.3,0.4,,
Larix decidua,European larch,Larix,Pinaceae,Ntr,species,0.003,0.003,0.3,0.2,0.06,0.15,0.03,0.05,0.09,0.06,1.6,0.4,0.7,0.4,1.5,0.1,0.2,0.04,1,0.5,0.8,0.3,0.4,,
Larix gmelinii,Dahurian larch,Larix,Pinaceae,Ntr,species,0.003,0.003,0.3,0.2,0.06,0.15,0.03,0.05,0.09,0.06,1.6,0.4,0.7,0.4,1.5,0.1,0.2,0.04,1,0.5,0.8,0.3,0.4,,
Larix laricina,tamarack,Larix,Pinaceae,Ntr,species,0.003,0.003,0.3,0.2,0.06,0.15,0.03,0.05,0.09,0.06,1.6,0.4,0.7,0.4,1.5,0.1,0.2,0.04,1,0.5,0.8,0.3,0.4,,
Larix lyallii,subalpine larch,Larix,Pinaceae,Ntr,species,0.003,0.003,0.3,0.2,0.06,0.15,0.03,0.05,0.09,0.06,1.6,0.4,0.7,0.4,1.5,0.1,0.2,0.04,1,0.5,0.8,0.3,0.4,,
Larix occidentalis,western larch,Larix,Pinaceae,Ntr,species,0.003,0.003,0.3,0.2,0.06,0.15,0.03,0.05,0.09,0.06,1.6,0.4,0.7,0.4,1.5,0.1,0.2,0.04,1,0.5,0.8,0.3,0.4,,
Larrea divaricata,,Larrea,Zygophyllaceae,Unknown,species,6,0.01,0.4,0.3,0.18,0.25,0.03,0.05,0.06,0.04,1.4,0.4,0.7,0.4,1.2,0.1,0.2,0.04,1,0.5,0.8,0.3,0.4,,
Larrea tridentata,creosote bush,Larrea,Zygophyllaceae,Shrub,species,6,0.01,0.4,0.3,0.18,0.25,0.03,0.05,0.06,0.04,1.4,0.4,0.7,0.4,1.2,0.1,0.2,0.04,1,0.5,0.8,0.3,0.4,,
Lathyrus latifolius,perennial pea,Lathyrus,Fabaceae,Shrub,species,6,0.01,0.4,0.3,0.18,0.25,0.03,0.05,0.06,0.04,1.4,0.4,0.7,0.4,1.2,0.1,0.2,0.04,1,0.5,0.8,0.3,0.4,,
Lauraceae,,Lauraceae,Lauraceae,Unknown,family,6,0.01,0.4,0.3,0.18,0.25,0.03,0.05,0.06,0.04,1.4,0.4,0.7,0.4,1.2,0.1,0.2,0.04,1,0.5,0.8,0.3,0.4,,
Laurocerasus undulata,,Laurocerasus,TBD,Unknown,species,6,0.01,0.4,0.3,0.18,0.25,0.03,0.05,0.06,0.04,1.4,0.4,0.7,0.4,1.2,0.1,0.2,0.04,1,0.5,0.8,0.3,0.4,,
Laurus nobilis,sweet bay,Laurus,Lauraceae,Btr,species,6,0.01,0.4,0.3,0.18,0.25,0.03,0.05,0.06,0.04,1.4,0.4,0.7,0.4,1.2,0.1,0.2,0.04,1,0.5,0.8,0.3,0.4,,
Lavandula,lavender,Lavandula,Lamiaceae,Shrub,genus,6,0.01,0.4,0.3,0.18,0.25,0.03,0.05,0.06,0.04,1.4,0.4,0.7,0.4,1.2,0.1,0.2,0.04,1,0.5,0.8,0.3,0.4,,
Lavandula luisieri,,Lavandula,Lamiaceae,Unknown,species,6,0.01,0.4,0.3,0.18,0.25,0.03,0.05,0.06,0.04,1.4,0.4,0.7,0.4,1.2,0.1,0.2,0.04,1,0.5,0.8,0.3,0.4,,
Lavandula stoechas,French lavender,Lavandula,Lamiaceae,Shrub,species,6,0.01,0.4,0.3,0.18,0.25,0.03,0.05,0.06,0.04,1.4,0.4,0.7,0.4,1.2,0.1,0.2,0.04,1,0.5,0.8,0.3,0.4,,
Lavatera assurgentiflora,island mallow,Lavatera,Malvaceae,Shrub,species,6,0.01,0.4,0.3,0.18,0.25,0.03,0.05,0.06,0.04,1.4,0.4,0.7,0.4,1.2,0.1,0.2,0.04,1,0.5,0.8,0.3,0.4,,
Ledum groenlandicum,bog Labrador tea,Ledum,Ericaceae,Shrub,species,6,0.01,0.4,0.3,0.18,0.25,0.03,0.05,0.06,0.04,1.4,0.4,0.7,0.4,1.2,0.1,0.2,0.04,1,0.5,0.8,0.3,0.4,,
Ledum palustre,marsh Labrador tea,Ledum,Ericaceae,Shrub,species,6,0.01,0.4,0.3,0.18,0.25,0.03,0.05,0.06,0.04,1.4,0.4,0.7,0.4,1.2,0.1,0.2,0.04,1,0.5,0.8,0.3,0.4,,
Leea crispa,,Leea,TBD,Unknown,species,6,0.01,0.4,0.3,0.18,0.25,0.03,0.05,0.06,0.04,1.4,0.4,0.7,0.4,1.2,0.1,0.2,0.04,1,0.5,0.8,0.3,0.4,,
Leptocereus quadricostatus,pitahaya,Leptocereus,Cactaceae,Btr,species,6,0.01,0.4,0.3,0.18,0.25,0.03,0.05,0.06,0.04,1.4,0.4,0.7,0.4,1.2,0.1,0.2,0.04,1,0.5,0.8,0.3,0.4,,
Leptoderris capassa,,Leptoderris,TBD,Unknown,species,6,0.01,0.4,0.3,0.18,0.25,0.03,0.05,0.06,0.04,1.4,0.4,0.7,0.4,1.2,0.1,0.2,0.04,1,0.5,0.8,0.3,0.4,,
Leptoderris hypargyrea,,Leptoderris,TBD,Unknown,species,6,0.01,0.4,0.3,0.18,0.25,0.03,0.05,0.06,0.04,1.4,0.4,0.7,0.4,1.2,0.1,0.2,0.04,1,0.5,0.8,0.3,0.4,,
Leptoderris longifolius,,Leptoderris,TBD,Unknown,species,6,0.01,0.4,0.3,0.18,0.25,0.03,0.05,0.06,0.04,1.4,0.4,0.7,0.4,1.2,0.1,0.2,0.04,1,0.5,0.8,0.3,0.4,,
Leptospermum,teatree,Leptospermum,Myrtaceae,Btr,genus,6,0.01,0.4,0.3,0.18,0.25,0.03,0.05,0.06,0.04,1.4,0.4,0.7,0.4,1.2,0.1,0.2,0.04,1,0.5,0.8,0.3,0.4,,
Leptospermum laevigatum,Australian teatree,Leptospermum,Myrtaceae,Btr,species,6,0.01,0.4,0.3,0.18,0.25,0.03,0.05,0.06,0.04,1.4,0.4,0.7,0.4,1.2,0.1,0.2,0.04,1,0.5,0.8,0.3,0.4,,
Leptospermum scoparium,broom teatree,Leptospermum,Myrtaceae,Btr,species,6,0.01,0.4,0.3,0.18,0.25,0.03,0.05,0.06,0.04,1.4,0.4,0.7,0.4,1.2,0.1,0.2,0.04,1,0.5,0.8,0.3,0.4,,
Lespedeza bicolor,shrub lespedeza,Lespedeza,Fabaceae,Shrub,species,6,0.01,0.4,0.3,0.18,0.25,0.03,0.05,0.06,0.04,1.4,0.4,0.7,0.4,1.2,0.1,0.2,0.04,1,0.5,0.8,0.3,0.4,,
Leucadendron argenteum,,Leucadendron,TBD,Unknown,species,6,0.01,0.4,0.3,0.18,0.25,0.03,0.05,0.06,0.04,1.4,0.4,0.7,0.4,1.2,0.1,0.2,0.04,1,0.5,0.8,0.3,0.4,,
Leucaena,leadtree,Leucaena,Fabaceae,Btr,genus,6,0.01,0.4,0.3,0.18,0.25,0.03,0.05,0.06,0.04,1.4,0.4,0.7,0.4,1.2,0.1,0.2,0.04,1,0.5,0.8,0.3,0.4,,
Leucaena esculenta,guaje,Leucaena,Fabaceae,Btr,species,6,0.01,0.4,0.3,0.18,0.25,0.03,0.05,0.06,0.04,1.4,0.4,0.7,0.4,1.2,0.1,0.2,0.04,1,0.5,0.8,0.3,0.4,,
Leucaena leucocephala,white leadtree,Leucaena,Fabaceae,Btr,species,6,0.01,0.4,0.3,0.18,0.25,0.03,0.05,0.06,0.04,1.4,0.4,0.7,0.4,1.2,0.1,0.2,0.04,1,0.5,0.8,0.3,0.4,,
Leucaena retusa,littleleaf leadtree,Leucaena,Fabaceae,Btr,species,6,0.01,0.4,0.3,0.18,0.25,0.03,0.05,0.06,0.04,1.4,0.4,0.7,0.4,1.2,0.1,0.2,0.04,1,0.5,0.8,0.3,0.4,,
Leucobryum glaucum,,Leucobryum,TBD,Unknown,species,6,0.01,0.4,0.3,0.18,0.25,0.03,0.05,0.06,0.04,1.4,0.4,0.7,0.4,1.2,0.1,0.2,0.04,1,0.5,0.8,0.3,0.4,,
Leucospermum reflexum,,Leucospermum,Proteaceae,Unknown,species,6,0.01,0.4,0.3,0.18,0.25,0.03,0.05,0.06,0.04,1.4,0.4,0.7,0.4,1.2,0.1,0.2,0.04,1,0.5,0.8,0.3,0.4,,
Leuhea seemanii,,Leuhea,TBD,Unknown,species,6,0.01,0.4,0.3,0.18,0.25,0.03,0.05,0.06,0.04,1.4,0.4,0.7,0.4,1.2,0.1,0.2,0.04,1,0.5,0.8,0.3,0.4,,
Libocedrus decurrens,Kawaka,Libocedrus,Cupressaceae,Ntr,species,0.003,0.003,0.4,0.05,0.15,0.2,0.03,0.05,0.09,0.06,1.6,0.4,0.7,0.4,1.5,0.1,0.2,0.04,1,0.5,0.8,0.3,0.4,,
Librocedrus decurrens,,Libocedrus,Cupressaceae,Unknown,species,0.003,0.003,0.4,0.05,0.15,0.2,0.03,0.05,0.09,0.06,1.6,0.4,0.7,0.4,1.5,0.1,0.2,0.04,1,0.5,0.8,0.3,0.4,,
Licania hypoleuca,,Licania,Chrysobalanaceae,Unknown,species,6,0.01,0.4,0.3,0.18,0.25,0.03,0.05,0.06,0.04,1.4,0.4,0.7,0.4,1.2,0.1,0.2,0.04,1,0.5,0.8,0.3,0.4,,
Ligustrum,privet,Ligustrum,Oleaceae,Btr,genus,0.003,0.003,0.03,0.03,0.03,0.03,0.03,0.05,0.06,0.04,1.6,0.4,0.7,0.4,1.2,0.1,0.2,0.04,1,0.5,0.8,0.3,0.4,,
Ligustrum amurense,,Ligustrum,Oleaceae,Btr,genus,0.003,0.003,0.03,0.03,0.03,0.03,0.03,0.05,0.06,0.04,1.6,0.4,0.7,0.4,1.2,0.1,0.2,0.04,1,0.5,0.8,0.3,0.4,,
Ligustrum confusum,privet,Ligustrum,Oleaceae,Btr,species,0.003,0.003,0.03,0.03,0.03,0.03,0.03,0.05,0.06,0.04,1.6,0.4,0.7,0.4,1.2,0.1,0.2,0.04,1,0.5,0.8,0.3,0.4,,
Ligustrum coriaceum,,Ligustrum,Oleaceae,Unknown,species,0.003,0.003,0.03,0.03,0.03,0.03,0.03,0.05,0.06,0.04,1.6,0.4,0.7,0.4,1.2,0.1,0.2,0.04,1,0.5,0.8,0.3,0.4,,
Ligustrum indicum,privet,Ligustrum,Oleaceae,Btr,species,0.003,0.003,0.03,0.03,0.03,0.03,0.03,0.05,0.06,0.04,1.6,0.4,0.7,0.4,1.2,0.1,0.2,0.04,1,0.5,0.8,0.3,0.4,,
Ligustrum japonicum,Japanese privet,Ligustrum,Oleaceae,Btr,species,0.003,0.003,0.03,0.03,0.03,0.03,0.03,0.05,0.06,0.04,1.6,0.4,0.7,0.4,1.2,0.1,0.2,0.04,1,0.5,0.8,0.3,0.4,,
Ligustrum lucidum,glossy privet,Ligustrum,Oleaceae,Btr,species,0.003,0.003,0.03,0.03,0.03,0.03,0.03,0.05,0.06,0.04,1.6,0.4,0.7,0.4,1.2,0.1,0.2,0.04,1,0.5,0.8,0.3,0.4,,
Ligustrum ovalifolium,California privet,Ligustrum,Oleaceae,Btr,species,0.003,0.003,0.03,0.03,0.03,0.03,0.03,0.05,0.06,0.04,1.6,0.4,0.7,0.4,1.2,0.1,0.2,0.04,1,0.5,0.8,0.3,0.4,,
Ligustrum sinense,,Ligustrum,Oleaceae,Btr,genus,0.003,0.003,0.03,0.03,0.03,0.03,0.03,0.05,0.06,0.04,1.6,0.4,0.7,0.4,1.2,0.1,0.2,0.04,1,0.5,0.8,0.3,0.4,,
Ligustrum vulgare,European privet,Ligustrum,Oleaceae,Shrub,species,0.003,0.003,0.03,0.03,0.03,0.03,0.03,0.05,0.06,0.04,1.6,0.4,0.7,0.4,1.2,0.1,0.2,0.04,1,0.5,0.8,0.3,0.4,,
Liliaceae,,Liliaceae,Liliaceae,Unknown,family,6,0.01,0.4,0.3,0.18,0.25,0.03,0.05,0.06,0.04,1.4,0.4,0.7,0.4,1.2,0.1,0.2,0.04,1,0.5,0.8,0.3,0.4,,
Lindera benzoin,northern spicebush,Lindera,Lauraceae,Btr,species,0.003,0.003,0.12,0.15,0.07,0.1,0.03,0.05,0.06,0.04,1.6,0.4,0.7,0.4,1.2,0.1,0.2,0.04,1,0.5,0.8,0.3,0.4,,
Linociera insignis,,Linociera,TBD,Unknown,species,6,0.01,0.4,0.3,0.18,0.25,0.03,0.05,0.06,0.04,1.4,0.4,0.7,0.4,1.2,0.1,0.2,0.04,1,0.5,0.8,0.3,0.4,,
Linospadix monostachyos,,Linospadix,Arecaceae,Unknown,species,6,0.01,0.4,0.3,0.18,0.25,0.03,0.05,0.06,0.04,1.4,0.4,0.7,0.4,1.2,0.1,0.2,0.04,1,0.5,0.8,0.3,0.4,,
Lippia,lippia,Lippia,Verbenaceae,Shrub,genus,0.003,0.003,0.15,0.15,0.08,0.12,0.03,0.05,0.06,0.04,1.6,0.4,0.7,0.4,1.2,0.1,0.2,0.04,1,0.5,0.8,0.3,0.4,,
Liquidambar,sweetgum,Liquidambar,Hamamelidaceae,Btr,genus,33,0.003,0.4,0.08,0.1,0.5,0.03,0.05,0.06,0.04,1.6,0.4,0.7,0.4,1.2,0.1,0.2,0.04,1,0.5,0.8,0.3,0.4,,
Liquidambar formosana,sweetgum,Liquidambar,Hamamelidaceae,Btr,species,33,0.003,0.4,0.08,0.1,0.5,0.03,0.05,0.06,0.04,1.6,0.4,0.7,0.4,1.2,0.1,0.2,0.04,1,0.5,0.8,0.3,0.4,,
Liquidambar orientalis,Oriental sweetgum,Liquidambar,Hamamelidaceae,Unknown,species,33,0.003,0.4,0.08,0.1,0.5,0.03,0.05,0.06,0.04,1.6,0.4,0.7,0.4,1.2,0.1,0.2,0.04,1,0.5,0.8,0.3,0.4,,
Liquidambar styraciflua,sweetgum,Liquidambar,Hamamelidaceae,Btr,species,33,0.003,0.4,0.08,0.1,0.5,0.03,0.05,0.06,0.04,1.6,0.4,0.7,0.4,1.2,0.1,0.2,0.04,1,0.5,0.8,0.3,0.4,,
Liriodendron,tuliptree,Liriodendron,Magnoliaceae,Btr,genus,0.003,0.003,0.01,0.1,0.005,0.05,0.03,0.05,0.06,0.04,1.6,0.4,0.7,0.4,1.2,0.1,0.2,0.04,1,0.5,0.8,0.3,0.4,,
Liriodendron chinense,Chinese tuliptree,Liriodendron,Magnoliaceae,Unknown,species,0.003,0.003,0.01,0.1,0.005,0.05,0.03,0.05,0.06,0.04,1.6,0.4,0.7,0.4,1.2,0.1,0.2,0.04,1,0.5,0.8,0.3,0.4,,
Liriodendron tulipifera,tuliptree,Liriodendron,Magnoliaceae,Btr,species,0.003,0.003,0.01,0.1,0.005,0.05,0.03,0.05,0.06,0.04,1.6,0.4,0.7,0.4,1.2,0.1,0.2,0.04,1,0.5,0.8,0.3,0.4,,
Litchi chinensis,lychee,Litchi,Sapindaceae,Btr,species,6,0.01,0.4,0.3,0.18,0.25,0.03,0.05,0.06,0.04,1.4,0.4,0.7,0.4,1.2,0.1,0.2,0.04,1,0.5,0.8,0.3,0.4,,
Lithocarpus,tanoak,Lithocarpus,Fagaceae,Btr,genus,0.003,0.003,0.3,0.3,0.2,0.2,0.03,0.05,0.06,0.04,1.6,0.4,0.7,0.4,1.2,0.1,0.2,0.04,1,0.5,0.8,0.3,0.4,,
Lithocarpus chintungensis,,Lithocarpus,Fagaceae,Unknown,species,0.003,0.003,0.3,0.3,0.2,0.2,0.03,0.05,0.06,0.04,1.6,0.4,0.7,0.4,1.2,0.1,0.2,0.04,1,0.5,0.8,0.3,0.4,,
Lithocarpus densiflora,,Lithocarpus,Fagaceae,Unknown,species,0.003,0.003,0.3,0.3,0.2,0.2,0.03,0.05,0.06,0.04,1.6,0.4,0.7,0.4,1.2,0.1,0.2,0.04,1,0.5,0.8,0.3,0.4,,
Lithocarpus densiflorus,tanoak,Lithocarpus,Fagaceae,Btr,species,0.003,0.003,0.3,0.3,0.2,0.2,0.03,0.05,0.06,0.04,1.6,0.4,0.7,0.4,1.2,0.1,0.2,0.04,1,0.5,0.8,0.3,0.4,,
Lithocarpus edulis,,Lithocarpus,Fagaceae,Btr,species,0.003,0.003,0.3,0.3,0.2,0.2,0.03,0.05,0.06,0.04,1.6,0.4,0.7,0.4,1.2,0.1,0.2,0.04,1,0.5,0.8,0.3,0.4,,
Lithocarpus fenestratus,,Lithocarpus,Fagaceae,Unknown,species,0.003,0.003,0.3,0.3,0.2,0.2,0.03,0.05,0.06,0.04,1.6,0.4,0.7,0.4,1.2,0.1,0.2,0.04,1,0.5,0.8,0.3,0.4,,
Lithocarpus hypoviridis,,Lithocarpus,Fagaceae,Unknown,species,0.003,0.003,0.3,0.3,0.2,0.2,0.03,0.05,0.06,0.04,1.6,0.4,0.7,0.4,1.2,0.1,0.2,0.04,1,0.5,0.8,0.3,0.4,,
Lithocarpus pachyphylloides,,Lithocarpus,Fagaceae,Unknown,species,0.003,0.003,0.3,0.3,0.2,0.2,0.03,0.05,0.06,0.04,1.6,0.4,0.7,0.4,1.2,0.1,0.2,0.04,1,0.5,0.8,0.3,0.4,,
Lithocarpus truncatus,,Lithocarpus,Fagaceae,Unknown,species,0.003,0.003,0.3,0.3,0.2,0.2,0.03,0.05,0.06,0.04,1.6,0.4,0.7,0.4,1.2,0.1,0.2,0.04,1,0.5,0.8,0.3,0.4,,
Lithocarpus xylocarpa,,Lithocarpus,Fagaceae,Unknown,species,0.003,0.003,0.3,0.3,0.2,0.2,0.03,0.05,0.06,0.04,1.6,0.4,0.7,0.4,1.2,0.1,0.2,0.04,1,0.5,0.8,0.3,0.4,,
Lithocarpus yunnanensis,,Lithocarpus,Fagaceae,Unknown,species,0.003,0.003,0.3,0.3,0.2,0.2,0.03,0.05,0.06,0.04,1.6,0.4,0.7,0.4,1.2,0.1,0.2,0.04,1,0.5,0.8,0.3,0.4,,
Litsea cubeba,litsea,Litsea,Lauraceae,Unknown,species,6,0.01,0.4,0.3,0.18,0.25,0.03,0.05,0.06,0.04,1.4,0.4,0.7,0.4,1.2,0.1,0.2,0.04,1,0.5,0.8,0.3,0.4,,
Litsea dilleniiefolia,,Litsea,Lauraceae,Unknown,species,6,0.01,0.4,0.3,0.18,0.25,0.03,0.05,0.06,0.04,1.4,0.4,0.7,0.4,1.2,0.1,0.2,0.04,1,0.5,0.8,0.3,0.4,,
Litsea elongata,,Litsea,Lauraceae,Unknown,species,6,0.01,0.4,0.3,0.18,0.25,0.03,0.05,0.06,0.04,1.4,0.4,0.7,0.4,1.2,0.1,0.2,0.04,1,0.5,0.8,0.3,0.4,,
Litsea euosma,,Litsea,Lauraceae,Unknown,species,6,0.01,0.4,0.3,0.18,0.25,0.03,0.05,0.06,0.04,1.4,0.4,0.7,0.4,1.2,0.1,0.2,0.04,1,0.5,0.8,0.3,0.4,,
Litsea glutinosa,,Litsea,Lauraceae,Unknown,species,6,0.01,0.4,0.3,0.18,0.25,0.03,0.05,0.06,0.04,1.4,0.4,0.7,0.4,1.2,0.1,0.2,0.04,1,0.5,0.8,0.3,0.4,,
Litsea monopetala,,Litsea,Lauraceae,Unknown,species,6,0.01,0.4,0.3,0.18,0.25,0.03,0.05,0.06,0.04,1.4,0.4,0.7,0.4,1.2,0.1,0.2,0.04,1,0.5,0.8,0.3,0.4,,
Litsea panamonja,,Litsea,Lauraceae,Unknown,species,6,0.01,0.4,0.3,0.18,0.25,0.03,0.05,0.06,0.04,1.4,0.4,0.7,0.4,1.2,0.1,0.2,0.04,1,0.5,0.8,0.3,0.4,,
Litsea pierrei,,Litsea,Lauraceae,Unknown,species,6,0.01,0.4,0.3,0.18,0.25,0.03,0.05,0.06,0.04,1.4,0.4,0.7,0.4,1.2,0.1,0.2,0.04,1,0.5,0.8,0.3,0.4,,
Livistona,livistona,Livistona,Arecaceae,Btr,genus,6,0.01,0.4,0.3,0.18,0.25,0.03,0.05,0.06,0.04,1.4,0.4,0.7,0.4,1.2,0.1,0.2,0.04,1,0.5,0.8,0.3,0.4,,
Livistona australis,livistona,Livistona,Arecaceae,Btr,species,6,0.01,0.4,0.3,0.18,0.25,0.03,0.05,0.06,0.04,1.4,0.4,0.7,0.4,1.2,0.1,0.2,0.04,1,0.5,0.8,0.3,0.4,,
Livistona chinensis,fountain palm,Livistona,Arecaceae,Btr,species,6,0.01,0.4,0.3,0.18,0.25,0.03,0.05,0.06,0.04,1.4,0.4,0.7,0.4,1.2,0.1,0.2,0.04,1,0.5,0.8,0.3,0.4,,
Livistona decipiens,livistona,Livistona,Arecaceae,Btr,species,6,0.01,0.4,0.3,0.18,0.25,0.03,0.05,0.06,0.04,1.4,0.4,0.7,0.4,1.2,0.1,0.2,0.04,1,0.5,0.8,0.3,0.4,,
Livistona saribus,,Livistona,Arecaceae,Unknown,species,6,0.01,0.4,0.3,0.18,0.25,0.03,0.05,0.06,0.04,1.4,0.4,0.7,0.4,1.2,0.1,0.2,0.04,1,0.5,0.8,0.3,0.4,,
Lolium perenne,perennial ryegrass,Lolium,Poaceae,Herb,species,6,0.01,0.4,0.3,0.18,0.25,0.03,0.05,0.06,0.04,1.4,0.4,0.7,0.4,1.2,0.1,0.2,0.04,1,0.5,0.8,0.3,0.4,,
Lomatia fraxinifolia,,Lomatia,TBD,Unknown,species,6,0.01,0.4,0.3,0.18,0.25,0.03,0.05,0.06,0.04,1.4,0.4,0.7,0.4,1.2,0.1,0.2,0.04,1,0.5,0.8,0.3,0.4,,
Lonchocarpus capassa,,Lonchocarpus,Fabaceae,Unknown,species,6,0.01,0.4,0.3,0.18,0.25,0.03,0.05,0.06,0.04,1.4,0.4,0.7,0.4,1.2,0.1,0.2,0.04,1,0.5,0.8,0.3,0.4,,
Lonicera canadensis,American fly honeysuckle,Lonicera,Caprifoliaceae,Shrub,species,6,0.01,0.4,0.3,0.18,0.25,0.03,0.05,0.06,0.04,1.4,0.4,0.7,0.4,1.2,0.1,0.2,0.04,1,0.5,0.8,0.3,0.4,,
Lonicera chrysantha,,Lonicera,Caprifoliaceae,Unknown,species,6,0.01,0.4,0.3,0.18,0.25,0.03,0.05,0.06,0.04,1.4,0.4,0.7,0.4,1.2,0.1,0.2,0.04,1,0.5,0.8,0.3,0.4,,
Lonicera edulis,,Lonicera,Caprifoliaceae,Unknown,species,6,0.01,0.4,0.3,0.18,0.25,0.03,0.05,0.06,0.04,1.4,0.4,0.7,0.4,1.2,0.1,0.2,0.04,1,0.5,0.8,0.3,0.4,,
Lophira,,Lophira,Ochnaceae,Btr,genus,6,0.01,0.4,0.3,0.18,0.25,0.03,0.05,0.06,0.04,1.4,0.4,0.7,0.4,1.2,0.1,0.2,0.04,1,0.5,0.8,0.3,0.4,,
Lophira alata,,Lophira,Ochnaceae,Unknown,species,6,0.01,0.4,0.3,0.18,0.25,0.03,0.05,0.06,0.04,1.4,0.4,0.7,0.4,1.2,0.1,0.2,0.04,1,0.5,0.8,0.3,0.4,,
Lophira lanceolata,,Lophira,Ochnaceae,Btr,species,6,0.01,0.4,0.3,0.18,0.25,0.03,0.05,0.06,0.04,1.4,0.4,0.7,0.4,1.2,0.1,0.2,0.04,1,0.5,0.8,0.3,0.4,,
Lophostemon confertus,vinegartree,Lophostemon,Myrtaceae,Btr,species,6,0.01,0.4,0.3,0.18,0.25,0.03,0.05,0.06,0.04,1.4,0.4,0.7,0.4,1.2,0.1,0.2,0.04,1,0.5,0.8,0.3,0.4,,
Lotus corniculatus,bird's-foot trefoil,Lotus,Fabaceae,Herb,species,6,0.01,0.4,0.3,0.18,0.25,0.03,0.05,0.06,0.04,1.4,0.4,0.7,0.4,1.2,0.1,0.2,0.04,1,0.5,0.8,0.3,0.4,,
Lotus pedunculatus,big trefoil,Lotus,Fabaceae,Herb,species,6,0.01,0.4,0.3,0.18,0.25,0.03,0.05,0.06,0.04,1.4,0.4,0.7,0.4,1.2,0.1,0.2,0.04,1,0.5,0.8,0.3,0.4,,
Luehea divaricata,,Luehea,Tiliaceae,Btr,species,6,0.01,0.4,0.3,0.18,0.25,0.03,0.05,0.06,0.04,1.4,0.4,0.7,0.4,1.2,0.1,0.2,0.04,1,0.5,0.8,0.3,0.4,,
Luma apiculata,temu,Luma,Myrtaceae,Btr,species,6,0.01,0.4,0.3,0.18,0.25,0.03,0.05,0.06,0.04,1.4,0.4,0.7,0.4,1.2,0.1,0.2,0.04,1,0.5,0.8,0.3,0.4,,
Lunularia cruciata,,Lunularia,TBD,Unknown,species,6,0.01,0.4,0.3,0.18,0.25,0.03,0.05,0.06,0.04,1.4,0.4,0.7,0.4,1.2,0.1,0.2,0.04,1,0.5,0.8,0.3,0.4,,
Lupinus,lupine,Lupinus,Fabaceae,Shrub,genus,6,0.01,0.4,0.3,0.18,0.25,0.03,0.05,0.06,0.04,1.4,0.4,0.7,0.4,1.2,0.1,0.2,0.04,1,0.5,0.8,0.3,0.4,,
Lupinus albicaulis,sicklekeel lupine,Lupinus,Fabaceae,Herb,species,6,0.01,0.4,0.3,0.18,0.25,0.03,0.05,0.06,0.04,1.4,0.4,0.7,0.4,1.2,0.1,0.2,0.04,1,0.5,0.8,0.3,0.4,,
Lycianthes rantonnettii,blue potatobush,Lycianthes,Solanaceae,Shrub,species,6,0.01,0.4,0.3,0.18,0.25,0.03,0.05,0.06,0.04,1.4,0.4,0.7,0.4,1.2,0.1,0.2,0.04,1,0.5,0.8,0.3,0.4,,
Lycidice rhodoslegia,,Lycidice,TBD,Unknown,species,6,0.01,0.4,0.3,0.18,0.25,0.03,0.05,0.06,0.04,1.4,0.4,0.7,0.4,1.2,0.1,0.2,0.04,1,0.5,0.8,0.3,0.4,,
Lycium,desert-thorn,Lycium,Solanaceae,Shrub,genus,0.003,0.003,0.3,0.4,0.06,0.3,0.03,0.05,0.06,0.04,1.6,0.4,0.7,0.4,1.2,0.1,0.2,0.04,1,0.5,0.8,0.3,0.4,,
Lycium andersonii,water jacket,Lycium,Solanaceae,Shrub,species,0.003,0.003,0.3,0.4,0.06,0.3,0.03,0.05,0.06,0.04,1.6,0.4,0.7,0.4,1.2,0.1,0.2,0.04,1,0.5,0.8,0.3,0.4,,
Lycium cooperi,peach thorn,Lycium,Solanaceae,Shrub,species,0.003,0.003,0.3,0.4,0.06,0.3,0.03,0.05,0.06,0.04,1.6,0.4,0.7,0.4,1.2,0.1,0.2,0.04,1,0.5,0.8,0.3,0.4,,
Lycium fremontii,Fremont's desert-thorn,Lycium,Solanaceae,Shrub,species,0.003,0.003,0.3,0.4,0.06,0.3,0.03,0.05,0.06,0.04,1.6,0.4,0.7,0.4,1.2,0.1,0.2,0.04,1,0.5,0.8,0.3,0.4,,
Lycium pallidum,pale desert-thorn,Lycium,Solanaceae,Shrub,species,0.003,0.003,0.3,0.4,0.06,0.3,0.03,0.05,0.06,0.04,1.6,0.4,0.7,0.4,1.2,0.1,0.2,0.04,1,0.5,0.8,0.3,0.4,,
Lycium torreyi,Torrey wolfberry,Lycium,Solanaceae,Shrub,species,0.003,0.003,0.3,0.4,0.06,0.3,0.03,0.05,0.06,0.04,1.6,0.4,0.7,0.4,1.2,0.1,0.2,0.04,1,0.5,0.8,0.3,0.4,,
Lycopersicon,tomato,Lycopersicon,Solanaceae,Herb,genus,6,0.01,0.4,0.3,0.18,0.25,0.03,0.05,0.06,0.04,1.4,0.4,0.7,0.4,1.2,0.1,0.2,0.04,1,0.5,0.8,0.3,0.4,,
Lycopersicon esculatum,,Lycopersicon,Solanaceae,Unknown,species,6,0.01,0.4,0.3,0.18,0.25,0.03,0.05,0.06,0.04,1.4,0.4,0.7,0.4,1.2,0.1,0.2,0.04,1,0.5,0.8,0.3,0.4,,
Lycopersicon lycopersicon,,Lycopersicon,Solanaceae,Unknown,species,6,0.01,0.4,0.3,0.18,0.25,0.03,0.05,0.06,0.04,1.4,0.4,0.7,0.4,1.2,0.1,0.2,0.04,1,0.5,0.8,0.3,0.4,,
Lycopersicon lycopersicum,,Lycopersicon,Solanaceae,Unknown,species,6,0.01,0.4,0.3,0.18,0.25,0.03,0.05,0.06,0.04,1.4,0.4,0.7,0.4,1.2,0.1,0.2,0.04,1,0.5,0.8,0.3,0.4,,
Lyonia ovalifolia,,Lyonia,Ericaceae,Unknown,species,6,0.01,0.4,0.3,0.18,0.25,0.03,0.05,0.06,0.04,1.4,0.4,0.7,0.4,1.2,0.1,0.2,0.04,1,0.5,0.8,0.3,0.4,,
Lyonothamnus floribundus,Catalina ironwood,Lyonothamnus,Rosaceae,Btr,species,6,0.01,0.4,0.3,0.18,0.25,0.03,0.05,0.06,0.04,1.4,0.4,0.7,0.4,1.2,0.1,0.2,0.04,1,0.5,0.8,0.3,0.4,,
Lysiloma,false tamarind,Lysiloma,Fabaceae,Btr,genus,0.003,0.003,0.15,0.15,0.08,0.15,0.03,0.05,0.06,0.04,1.6,0.4,0.7,0.4,1.2,0.1,0.2,0.04,1,0.5,0.8,0.3,0.4,,
Lysiloma microphylla,,Lysiloma,Fabaceae,Btr,species,6,0.01,0.4,0.3,0.18,0.25,0.03,0.05,0.06,0.04,1.4,0.4,0.7,0.4,1.2,0.1,0.2,0.04,1,0.5,0.8,0.3,0.4,,
Lysiloma microphyllum,,Lysiloma,Fabaceae,Btr,species,6,0.01,0.4,0.3,0.18,0.25,0.03,0.05,0.06,0.04,1.4,0.4,0.7,0.4,1.2,0.1,0.2,0.04,1,0.5,0.8,0.3,0.4,,
Lysiloma watsonii,littleleaf false tamarind,Lysiloma,Fabaceae,Btr,species,6,0.01,0.4,0.3,0.18,0.25,0.03,0.05,0.06,0.04,1.4,0.4,0.7,0.4,1.2,0.1,0.2,0.04,1,0.5,0.8,0.3,0.4,,
Maackia amurensis,Amur maackia,Maackia,Fabaceae,Unknown,species,6,0.01,0.4,0.3,0.18,0.25,0.03,0.05,0.06,0.04,1.4,0.4,0.7,0.4,1.2,0.1,0.2,0.04,1,0.5,0.8,0.3,0.4,,
Maackia chinensis,,Maackia,Fabaceae,Unknown,species,6,0.01,0.4,0.3,0.18,0.25,0.03,0.05,0.06,0.04,1.4,0.4,0.7,0.4,1.2,0.1,0.2,0.04,1,0.5,0.8,0.3,0.4,,
Mabea,,Mabea,TBD,Unknown,genus,6,0.01,0.4,0.3,0.18,0.25,0.03,0.05,0.06,0.04,1.4,0.4,0.7,0.4,1.2,0.1,0.2,0.04,1,0.5,0.8,0.3,0.4,,
Macadamia integrifolia,macadamia nut,Macadamia,Proteaceae,Btr,species,6,0.01,0.4,0.3,0.18,0.25,0.03,0.05,0.06,0.04,1.4,0.4,0.7,0.4,1.2,0.1,0.2,0.04,1,0.5,0.8,0.3,0.4,,
Macadamia ternifolia,,Macadamia,Proteaceae,Unknown,species,6,0.01,0.4,0.3,0.18,0.25,0.03,0.05,0.06,0.04,1.4,0.4,0.7,0.4,1.2,0.1,0.2,0.04,1,0.5,0.8,0.3,0.4,,
Macadamia tetraphylla,macadamia nut,Macadamia,Proteaceae,Unknown,species,6,0.01,0.4,0.3,0.18,0.25,0.03,0.05,0.06,0.04,1.4,0.4,0.7,0.4,1.2,0.1,0.2,0.04,1,0.5,0.8,0.3,0.4,,
Macaranga barteri,,Macaranga,Euphorbiaceae,Unknown,species,6,0.01,0.4,0.3,0.18,0.25,0.03,0.05,0.06,0.04,1.4,0.4,0.7,0.4,1.2,0.1,0.2,0.04,1,0.5,0.8,0.3,0.4,,
Macaranga triloba,,Macaranga,Euphorbiaceae,Unknown,species,6,0.01,0.4,0.3,0.18,0.25,0.03,0.05,0.06,0.04,1.4,0.4,0.7,0.4,1.2,0.1,0.2,0.04,1,0.5,0.8,0.3,0.4,,
Macaraunga barbatus,,Macaraunga,TBD,Unknown,species,6,0.01,0.4,0.3,0.18,0.25,0.03,0.05,0.06,0.04,1.4,0.4,0.7,0.4,1.2,0.1,0.2,0.04,1,0.5,0.8,0.3,0.4,,
Macaraunga denticulata,,Macaraunga,TBD,Unknown,species,6,0.01,0.4,0.3,0.18,0.25,0.03,0.05,0.06,0.04,1.4,0.4,0.7,0.4,1.2,0.1,0.2,0.04,1,0.5,0.8,0.3,0.4,,
Macaraunga indica,,Macaraunga,TBD,Unknown,species,6,0.01,0.4,0.3,0.18,0.25,0.03,0.05,0.06,0.04,1.4,0.4,0.7,0.4,1.2,0.1,0.2,0.04,1,0.5,0.8,0.3,0.4,,
Macaraunga macrostachys,,Macaraunga,TBD,Unknown,species,6,0.01,0.4,0.3,0.18,0.25,0.03,0.05,0.06,0.04,1.4,0.4,0.7,0.4,1.2,0.1,0.2,0.04,1,0.5,0.8,0.3,0.4,,
Macaraunga paniculatus,,Macaraunga,TBD,Unknown,species,6,0.01,0.4,0.3,0.18,0.25,0.03,0.05,0.06,0.04,1.4,0.4,0.7,0.4,1.2,0.1,0.2,0.04,1,0.5,0.8,0.3,0.4,,
Macaraunga philipinensis,,Macaraunga,TBD,Unknown,species,6,0.01,0.4,0.3,0.18,0.25,0.03,0.05,0.06,0.04,1.4,0.4,0.7,0.4,1.2,0.1,0.2,0.04,1,0.5,0.8,0.3,0.4,,
Macaraunga triloba,,Macaraunga,TBD,Unknown,species,6,0.01,0.4,0.3,0.18,0.25,0.03,0.05,0.06,0.04,1.4,0.4,0.7,0.4,1.2,0.1,0.2,0.04,1,0.5,0.8,0.3,0.4,,
Macfadyena unguis-cati,catclawvine,Macfadyena,Bignoniaceae,Shrub,species,6,0.01,0.4,0.3,0.18,0.25,0.03,0.05,0.06,0.04,1.4,0.4,0.7,0.4,1.2,0.1,0.2,0.04,1,0.5,0.8,0.3,0.4,,
Mackaya bella,,Mackaya,TBD,Unknown,species,6,0.01,0.4,0.3,0.18,0.25,0.03,0.05,0.06,0.04,1.4,0.4,0.7,0.4,1.2,0.1,0.2,0.04,1,0.5,0.8,0.3,0.4,,
Maclura pomifera,osage orange,Maclura,Moraceae,Btr,species,0.003,0.003,0.15,0.2,0.08,0.12,0.03,0.05,0.06,0.04,1.6,0.4,0.7,0.4,1.2,0.1,0.2,0.04,1,0.5,0.8,0.3,0.4,,
Maclura tinctoria,fustictree,Maclura,Moraceae,Btr,species,0.003,0.003,0.15,0.2,0.08,0.12,0.03,0.05,0.06,0.04,1.6,0.4,0.7,0.4,1.2,0.1,0.2,0.04,1,0.5,0.8,0.3,0.4,,
Macrolobium arenarium,,Macrolobium,TBD,Unknown,species,6,0.01,0.4,0.3,0.18,0.25,0.03,0.05,0.06,0.04,1.4,0.4,0.7,0.4,1.2,0.1,0.2,0.04,1,0.5,0.8,0.3,0.4,,
Macropanax chienii,,Macropanax,TBD,Unknown,species,6,0.01,0.4,0.3,0.18,0.25,0.03,0.05,0.06,0.04,1.4,0.4,0.7,0.4,1.2,0.1,0.2,0.04,1,0.5,0.8,0.3,0.4,,
Macropanax dispermus,,Macropanax,TBD,Unknown,species,6,0.01,0.4,0.3,0.18,0.25,0.03,0.05,0.06,0.04,1.4,0.4,0.7,0.4,1.2,0.1,0.2,0.04,1,0.5,0.8,0.3,0.4,,
Macrozamia,macrozamia,Macrozamia,Zamiaceae,Btr,genus,6,0.01,0.4,0.3,0.18,0.25,0.03,0.05,0.06,0.04,1.4,0.4,0.7,0.4,1.2,0.1,0.2,0.04,1,0.5,0.8,0.3,0.4,,
Maesopsis eminii,umbrella-tree,Maesopsis,Rhamnaceae,Btr,species,6,0.01,0.4,0.3,0.18,0.25,0.03,0.05,0.06,0.04,1.4,0.4,0.7,0.4,1.2,0.1,0.2,0.04,1,0.5,0.8,0.3,0.4,,
Magnolia,magnolia,Magnolia,Magnoliaceae,Btr,genus,0.003,0.003,0.2,0.03,0.2,0.4,0.03,0.05,0.06,0.04,1.6,0.4,0.7,0.4,1.2,0.1,0.2,0.04,1,0.5,0.8,0.3,0.4,,
Magnolia acuminata,cucumber-tree,Magnolia,Magnoliaceae,Btr,species,0.003,0.003,0.2,0.03,0.2,0.4,0.03,0.05,0.06,0.04,1.6,0.4,0.7,0.4,1.2,0.1,0.2,0.04,1,0.5,0.8,0.3,0.4,,
Magnolia champaca,,Magnolia,Magnoliaceae,Btr,species,0.003,0.003,0.2,0.03,0.2,0.4,0.03,0.05,0.06,0.04,1.6,0.4,0.7,0.4,1.2,0.1,0.2,0.04,1,0.5,0.8,0.3,0.4,,
magnolia communis,,magnolia,Magnoliaceae,Unknown,species,0.003,0.003,0.2,0.03,0.2,0.4,0.03,0.05,0.06,0.04,1.6,0.4,0.7,0.4,1.2,0.1,0.2,0.04,1,0.5,0.8,0.3,0.4,,
Magnolia fraseri,mountain magnolia,Magnolia,Magnoliaceae,Btr,species,0.003,0.003,0.2,0.03,0.2,0.4,0.03,0.05,0.06,0.04,1.6,0.4,0.7,0.4,1.2,0.1,0.2,0.04,1,0.5,0.8,0.3,0.4,,
Magnolia grandiflora,southern magnolia,Magnolia,Magnoliaceae,Btr,species,0.003,0.003,0.2,0.03,0.2,0.4,0.03,0.05,0.06,0.04,1.6,0.4,0.7,0.4,1.2,0.1,0.2,0.04,1,0.5,0.8,0.3,0.4,,
Magnolia hodgsonii,,Magnolia,Magnoliaceae,Btr,species,0.003,0.003,0.2,0.03,0.2,0.4,0.03,0.05,0.06,0.04,1.6,0.4,0.7,0.4,1.2,0.1,0.2,0.04,1,0.5,0.8,0.3,0.4,,
Magnolia macrophylla,bigleaf magnolia,Magnolia,Magnoliaceae,Btr,species,0.003,0.003,0.2,0.03,0.2,0.4,0.03,0.05,0.06,0.04,1.6,0.4,0.7,0.4,1.2,0.1,0.2,0.04,1,0.5,0.8,0.3,0.4,,
Magnolia soulangeana,,Magnolia,Magnoliaceae,Unknown,species,0.003,0.003,0.2,0.03,0.2,0.4,0.03,0.05,0.06,0.04,1.6,0.4,0.7,0.4,1.2,0.1,0.2,0.04,1,0.5,0.8,0.3,0.4,,
Magnolia soulangiana,Chinese magnolia,Magnolia,Magnoliaceae,Btr,species,0.003,0.003,0.2,0.03,0.2,0.4,0.03,0.05,0.06,0.04,1.6,0.4,0.7,0.4,1.2,0.1,0.2,0.04,1,0.5,0.8,0.3,0.4,,
Magnolia stellata,star magnolia,Magnolia,Magnoliaceae,Btr,species,0.003,0.003,0.2,0.03,0.2,0.4,0.03,0.05,0.06,0.04,1.6,0.4,0.7,0.4,1.2,0.1,0.2,0.04,1,0.5,0.8,0.3,0.4,,
Magnolia virginiana,sweetbay,Magnolia,Magnoliaceae,Btr,species,0.003,0.003,0.2,0.03,0.2,0.4,0.03,0.05,0.06,0.04,1.6,0.4,0.7,0.4,1.2,0.1,0.2,0.04,1,0.5,0.8,0.3,0.4,,
Magnoliaceae,,Magnoliaceae,Magnoliaceae,Unknown,family,0.003,0.003,0.2,0.03,0.2,0.4,0.03,0.05,0.06,0.04,1.6,0.4,0.7,0.4,1.2,0.1,0.2,0.04,1,0.5,0.8,0.3,0.4,,
Mahonia,barberry,Mahonia,Berberidaceae,Shrub,genus,6,0.01,0.4,0.3,0.18,0.25,0.03,0.05,0.06,0.04,1.4,0.4,0.7,0.4,1.2,0.1,0.2,0.04,1,0.5,0.8,0.3,0.4,,
Mahonia aquifolium,hollyleaved barberry,Mahonia,Berberidaceae,Shrub,species,6,0.01,0.4,0.3,0.18,0.25,0.03,0.05,0.06,0.04,1.4,0.4,0.7,0.4,1.2,0.1,0.2,0.04,1,0.5,0.8,0.3,0.4,,
Mahonia converta,,Mahonia,Berberidaceae,Unknown,species,8,0.01,0.4,0.3,0.18,0.25,0.03,0.05,0.06,0.04,1.4,0.4,0.7,0.4,1.2,0.1,0.2,0.04,1,0.5,0.8,0.3,0.4,,
Malaleuca leucadendron,,Malaleuca,TBD,Unknown,species,6,0.01,0.4,0.3,0.18,0.25,0.03,0.05,0.06,0.04,1.4,0.4,0.7,0.4,1.2,0.1,0.2,0.04,1,0.5,0.8,0.3,0.4,,
Malaleuca linariifolia,,Malaleuca,TBD,Unknown,species,6,0.01,0.4,0.3,0.18,0.25,0.03,0.05,0.06,0.04,1.4,0.4,0.7,0.4,1.2,0.1,0.2,0.04,1,0.5,0.8,0.3,0.4,,
Malaleuca quinquenervia,,Malaleuca,TBD,Unknown,species,6,0.01,0.4,0.3,0.18,0.25,0.03,0.05,0.06,0.04,1.4,0.4,0.7,0.4,1.2,0.1,0.2,0.04,1,0.5,0.8,0.3,0.4,,
Mallotus,mallotus,Mallotus,Euphorbiaceae,Btr,genus,6,0.01,0.4,0.3,0.18,0.25,0.03,0.05,0.06,0.04,1.4,0.4,0.7,0.4,1.2,0.1,0.2,0.04,1,0.5,0.8,0.3,0.4,,
Mallotus oppositifolius,,Mallotus,Euphorbiaceae,Unknown,species,6,0.01,0.4,0.3,0.18,0.25,0.03,0.05,0.06,0.04,1.4,0.4,0.7,0.4,1.2,0.1,0.2,0.04,1,0.5,0.8,0.3,0.4,,
Mallotus paniculatis,,Mallotus,Euphorbiaceae,Unknown,species,6,0.01,0.4,0.3,0.18,0.25,0.03,0.05,0.06,0.04,1.4,0.4,0.7,0.4,1.2,0.1,0.2,0.04,1,0.5,0.8,0.3,0.4,,
Malosma laurina,laurel sumac,Malosma,Anacardiaceae,Btr,species,6,0.01,0.4,0.3,0.18,0.25,0.03,0.05,0.06,0.04,1.4,0.4,0.7,0.4,1.2,0.1,0.2,0.04,1,0.5,0.8,0.3,0.4,,
Malouetia heudelotii,,Malouetia,TBD,Unknown,species,6,0.01,0.4,0.3,0.18,0.25,0.03,0.05,0.06,0.04,1.4,0.4,0.7,0.4,1.2,0.1,0.2,0.04,1,0.5,0.8,0.3,0.4,,
Malpighiaceae,,Malpighiaceae,Malpighiaceae,Unknown,family,6,0.01,0.4,0.3,0.18,0.25,0.03,0.05,0.06,0.04,1.4,0.4,0.7,0.4,1.2,0.1,0.2,0.04,1,0.5,0.8,0.3,0.4,,
Malus,apple,Malus,Rosaceae,Btr,genus,0.003,0.003,0.04,0.3,0.03,0.04,0.03,0.05,0.06,0.04,1.6,0.4,0.7,0.4,1.2,0.1,0.2,0.04,1,0.5,0.8,0.3,0.4,,
Malus domestica,,Malus,Rosaceae,Unknown,species,0.003,0.003,0.04,0.3,0.03,0.04,0.03,0.05,0.06,0.04,1.6,0.4,0.7,0.4,1.2,0.1,0.2,0.04,1,0.5,0.8,0.3,0.4,,
Malus floribunda,Japanese flowering crab apple,Malus,Rosaceae,Btr,species,0.003,0.003,0.04,0.3,0.03,0.04,0.03,0.05,0.06,0.04,1.6,0.4,0.7,0.4,1.2,0.1,0.2,0.04,1,0.5,0.8,0.3,0.4,,
Malus ioensis,prairie crab apple,Malus,Rosaceae,Btr,species,0.003,0.003,0.04,0.3,0.03,0.04,0.03,0.05,0.06,0.04,1.6,0.4,0.7,0.4,1.2,0.1,0.2,0.04,1,0.5,0.8,0.3,0.4,,
Malus pumila,paradise apple,Malus,Rosaceae,Btr,species,0.003,0.003,0.04,0.3,0.03,0.04,0.03,0.05,0.06,0.04,1.6,0.4,0.7,0.4,1.2,0.1,0.2,0.04,1,0.5,0.8,0.3,0.4,,
Malus sylvestris,European crab apple,Malus,Rosaceae,Btr,species,0.003,0.003,0.04,0.3,0.03,0.04,0.03,0.05,0.06,0.04,1.6,0.4,0.7,0.4,1.2,0.1,0.2,0.04,1,0.5,0.8,0.3,0.4,,
Malvaceae,,Malvaceae,Malvaceae,Unknown,family,6,0.01,0.4,0.3,0.18,0.25,0.03,0.05,0.06,0.04,1.4,0.4,0.7,0.4,1.2,0.1,0.2,0.04,1,0.5,0.8,0.3,0.4,,
Malvaviscus arboreus,wax mallow,Malvaviscus,Malvaceae,Shrub,species,6,0.01,0.4,0.3,0.18,0.25,0.03,0.05,0.06,0.04,1.4,0.4,0.7,0.4,1.2,0.1,0.2,0.04,1,0.5,0.8,0.3,0.4,,
Mangifera indica,mango,Mangifera,Anacardiaceae,Btr,species,8,0.01,0.4,0.3,0.18,0.25,0.03,0.05,0.06,0.04,1.4,0.4,0.7,0.4,1.2,0.1,0.2,0.04,1,0.5,0.8,0.3,0.4,,
Mangifera sylvatica,,Mangifera,Anacardiaceae,Unknown,species,8,0.01,0.4,0.3,0.18,0.25,0.03,0.05,0.06,0.04,1.4,0.4,0.7,0.4,1.2,0.1,0.2,0.04,1,0.5,0.8,0.3,0.4,,
Manglietia insignis,,Manglietia,TBD,Unknown,species,6,0.01,0.4,0.3,0.18,0.25,0.03,0.05,0.06,0.04,1.4,0.4,0.7,0.4,1.2,0.1,0.2,0.04,1,0.5,0.8,0.3,0.4,,
Manglietia wangii,,Manglietia,TBD,Unknown,species,6,0.01,0.4,0.3,0.18,0.25,0.03,0.05,0.06,0.04,1.4,0.4,0.7,0.4,1.2,0.1,0.2,0.04,1,0.5,0.8,0.3,0.4,,
Manihot ultissima,,Manihot,Euphorbiaceae,Unknown,species,6,0.01,0.4,0.3,0.18,0.25,0.03,0.05,0.06,0.04,1.4,0.4,0.7,0.4,1.2,0.1,0.2,0.04,1,0.5,0.8,0.3,0.4,,
Manilkara amazonica,,Manilkara,Sapotaceae,Unknown,species,6,0.01,0.4,0.3,0.18,0.25,0.03,0.05,0.06,0.04,1.4,0.4,0.7,0.4,1.2,0.1,0.2,0.04,1,0.5,0.8,0.3,0.4,,
Manilkara bidentata,bulletwood,Manilkara,Sapotaceae,Btr,species,6,0.01,0.4,0.3,0.18,0.25,0.03,0.05,0.06,0.04,1.4,0.4,0.7,0.4,1.2,0.1,0.2,0.04,1,0.5,0.8,0.3,0.4,,
Manilkara fouilloyana,,Manilkara,Sapotaceae,Unknown,species,6,0.01,0.4,0.3,0.18,0.25,0.03,0.05,0.06,0.04,1.4,0.4,0.7,0.4,1.2,0.1,0.2,0.04,1,0.5,0.8,0.3,0.4,,
Manilkara letouzeyi,,Manilkara,Sapotaceae,Unknown,species,6,0.01,0.4,0.3,0.18,0.25,0.03,0.05,0.06,0.04,1.4,0.4,0.7,0.4,1.2,0.1,0.2,0.04,1,0.5,0.8,0.3,0.4,,
Manilkara mochisia,,Manilkara,Sapotaceae,Unknown,species,6,0.01,0.4,0.3,0.18,0.25,0.03,0.05,0.06,0.04,1.4,0.4,0.7,0.4,1.2,0.1,0.2,0.04,1,0.5,0.8,0.3,0.4,,
Manilkara zapota,sapodilla,Manilkara,Sapotaceae,Btr,species,6,0.01,0.4,0.3,0.18,0.25,0.03,0.05,0.06,0.04,1.4,0.4,0.7,0.4,1.2,0.1,0.2,0.04,1,0.5,0.8,0.3,0.4,,
Manniophyton fulvum,,Manniophyton,TBD,Unknown,species,6,0.01,0.4,0.3,0.18,0.25,0.03,0.05,0.06,0.04,1.4,0.4,0.7,0.4,1.2,0.1,0.2,0.04,1,0.5,0.8,0.3,0.4,,
Mansonia altissima,,Mansonia,TBD,Unknown,species,6,0.01,0.4,0.3,0.18,0.25,0.03,0.05,0.06,0.04,1.4,0.4,0.7,0.4,1.2,0.1,0.2,0.04,1,0.5,0.8,0.3,0.4,,
Marantochloa mannii,,Marantochloa,Marantaceae,Unknown,species,6,0.01,0.4,0.3,0.18,0.25,0.03,0.05,0.06,0.04,1.4,0.4,0.7,0.4,1.2,0.1,0.2,0.04,1,0.5,0.8,0.3,0.4,,
Marchantia polymorpha,,Marchantia,TBD,Unknown,species,6,0.01,0.4,0.3,0.18,0.25,0.03,0.05,0.06,0.04,1.4,0.4,0.7,0.4,1.2,0.1,0.2,0.04,1,0.5,0.8,0.3,0.4,,
Marila laxiflora,,Marila,TBD,Unknown,species,6,0.01,0.4,0.3,0.18,0.25,0.03,0.05,0.06,0.04,1.4,0.4,0.7,0.4,1.2,0.1,0.2,0.04,1,0.5,0.8,0.3,0.4,,
Markhamia lutea,siala,Markhamia,Bignoniaceae,Unknown,species,6,0.01,0.4,0.3,0.18,0.25,0.03,0.05,0.06,0.04,1.4,0.4,0.7,0.4,1.2,0.1,0.2,0.04,1,0.5,0.8,0.3,0.4,,
Markhamia tomentosa,,Markhamia,Bignoniaceae,Unknown,species,6,0.01,0.4,0.3,0.18,0.25,0.03,0.05,0.06,0.04,1.4,0.4,0.7,0.4,1.2,0.1,0.2,0.04,1,0.5,0.8,0.3,0.4,,
Markhamia zanzibarica,,Markhamia,Bignoniaceae,Unknown,species,6,0.01,0.4,0.3,0.18,0.25,0.03,0.05,0.06,0.04,1.4,0.4,0.7,0.4,1.2,0.1,0.2,0.04,1,0.5,0.8,0.3,0.4,,
Marsilea,waterclover,Marsilea,Marsileaceae,Herb,genus,6,0.01,0.4,0.3,0.18,0.25,0.03,0.05,0.06,0.04,1.4,0.4,0.7,0.4,1.2,0.1,0.2,0.04,1,0.5,0.8,0.3,0.4,,
Mattuccia struthiopteris,,Mattuccia,TBD,Unknown,species,6,0.01,0.4,0.3,0.18,0.25,0.03,0.05,0.06,0.04,1.4,0.4,0.7,0.4,1.2,0.1,0.2,0.04,1,0.5,0.8,0.3,0.4,,
Mayodendron igneum,,Mayodendron,TBD,Unknown,species,6,0.01,0.4,0.3,0.18,0.25,0.03,0.05,0.06,0.04,1.4,0.4,0.7,0.4,1.2,0.1,0.2,0.04,1,0.5,0.8,0.3,0.4,,
Maytenus boaria,mayten,Maytenus,Celastraceae,Btr,species,6,0.01,0.4,0.3,0.18,0.25,0.03,0.05,0.06,0.04,1.4,0.4,0.7,0.4,1.2,0.1,0.2,0.04,1,0.5,0.8,0.3,0.4,,
Maytenus heterophylla,,Maytenus,Celastraceae,Unknown,species,6,0.01,0.4,0.3,0.18,0.25,0.03,0.05,0.06,0.04,1.4,0.4,0.7,0.4,1.2,0.1,0.2,0.04,1,0.5,0.8,0.3,0.4,,
Maytenus hookeri,,Maytenus,Celastraceae,Unknown,species,6,0.01,0.4,0.3,0.18,0.25,0.03,0.05,0.06,0.04,1.4,0.4,0.7,0.4,1.2,0.1,0.2,0.04,1,0.5,0.8,0.3,0.4,,
Maytenus undata,,Maytenus,Celastraceae,Unknown,species,6,0.01,0.4,0.3,0.18,0.25,0.03,0.05,0.06,0.04,1.4,0.4,0.7,0.4,1.2,0.1,0.2,0.04,1,0.5,0.8,0.3,0.4,,
Medicago,alfalfa,Medicago,Fabaceae,Herb,genus,6,0.01,0.4,0.3,0.18,0.25,0.03,0.05,0.06,0.04,1.4,0.4,0.7,0.4,1.2,0.1,0.2,0.04,1,0.5,0.8,0.3,0.4,,
Medicago sativa,alfalfa,Medicago,Fabaceae,Herb,species,6,0.01,0.4,0.3,0.18,0.25,0.03,0.05,0.06,0.04,1.4,0.4,0.7,0.4,1.2,0.1,0.2,0.04,1,0.5,0.8,0.3,0.4,,
Megaphrynium macrostachyeum,,Megaphrynium,TBD,Unknown,species,6,0.01,0.4,0.3,0.18,0.25,0.03,0.05,0.06,0.04,1.4,0.4,0.7,0.4,1.2,0.1,0.2,0.04,1,0.5,0.8,0.3,0.4,,
Melaleuca,melaleuca,Melaleuca,Myrtaceae,Btr,genus,16,0.003,0.4,0.25,0.1,0.3,0.03,0.05,0.06,0.04,1.6,0.4,0.7,0.4,1.2,0.1,0.2,0.04,1,0.5,0.8,0.3,0.4,,
Melaleuca armillaris,,Melaleuca,Myrtaceae,Btr,species,16,0.003,0.4,0.25,0.1,0.3,0.03,0.05,0.06,0.04,1.6,0.4,0.7,0.4,1.2,0.1,0.2,0.04,1,0.5,0.8,0.3,0.4,,
Melaleuca citrina,,Melaleuca,Myrtaceae,Btr,species,16,0.003,0.4,0.25,0.1,0.3,0.03,0.05,0.06,0.04,1.6,0.4,0.7,0.4,1.2,0.1,0.2,0.04,1,0.5,0.8,0.3,0.4,,
Melaleuca decora,melaleuca,Melaleuca,Myrtaceae,Btr,species,16,0.003,0.4,0.25,0.1,0.3,0.03,0.05,0.06,0.04,1.6,0.4,0.7,0.4,1.2,0.1,0.2,0.04,1,0.5,0.8,0.3,0.4,,
Melaleuca decussata,melaleuca,Melaleuca,Myrtaceae,Btr,species,16,0.003,0.4,0.25,0.1,0.3,0.03,0.05,0.06,0.04,1.6,0.4,0.7,0.4,1.2,0.1,0.2,0.04,1,0.5,0.8,0.3,0.4,,
Melaleuca ericifolia,swamp paperbark,Melaleuca,Myrtaceae,Unknown,species,16,0.003,0.4,0.25,0.1,0.3,0.03,0.05,0.06,0.04,1.6,0.4,0.7,0.4,1.2,0.1,0.2,0.04,1,0.5,0.8,0.3,0.4,,
Melaleuca leucadendra,,Melaleuca,Myrtaceae,Btr,species,16,0.003,0.4,0.25,0.1,0.3,0.03,0.05,0.06,0.04,1.6,0.4,0.7,0.4,1.2,0.1,0.2,0.04,1,0.5,0.8,0.3,0.4,,
Melaleuca linariifolia,cajeput tree,Melaleuca,Myrtaceae,Btr,species,16,0.003,0.4,0.25,0.1,0.3,0.03,0.05,0.06,0.04,1.6,0.4,0.7,0.4,1.2,0.1,0.2,0.04,1,0.5,0.8,0.3,0.4,,
Melaleuca nesophila,,Melaleuca,Myrtaceae,Unknown,species,16,0.003,0.4,0.25,0.1,0.3,0.03,0.05,0.06,0.04,1.6,0.4,0.7,0.4,1.2,0.1,0.2,0.04,1,0.5,0.8,0.3,0.4,,
Melaleuca quinquenervia,punktree,Melaleuca,Myrtaceae,Btr,species,16,0.003,0.4,0.25,0.1,0.3,0.03,0.05,0.06,0.04,1.6,0.4,0.7,0.4,1.2,0.1,0.2,0.04,1,0.5,0.8,0.3,0.4,,
Melaleuca styphelioides,prickly-leaf teatree,Melaleuca,Myrtaceae,Unknown,species,16,0.003,0.4,0.25,0.1,0.3,0.03,0.05,0.06,0.04,1.6,0.4,0.7,0.4,1.2,0.1,0.2,0.04,1,0.5,0.8,0.3,0.4,,
Melaleuca viminalis,,Melaleuca,Myrtaceae,Btr,species,16,0.003,0.4,0.25,0.1,0.3,0.03,0.05,0.06,0.04,1.6,0.4,0.7,0.4,1.2,0.1,0.2,0.04,1,0.5,0.8,0.3,0.4,,
Melia,melia,Melia,Meliaceae,Btr,genus,0.003,0.003,0.03,0.03,0.03,0.03,0.03,0.05,0.06,0.04,1.6,0.4,0.7,0.4,1.2,0.1,0.2,0.04,1,0.5,0.8,0.3,0.4,,
Melia azedarach,Chinaberrytree,Melia,Meliaceae,Btr,species,0.003,0.003,0.03,0.03,0.03,0.03,0.03,0.05,0.06,0.04,1.6,0.4,0.7,0.4,1.2,0.1,0.2,0.04,1,0.5,0.8,0.3,0.4,,
Melia toosenden,,Melia,Meliaceae,Unknown,species,0.003,0.003,0.03,0.03,0.03,0.03,0.03,0.05,0.06,0.04,1.6,0.4,0.7,0.4,1.2,0.1,0.2,0.04,1,0.5,0.8,0.3,0.4,,
Meliaceae,,Meliaceae,Meliaceae,Unknown,family,0.003,0.003,0.03,0.03,0.03,0.03,0.03,0.05,0.06,0.04,1.6,0.4,0.7,0.4,1.2,0.1,0.2,0.04,1,0.5,0.8,0.3,0.4,,
Meliosma,meliosma,Meliosma,Sabiaceae,Btr,genus,6,0.01,0.4,0.3,0.18,0.25,0.03,0.05,0.06,0.04,1.4,0.4,0.7,0.4,1.2,0.1,0.2,0.04,1,0.5,0.8,0.3,0.4,,
Mentha,mint,Mentha,Lamiaceae,Herb,genus,6,0.01,0.4,0.3,0.18,0.25,0.03,0.05,0.06,0.04,1.4,0.4,0.7,0.4,1.2,0.1,0.2,0.04,1,0.5,0.8,0.3,0.4,,
Metasequoia,dawn redwood,Metasequoia,Cupressaceae,Ntr,genus,6,0.01,0.4,0.3,0.18,0.25,0.03,0.05,0.06,0.04,1.4,0.4,0.7,0.4,1.2,0.1,0.2,0.04,1,0.5,0.8,0.3,0.4,,
Metasequoia glyptostroboides,dawn redwood,Metasequoia,Cupressaceae,Ntr,species,6,0.01,0.4,0.3,0.18,0.25,0.03,0.05,0.06,0.04,1.4,0.4,0.7,0.4,1.2,0.1,0.2,0.04,1,0.5,0.8,0.3,0.4,,
Metopium toxiferum,Florida poisontree,Metopium,Anacardiaceae,Btr,species,1,0.003,0.3,0.2,0.2,0.1,0.03,0.05,0.06,0.04,1.6,0.4,0.7,0.4,1.2,0.1,0.2,0.04,1,0.5,0.8,0.3,0.4,,
Metrosideros collina,,Metrosideros,Myrtaceae,Btr,species,6,0.01,0.4,0.3,0.18,0.25,0.03,0.05,0.06,0.04,1.4,0.4,0.7,0.4,1.2,0.1,0.2,0.04,1,0.5,0.8,0.3,0.4,,
Metrosideros excelsa,,Metrosideros,Myrtaceae,Unknown,species,6,0.01,0.4,0.3,0.18,0.25,0.03,0.05,0.06,0.04,1.4,0.4,0.7,0.4,1.2,0.1,0.2,0.04,1,0.5,0.8,0.3,0.4,,
Metrosideros excelsus,,Metrosideros,Myrtaceae,Btr,species,6,0.01,0.4,0.3,0.18,0.25,0.03,0.05,0.06,0.04,1.4,0.4,0.7,0.4,1.2,0.1,0.2,0.04,1,0.5,0.8,0.3,0.4,,
Metrosideros kermadecensis,,Metrosideros,Myrtaceae,Unknown,species,6,0.01,0.4,0.3,0.18,0.25,0.03,0.05,0.06,0.04,1.4,0.4,0.7,0.4,1.2,0.1,0.2,0.04,1,0.5,0.8,0.3,0.4,,
Michelia champaca,michelia,Michelia,Magnoliaceae,Unknown,species,6,0.01,0.4,0.3,0.18,0.25,0.03,0.05,0.06,0.04,1.4,0.4,0.7,0.4,1.2,0.1,0.2,0.04,1,0.5,0.8,0.3,0.4,,
Michelia doltsopa,sweet michelia,Michelia,Magnoliaceae,Unknown,species,6,0.01,0.4,0.3,0.18,0.25,0.03,0.05,0.06,0.04,1.4,0.4,0.7,0.4,1.2,0.1,0.2,0.04,1,0.5,0.8,0.3,0.4,,
Miconia,johnnyberry,Miconia,Melastomataceae,Btr,genus,6,0.01,0.4,0.3,0.18,0.25,0.03,0.05,0.06,0.04,1.4,0.4,0.7,0.4,1.2,0.1,0.2,0.04,1,0.5,0.8,0.3,0.4,,
Miconia impetiolaris,camasey de costilla,Miconia,Melastomataceae,Btr,species,6,0.01,0.4,0.3,0.18,0.25,0.03,0.05,0.06,0.04,1.4,0.4,0.7,0.4,1.2,0.1,0.2,0.04,1,0.5,0.8,0.3,0.4,,
Microcos nervosa,,Microcos,TBD,Unknown,species,6,0.01,0.4,0.3,0.18,0.25,0.03,0.05,0.06,0.04,1.4,0.4,0.7,0.4,1.2,0.1,0.2,0.04,1,0.5,0.8,0.3,0.4,,
Mikania leiostachya,,Mikania,Asteraceae,Unknown,species,6,0.01,0.4,0.3,0.18,0.25,0.03,0.05,0.06,0.04,1.4,0.4,0.7,0.4,1.2,0.1,0.2,0.04,1,0.5,0.8,0.3,0.4,,
Milletia leptobotrya,,Milletia,TBD,Unknown,species,6,0.01,0.4,0.3,0.18,0.25,0.03,0.05,0.06,0.04,1.4,0.4,0.7,0.4,1.2,0.1,0.2,0.04,1,0.5,0.8,0.3,0.4,,
Milletia pulchra,,Milletia,TBD,Unknown,species,6,0.01,0.4,0.3,0.18,0.25,0.03,0.05,0.06,0.04,1.4,0.4,0.7,0.4,1.2,0.1,0.2,0.04,1,0.5,0.8,0.3,0.4,,
Millettia,,Millettia,Fabaceae,Btr,genus,6,0.01,0.4,0.3,0.18,0.25,0.03,0.05,0.06,0.04,1.4,0.4,0.7,0.4,1.2,0.1,0.2,0.04,1,0.5,0.8,0.3,0.4,,
Millettia sanagana,,Millettia,Fabaceae,Unknown,species,6,0.01,0.4,0.3,0.18,0.25,0.03,0.05,0.06,0.04,1.4,0.4,0.7,0.4,1.2,0.1,0.2,0.04,1,0.5,0.8,0.3,0.4,,
Mimosa biuncifera,,Mimosa,Fabaceae,Unknown,species,0.003,0.003,0.15,0.15,0.08,0.15,0.03,0.05,0.06,0.04,1.6,0.4,0.7,0.4,1.2,0.1,0.2,0.04,1,0.5,0.8,0.3,0.4,,
Mimosa borealis,fragrant mimosa,Mimosa,Fabaceae,Shrub,species,0.003,0.003,0.15,0.15,0.08,0.15,0.03,0.05,0.06,0.04,1.6,0.4,0.7,0.4,1.2,0.1,0.2,0.04,1,0.5,0.8,0.3,0.4,,
Mimosa microphylla,littleleaf sensitive-briar,Mimosa,Fabaceae,Shrub,species,0.003,0.003,0.15,0.15,0.08,0.15,0.03,0.05,0.06,0.04,1.6,0.4,0.7,0.4,1.2,0.1,0.2,0.04,1,0.5,0.8,0.3,0.4,,
Mimosa pudica,shameplant,Mimosa,Fabaceae,Herb,species,6,0.01,0.4,0.3,0.18,0.25,0.03,0.05,0.06,0.04,1.4,0.4,0.7,0.4,1.2,0.1,0.2,0.04,1,0.5,0.8,0.3,0.4,,
Miscanthus,silvergrass,Miscanthus,Poaceae,Herb,genus,6,0.01,0.4,0.3,0.18,0.25,0.03,0.05,0.06,0.04,1.4,0.4,0.7,0.4,1.2,0.1,0.2,0.04,1,0.5,0.8,0.3,0.4,,
Miscanthus x giganteus,giant miscanthus,Miscanthus,Poaceae,Herb,species,6,0.01,0.4,0.3,0.18,0.25,0.03,0.05,0.06,0.04,1.4,0.4,0.7,0.4,1.2,0.1,0.2,0.04,1,0.5,0.8,0.3,0.4,,
Mitrephora wangii,,Mitrephora,TBD,Unknown,species,6,0.01,0.4,0.3,0.18,0.25,0.03,0.05,0.06,0.04,1.4,0.4,0.7,0.4,1.2,0.1,0.2,0.04,1,0.5,0.8,0.3,0.4,,
Molinia caerulea,purple moorgrass,Molinia,Poaceae,Herb,species,6,0.01,0.4,0.3,0.18,0.25,0.03,0.05,0.06,0.04,1.4,0.4,0.7,0.4,1.2,0.1,0.2,0.04,1,0.5,0.8,0.3,0.4,,
Monodora myristica,calabash nutmeg,Monodora,Annonaceae,Unknown,species,6,0.01,0.4,0.3,0.18,0.25,0.03,0.05,0.06,0.04,1.4,0.4,0.7,0.4,1.2,0.1,0.2,0.04,1,0.5,0.8,0.3,0.4,,
Montanoa arborescens,montanoa,Montanoa,Asteraceae,Btr,species,6,0.01,0.4,0.3,0.18,0.25,0.03,0.05,0.06,0.04,1.4,0.4,0.7,0.4,1.2,0.1,0.2,0.04,1,0.5,0.8,0.3,0.4,,
Moraceae,,Moraceae,Moraceae,Unknown,family,6,0.01,0.4,0.3,0.18,0.25,0.03,0.05,0.06,0.04,1.4,0.4,0.7,0.4,1.2,0.1,0.2,0.04,1,0.5,0.8,0.3,0.4,,
Morella californica,California wax myrtle,Morella,Myricaceae,Btr,species,0.003,0.003,0.15,0.2,0.08,0.12,0.03,0.05,0.06,0.04,1.6,0.4,0.7,0.4,1.2,0.1,0.2,0.04,1,0.5,0.8,0.3,0.4,,
Morinda angustifolia,,Morinda,Rubiaceae,Unknown,species,6,0.01,0.4,0.3,0.18,0.25,0.03,0.05,0.06,0.04,1.4,0.4,0.7,0.4,1.2,0.1,0.2,0.04,1,0.5,0.8,0.3,0.4,,
Morinda lucida,,Morinda,Rubiaceae,Unknown,species,6,0.01,0.4,0.3,0.18,0.25,0.03,0.05,0.06,0.04,1.4,0.4,0.7,0.4,1.2,0.1,0.2,0.04,1,0.5,0.8,0.3,0.4,,
Morus,mulberry,Morus,Moraceae,Btr,genus,0.003,0.003,0.1,0.1,0.06,0.1,0.03,0.05,0.06,0.04,1.6,0.4,0.7,0.4,1.2,0.1,0.2,0.04,1,0.5,0.8,0.3,0.4,,
Morus alba,white mulberry,Morus,Moraceae,Btr,species,0.003,0.003,0.1,0.1,0.06,0.1,0.03,0.05,0.06,0.04,1.6,0.4,0.7,0.4,1.2,0.1,0.2,0.04,1,0.5,0.8,0.3,0.4,,
Morus cathayana,,Morus,Moraceae,Unknown,species,0.003,0.003,0.1,0.1,0.06,0.1,0.03,0.05,0.06,0.04,1.6,0.4,0.7,0.4,1.2,0.1,0.2,0.04,1,0.5,0.8,0.3,0.4,,
Morus macroura,,Morus,Moraceae,Unknown,species,0.003,0.003,0.1,0.1,0.06,0.1,0.03,0.05,0.06,0.04,1.6,0.4,0.7,0.4,1.2,0.1,0.2,0.04,1,0.5,0.8,0.3,0.4,,
Morus nigra,black mulberry,Morus,Moraceae,Btr,species,0.003,0.003,0.1,0.1,0.06,0.1,0.03,0.05,0.06,0.04,1.6,0.4,0.7,0.4,1.2,0.1,0.2,0.04,1,0.5,0.8,0.3,0.4,,
Morus rubra,red mulberry,Morus,Moraceae,Btr,species,0.003,0.003,0.1,0.1,0.06,0.1,0.03,0.05,0.06,0.04,1.6,0.4,0.7,0.4,1.2,0.1,0.2,0.04,1,0.5,0.8,0.3,0.4,,
Mucuna,mucuna,Mucuna,Fabaceae,Shrub,genus,8,0.01,0.4,0.3,0.18,0.25,0.03,0.05,0.06,0.04,1.4,0.4,0.7,0.4,1.2,0.1,0.2,0.04,1,0.5,0.8,0.3,0.4,,
Mucuna pruriens,cowitch,Mucuna,Fabaceae,Shrub,species,8,0.01,0.4,0.3,0.18,0.25,0.03,0.05,0.06,0.04,1.4,0.4,0.7,0.4,1.2,0.1,0.2,0.04,1,0.5,0.8,0.3,0.4,,
Mundulea sericea,,Mundulea,TBD,Unknown,species,6,0.01,0.4,0.3,0.18,0.25,0.03,0.05,0.06,0.04,1.4,0.4,0.7,0.4,1.2,0.1,0.2,0.04,1,0.5,0.8,0.3,0.4,,
Murraya paniculata,murraya,Murraya,Rutaceae,Btr,species,6,0.01,0.4,0.3,0.18,0.25,0.03,0.05,0.06,0.04,1.4,0.4,0.7,0.4,1.2,0.1,0.2,0.04,1,0.5,0.8,0.3,0.4,,
Musa,banana,Musa,Musaceae,Btr,genus,6,0.01,0.4,0.3,0.18,0.25,0.03,0.05,0.06,0.04,1.4,0.4,0.7,0.4,1.2,0.1,0.2,0.04,1,0.5,0.8,0.3,0.4,,
Musa acuminata,edible banana,Musa,Musaceae,Btr,species,6,0.01,0.4,0.3,0.18,0.25,0.03,0.05,0.06,0.04,1.4,0.4,0.7,0.4,1.2,0.1,0.2,0.04,1,0.5,0.8,0.3,0.4,,
Musa ensete,,Musa,Musaceae,Unknown,species,6,0.01,0.4,0.3,0.18,0.25,0.03,0.05,0.06,0.04,1.4,0.4,0.7,0.4,1.2,0.1,0.2,0.04,1,0.5,0.8,0.3,0.4,,
Musa sapientum,,Musa,Musaceae,Unknown,species,6,0.01,0.4,0.3,0.18,0.25,0.03,0.05,0.06,0.04,1.4,0.4,0.7,0.4,1.2,0.1,0.2,0.04,1,0.5,0.8,0.3,0.4,,
Musa x paradisiaca,French plantain,Musa,Musaceae,Btr,species,6,0.01,0.4,0.3,0.18,0.25,0.03,0.05,0.06,0.04,1.4,0.4,0.7,0.4,1.2,0.1,0.2,0.04,1,0.5,0.8,0.3,0.4,,
Musanga cecropioides,,Musanga,Moraceae,Unknown,species,6,0.01,0.4,0.3,0.18,0.25,0.03,0.05,0.06,0.04,1.4,0.4,0.7,0.4,1.2,0.1,0.2,0.04,1,0.5,0.8,0.3,0.4,,
Myoporum laetum,ngaio tree,Myoporum,Myoporaceae,Btr,species,6,0.01,0.4,0.3,0.18,0.25,0.03,0.05,0.06,0.04,1.4,0.4,0.7,0.4,1.2,0.1,0.2,0.04,1,0.5,0.8,0.3,0.4,,
Myrcia,rodwood,Myrcia,Myrtaceae,Btr,genus,6,0.01,0.4,0.3,0.18,0.25,0.03,0.05,0.06,0.04,1.4,0.4,0.7,0.4,1.2,0.1,0.2,0.04,1,0.5,0.8,0.3,0.4,,
Myrcia suruata,,Myrcia,Myrtaceae,Unknown,species,6,0.01,0.4,0.3,0.18,0.25,0.03,0.05,0.06,0.04,1.4,0.4,0.7,0.4,1.2,0.1,0.2,0.04,1,0.5,0.8,0.3,0.4,,
Myrianthus arboreus,,Myrianthus,TBD,Unknown,species,6,0.01,0.4,0.3,0.18,0.25,0.03,0.05,0.06,0.04,1.4,0.4,0.7,0.4,1.2,0.1,0.2,0.04,1,0.5,0.8,0.3,0.4,,
Myrica,sweetgale,Myrica,Myricaceae,Shrub,genus,6,0.003,0.15,0.2,0.08,0.12,0.03,0.05,0.06,0.04,1.6,0.4,0.7,0.4,1.2,0.1,0.2,0.04,1,0.5,0.8,0.3,0.4,,
Myrica aspleniifolia,,Myrica,Myricaceae,Unknown,species,6,0.003,0.15,0.2,0.08,0.12,0.03,0.05,0.06,0.04,1.6,0.4,0.7,0.4,1.2,0.1,0.2,0.04,1,0.5,0.8,0.3,0.4,,
Myrica californica,,Myrica,Myricaceae,Unknown,species,6,0.003,0.15,0.2,0.08,0.12,0.03,0.05,0.06,0.04,1.6,0.4,0.7,0.4,1.2,0.1,0.2,0.04,1,0.5,0.8,0.3,0.4,,
Myrica cerifera,,Myrica,Myricaceae,Unknown,species,6,0.003,0.15,0.2,0.08,0.12,0.03,0.05,0.06,0.04,1.6,0.4,0.7,0.4,1.2,0.1,0.2,0.04,1,0.5,0.8,0.3,0.4,,
Myrica mexicana,,Myrica,Myricaceae,Unknown,species,6,0.003,0.15,0.2,0.08,0.12,0.03,0.05,0.06,0.04,1.6,0.4,0.7,0.4,1.2,0.1,0.2,0.04,1,0.5,0.8,0.3,0.4,,
Myrica pensylvanica,,Myrica,Myricaceae,Unknown,species,6,0.003,0.15,0.2,0.08,0.12,0.03,0.05,0.06,0.04,1.6,0.4,0.7,0.4,1.2,0.1,0.2,0.04,1,0.5,0.8,0.3,0.4,,
Myricaceae,,Myricaceae,Myricaceae,Unknown,family,6,0.01,0.4,0.3,0.18,0.25,0.03,0.05,0.06,0.04,1.4,0.4,0.7,0.4,1.2,0.1,0.2,0.04,1,0.5,0.8,0.3,0.4,,
Myristica fragrans,nutmeg,Myristica,Myristicaceae,Btr,species,6,0.01,0.4,0.3,0.18,0.25,0.03,0.05,0.06,0.04,1.4,0.4,0.7,0.4,1.2,0.1,0.2,0.04,1,0.5,0.8,0.3,0.4,,
Myristica yunnanensis,,Myristica,Myristicaceae,Unknown,species,6,0.01,0.4,0.3,0.18,0.25,0.03,0.05,0.06,0.04,1.4,0.4,0.7,0.4,1.2,0.1,0.2,0.04,1,0.5,0.8,0.3,0.4,,
Myrsine africana,,Myrsine,Myrsinaceae,Unknown,species,6,0.01,0.4,0.3,0.18,0.25,0.03,0.05,0.06,0.04,1.4,0.4,0.7,0.4,1.2,0.1,0.2,0.04,1,0.5,0.8,0.3,0.4,,
Myrtaceae,,Myrtaceae,Myrtaceae,Unknown,family,6,0.01,0.4,0.3,0.18,0.25,0.03,0.05,0.06,0.04,1.4,0.4,0.7,0.4,1.2,0.1,0.2,0.04,1,0.5,0.8,0.3,0.4,,
Myrtica cerifera,,Myrtica,TBD,Unknown,species,6,0.01,0.4,0.3,0.18,0.25,0.03,0.05,0.06,0.04,1.4,0.4,0.7,0.4,1.2,0.1,0.2,0.04,1,0.5,0.8,0.3,0.4,,
Myrtus,myrtus,Myrtus,Myrtaceae,Unknown,genus,6,0.01,0.4,0.3,0.18,0.25,0.03,0.05,0.06,0.04,1.4,0.4,0.7,0.4,1.2,0.1,0.2,0.04,1,0.5,0.8,0.3,0.4,,
Myrtus communis,myrtle,Myrtus,Myrtaceae,Unknown,species,6,0.01,0.4,0.3,0.18,0.25,0.03,0.05,0.06,0.04,1.4,0.4,0.7,0.4,1.2,0.1,0.2,0.04,1,0.5,0.8,0.3,0.4,,
Myrtus pedunculata,,Myrtus,Myrtaceae,Unknown,species,6,0.01,0.4,0.3,0.18,0.25,0.03,0.05,0.06,0.04,1.4,0.4,0.7,0.4,1.2,0.1,0.2,0.04,1,0.5,0.8,0.3,0.4,,
Nageia nagi,,Nageia,Podocarpaceae,Btr,species,6,0.01,0.4,0.3,0.18,0.25,0.03,0.05,0.06,0.04,1.4,0.4,0.7,0.4,1.2,0.1,0.2,0.04,1,0.5,0.8,0.3,0.4,,
Nandina,nandina,Nandina,Berberidaceae,Shrub,genus,8,0.01,0.4,0.3,0.18,0.25,0.03,0.05,0.06,0.04,1.4,0.4,0.7,0.4,1.2,0.1,0.2,0.04,1,0.5,0.8,0.3,0.4,,
Nandina domestica,sacred bamboo,Nandina,Berberidaceae,Shrub,species,8,0.01,0.4,0.3,0.18,0.25,0.03,0.05,0.06,0.04,1.4,0.4,0.7,0.4,1.2,0.1,0.2,0.04,1,0.5,0.8,0.3,0.4,,
Nardus stricta,matgrass,Nardus,Poaceae,Herb,species,6,0.01,0.4,0.3,0.18,0.25,0.03,0.05,0.06,0.04,1.4,0.4,0.7,0.4,1.2,0.1,0.2,0.04,1,0.5,0.8,0.3,0.4,,
Nauclea diderrichii,,Nauclea,TBD,Unknown,species,6,0.01,0.4,0.3,0.18,0.25,0.03,0.05,0.06,0.04,1.4,0.4,0.7,0.4,1.2,0.1,0.2,0.04,1,0.5,0.8,0.3,0.4,,
Nauclea latifolia,,Nauclea,TBD,Unknown,species,6,0.01,0.4,0.3,0.18,0.25,0.03,0.05,0.06,0.04,1.4,0.4,0.7,0.4,1.2,0.1,0.2,0.04,1,0.5,0.8,0.3,0.4,,
Neckera pennata,,Neckera,TBD,Unknown,species,6,0.01,0.4,0.3,0.18,0.25,0.03,0.05,0.06,0.04,1.4,0.4,0.7,0.4,1.2,0.1,0.2,0.04,1,0.5,0.8,0.3,0.4,,
Nectandra purpurescens,,Nectandra,Lauraceae,Unknown,species,6,0.01,0.4,0.3,0.18,0.25,0.03,0.05,0.06,0.04,1.4,0.4,0.7,0.4,1.2,0.1,0.2,0.04,1,0.5,0.8,0.3,0.4,,
Neocinnamomum caudatum,,Neocinnamomum,TBD,Unknown,species,6,0.01,0.4,0.3,0.18,0.25,0.03,0.05,0.06,0.04,1.4,0.4,0.7,0.4,1.2,0.1,0.2,0.04,1,0.5,0.8,0.3,0.4,,
Nephelium chryseum,,Nephelium,Sapindaceae,Unknown,species,6,0.01,0.4,0.3,0.18,0.25,0.03,0.05,0.06,0.04,1.4,0.4,0.7,0.4,1.2,0.1,0.2,0.04,1,0.5,0.8,0.3,0.4,,
Nephelium mutabile,pulasan,Nephelium,Sapindaceae,Unknown,species,6,0.01,0.4,0.3,0.18,0.25,0.03,0.05,0.06,0.04,1.4,0.4,0.7,0.4,1.2,0.1,0.2,0.04,1,0.5,0.8,0.3,0.4,,
Nephrolepsis exaltata,,Nephrolepsis,TBD,Unknown,species,6,0.01,0.4,0.3,0.18,0.25,0.03,0.05,0.06,0.04,1.4,0.4,0.7,0.4,1.2,0.1,0.2,0.04,1,0.5,0.8,0.3,0.4,,
Nerium oleander,oleander,Nerium,Apocynaceae,Btr,species,6,0.01,0.4,0.3,0.18,0.25,0.03,0.05,0.06,0.04,1.4,0.4,0.7,0.4,1.2,0.1,0.2,0.04,1,0.5,0.8,0.3,0.4,,
Newbouldia laevis,,Newbouldia,TBD,Unknown,species,6,0.01,0.4,0.3,0.18,0.25,0.03,0.05,0.06,0.04,1.4,0.4,0.7,0.4,1.2,0.1,0.2,0.04,1,0.5,0.8,0.3,0.4,,
Nicotiana,tobacco,Nicotiana,Solanaceae,Btr,genus,6,0.01,0.4,0.3,0.18,0.25,0.03,0.05,0.06,0.04,1.4,0.4,0.7,0.4,1.2,0.1,0.2,0.04,1,0.5,0.8,0.3,0.4,,
Nicotiana glauca,tree tobacco,Nicotiana,Solanaceae,Btr,species,6,0.01,0.4,0.3,0.18,0.25,0.03,0.05,0.06,0.04,1.4,0.4,0.7,0.4,1.2,0.1,0.2,0.04,1,0.5,0.8,0.3,0.4,,
Nicotiana tabacum,cultivated tobacco,Nicotiana,Solanaceae,Herb,species,6,0.01,0.4,0.3,0.18,0.25,0.03,0.05,0.06,0.04,1.4,0.4,0.7,0.4,1.2,0.1,0.2,0.04,1,0.5,0.8,0.3,0.4,,
Nolina,beargrass,Nolina,Liliaceae,Btr,genus,6,0.01,0.4,0.3,0.18,0.25,0.03,0.05,0.06,0.04,1.4,0.4,0.7,0.4,1.2,0.1,0.2,0.04,1,0.5,0.8,0.3,0.4,,
Nolina bigelovii,Bigelow's nolina,Nolina,Liliaceae,Btr,species,6,0.01,0.4,0.3,0.18,0.25,0.03,0.05,0.06,0.04,1.4,0.4,0.7,0.4,1.2,0.1,0.2,0.04,1,0.5,0.8,0.3,0.4,,
Nolina longifolia,,Nolina,Liliaceae,Shrub,species,6,0.01,0.4,0.3,0.18,0.25,0.03,0.05,0.06,0.04,1.4,0.4,0.7,0.4,1.2,0.1,0.2,0.04,1,0.5,0.8,0.3,0.4,,
Nolina recurvata,,Nolina,Liliaceae,Shrub,species,6,0.01,0.4,0.3,0.18,0.25,0.03,0.05,0.06,0.04,1.4,0.4,0.7,0.4,1.2,0.1,0.2,0.04,1,0.5,0.8,0.3,0.4,,
Nothofagus antarctica,,Nothofagus,Betulaceae,Unknown,species,6,0.01,0.4,0.3,0.18,0.25,0.03,0.05,0.06,0.04,1.4,0.4,0.7,0.4,1.2,0.1,0.2,0.04,1,0.5,0.8,0.3,0.4,,
Nothofagus cliffortoides,,Nothofagus,Betulaceae,Unknown,species,6,0.01,0.4,0.3,0.18,0.25,0.03,0.05,0.06,0.04,1.4,0.4,0.7,0.4,1.2,0.1,0.2,0.04,1,0.5,0.8,0.3,0.4,,
Nothofagus dombeyi,coigue,Nothofagus,Betulaceae,Unknown,species,6,0.01,0.4,0.3,0.18,0.25,0.03,0.05,0.06,0.04,1.4,0.4,0.7,0.4,1.2,0.1,0.2,0.04,1,0.5,0.8,0.3,0.4,,
Nothofagus procera,,Nothofagus,Betulaceae,Unknown,species,6,0.01,0.4,0.3,0.18,0.25,0.03,0.05,0.06,0.04,1.4,0.4,0.7,0.4,1.2,0.1,0.2,0.04,1,0.5,0.8,0.3,0.4,,
Nyssa,tupelo,Nyssa,Cornaceae,Btr,genus,30,0.003,0.08,0.08,0.08,0.08,0.03,0.05,0.06,0.04,1.6,0.4,0.7,0.4,1.2,0.1,0.2,0.04,1,0.5,0.8,0.3,0.4,,
Nyssa aquatica,water tupelo,Nyssa,Nyssaceae,Btr,species,30,0.003,0.08,0.08,0.08,0.08,0.03,0.05,0.06,0.04,1.6,0.4,0.7,0.4,1.2,0.1,0.2,0.04,1,0.5,0.8,0.3,0.4,,
Nyssa ogeche,Ogeechee tupelo,Nyssa,Nyssaceae,Btr,species,30,0.003,0.08,0.08,0.08,0.08,0.03,0.05,0.06,0.04,1.6,0.4,0.7,0.4,1.2,0.1,0.2,0.04,1,0.5,0.8,0.3,0.4,,
Nyssa sylvatica,blackgum,Nyssa,Cornaceae,Btr,species,30,0.003,0.08,0.08,0.08,0.08,0.03,0.05,0.06,0.04,1.6,0.4,0.7,0.4,1.2,0.1,0.2,0.04,1,0.5,0.8,0.3,0.4,,
Nyssa sylvatica var. biflora,,Nyssa,Nyssaceae,Btr,species,30,0.003,0.08,0.08,0.08,0.08,0.03,0.05,0.06,0.04,1.6,0.4,0.7,0.4,1.2,0.1,0.2,0.04,1,0.5,0.8,0.3,0.4,,
Ochna natalita,,Ochna,Ochnaceae,Unknown,species,6,0.01,0.4,0.3,0.18,0.25,0.03,0.05,0.06,0.04,1.4,0.4,0.7,0.4,1.2,0.1,0.2,0.04,1,0.5,0.8,0.3,0.4,,
Ochna pulchra,,Ochna,Ochnaceae,Unknown,species,6,0.01,0.4,0.3,0.18,0.25,0.03,0.05,0.06,0.04,1.4,0.4,0.7,0.4,1.2,0.1,0.2,0.04,1,0.5,0.8,0.3,0.4,,
Ocotea,sweetwood,Ocotea,Lauraceae,Btr,genus,6,0.01,0.4,0.3,0.18,0.25,0.03,0.05,0.06,0.04,1.4,0.4,0.7,0.4,1.2,0.1,0.2,0.04,1,0.5,0.8,0.3,0.4,,
Oemleria cerasiformis,Indian plum,Oemleria,Rosaceae,Btr,species,1,0.003,0.15,0.15,0.08,0.12,0.03,0.05,0.06,0.04,1.6,0.4,0.7,0.4,1.2,0.1,0.2,0.04,1,0.5,0.8,0.3,0.4,,
Oenocarpus bataua,,Oenocarpus,TBD,Unknown,species,6,0.01,0.4,0.3,0.18,0.25,0.03,0.05,0.06,0.04,1.4,0.4,0.7,0.4,1.2,0.1,0.2,0.04,1,0.5,0.8,0.3,0.4,,
Olea,olive,Olea,Oleaceae,Btr,genus,6,0.01,0.4,0.3,0.18,0.25,0.03,0.05,0.06,0.04,1.4,0.4,0.7,0.4,1.2,0.1,0.2,0.04,1,0.5,0.8,0.3,0.4,,
Olea europaea,olive,Olea,Oleaceae,Btr,species,6,0.01,0.4,0.3,0.18,0.25,0.03,0.05,0.06,0.04,1.4,0.4,0.7,0.4,1.2,0.1,0.2,0.04,1,0.5,0.8,0.3,0.4,,
Olea rosea,,Olea,Oleaceae,Unknown,species,6,0.01,0.4,0.3,0.18,0.25,0.03,0.05,0.06,0.04,1.4,0.4,0.7,0.4,1.2,0.1,0.2,0.04,1,0.5,0.8,0.3,0.4,,
Oleaceae,,Oleaceae,Oleaceae,Unknown,family,6,0.01,0.4,0.3,0.18,0.25,0.03,0.05,0.06,0.04,1.4,0.4,0.7,0.4,1.2,0.1,0.2,0.04,1,0.5,0.8,0.3,0.4,,
Olearia phlogopappa,,Olearia,Asteraceae,Unknown,species,6,0.01,0.4,0.3,0.18,0.25,0.03,0.05,0.06,0.04,1.4,0.4,0.7,0.4,1.2,0.1,0.2,0.04,1,0.5,0.8,0.3,0.4,,
Olmediella betschleriana,,Olmediella,Salicaceae,Btr,species,6,0.01,0.4,0.3,0.18,0.25,0.03,0.05,0.06,0.04,1.4,0.4,0.7,0.4,1.2,0.1,0.2,0.04,1,0.5,0.8,0.3,0.4,,
Olneya,olneya,Olneya,Fabaceae,Btr,genus,20,0.003,0.05,0.05,0.05,0.05,0.03,0.05,0.06,0.04,1.6,0.4,0.7,0.4,1.2,0.1,0.2,0.04,1,0.5,0.8,0.3,0.4,,
Olneya tesota,desert ironwood,Olneya,Fabaceae,Btr,species,20,0.003,0.05,0.05,0.05,0.05,0.03,0.05,0.06,0.04,1.6,0.4,0.7,0.4,1.2,0.1,0.2,0.04,1,0.5,0.8,0.3,0.4,,
Oncoba spinosa,,Oncoba,Flacourtiaceae,Unknown,species,6,0.01,0.4,0.3,0.18,0.25,0.03,0.05,0.06,0.04,1.4,0.4,0.7,0.4,1.2,0.1,0.2,0.04,1,0.5,0.8,0.3,0.4,,
Opuntia basilaris,beavertail pricklypear,Opuntia,Cactaceae,Btr,species,6,0.01,0.4,0.3,0.18,0.25,0.03,0.05,0.06,0.04,1.4,0.4,0.7,0.4,1.2,0.1,0.2,0.04,1,0.5,0.8,0.3,0.4,,
Opuntia lindheimeri,,Opuntia,Cactaceae,Unknown,species,6,0.01,0.4,0.3,0.18,0.25,0.03,0.05,0.06,0.04,1.4,0.4,0.7,0.4,1.2,0.1,0.2,0.04,1,0.5,0.8,0.3,0.4,,
Opuntia microdasys,angel's-wings,Opuntia,Cactaceae,Shrub,species,6,0.01,0.4,0.3,0.18,0.25,0.03,0.05,0.06,0.04,1.4,0.4,0.7,0.4,1.2,0.1,0.2,0.04,1,0.5,0.8,0.3,0.4,,
Orchidaceae,,Orchidaceae,Orchidaceae,Unknown,family,6,0.01,0.4,0.3,0.18,0.25,0.03,0.05,0.06,0.04,1.4,0.4,0.7,0.4,1.2,0.1,0.2,0.04,1,0.5,0.8,0.3,0.4,,
Ormocarpum trichocarpum,,Ormocarpum,TBD,Unknown,species,6,0.01,0.4,0.3,0.18,0.25,0.03,0.05,0.06,0.04,1.4,0.4,0.7,0.4,1.2,0.1,0.2,0.04,1,0.5,0.8,0.3,0.4,,
Ormosia pinnata,,Ormosia,Fabaceae,Unknown,species,6,0.01,0.4,0.3,0.18,0.25,0.03,0.05,0.06,0.04,1.4,0.4,0.7,0.4,1.2,0.1,0.2,0.04,1,0.5,0.8,0.3,0.4,,
Oroxylum indicum,,Oroxylum,TBD,Unknown,species,6,0.01,0.4,0.3,0.18,0.25,0.03,0.05,0.06,0.04,1.4,0.4,0.7,0.4,1.2,0.1,0.2,0.04,1,0.5,0.8,0.3,0.4,,
Oryza sativa,rice,Oryza,Poaceae,Herb,species,6,0.01,0.4,0.3,0.18,0.25,0.03,0.05,0.06,0.04,1.4,0.4,0.7,0.4,1.2,0.1,0.2,0.04,1,0.5,0.8,0.3,0.4,,
Osmanthus fragrans,sweet osmanthus,Osmanthus,Oleaceae,Unknown,species,6,0.01,0.4,0.3,0.18,0.25,0.03,0.05,0.06,0.04,1.4,0.4,0.7,0.4,1.2,0.1,0.2,0.04,1,0.5,0.8,0.3,0.4,,
Osteospermum fruticosum,shrubby daisybush,Osteospermum,Asteraceae,Herb,species,6,0.01,0.4,0.3,0.18,0.25,0.03,0.05,0.06,0.04,1.4,0.4,0.7,0.4,1.2,0.1,0.2,0.04,1,0.5,0.8,0.3,0.4,,
Ostrya carpinifolia,,Ostrya,Betulaceae,Unknown,species,0.003,0.003,0.15,0.2,0.08,0.12,0.03,0.05,0.06,0.04,1.6,0.4,0.7,0.4,1.2,0.1,0.2,0.04,1,0.5,0.8,0.3,0.4,,
Ostrya virginiana,hophornbeam,Ostrya,Betulaceae,Btr,species,0.003,0.003,0.15,0.2,0.08,0.12,0.03,0.05,0.06,0.04,1.6,0.4,0.7,0.4,1.2,0.1,0.2,0.04,1,0.5,0.8,0.3,0.4,,
Ouratea,ouratea,Ouratea,Ochnaceae,Btr,genus,6,0.01,0.4,0.3,0.18,0.25,0.03,0.05,0.06,0.04,1.4,0.4,0.7,0.4,1.2,0.1,0.2,0.04,1,0.5,0.8,0.3,0.4,,
Oxydendrum,sourwood,Oxydendrum,Ericaceae,Btr,genus,0.003,0.003,0.12,0.15,0.07,0.1,0.03,0.05,0.06,0.04,1.6,0.4,0.7,0.4,1.2,0.1,0.2,0.04,1,0.5,0.8,0.3,0.4,,
Oxydendrum arboreum,sourwood,Oxydendrum,Ericaceae,Btr,species,0.003,0.003,0.12,0.15,0.07,0.1,0.03,0.05,0.06,0.04,1.6,0.4,0.7,0.4,1.2,0.1,0.2,0.04,1,0.5,0.8,0.3,0.4,,
Oxythenantera abyssinica,,Oxythenantera,TBD,Unknown,species,6,0.01,0.4,0.3,0.18,0.25,0.03,0.05,0.06,0.04,1.4,0.4,0.7,0.4,1.2,0.1,0.2,0.04,1,0.5,0.8,0.3,0.4,,
Ozoroa paniculosa,,Ozoroa,TBD,Unknown,species,6,0.01,0.4,0.3,0.18,0.25,0.03,0.05,0.06,0.04,1.4,0.4,0.7,0.4,1.2,0.1,0.2,0.04,1,0.5,0.8,0.3,0.4,,
Pachyelasma tessmannii,,Pachyelasma,TBD,Unknown,species,6,0.01,0.4,0.3,0.18,0.25,0.03,0.05,0.06,0.04,1.4,0.4,0.7,0.4,1.2,0.1,0.2,0.04,1,0.5,0.8,0.3,0.4,,
Pachyra insignis,,Pachyra,TBD,Unknown,species,6,0.01,0.4,0.3,0.18,0.25,0.03,0.05,0.06,0.04,1.4,0.4,0.7,0.4,1.2,0.1,0.2,0.04,1,0.5,0.8,0.3,0.4,,
Pachysandra terminalis,Japanese pachysandra,Pachysandra,Buxaceae,Shrub,species,6,0.01,0.4,0.3,0.18,0.25,0.03,0.05,0.06,0.04,1.4,0.4,0.7,0.4,1.2,0.1,0.2,0.04,1,0.5,0.8,0.3,0.4,,
Pachystigma macrocalyx,,Pachystigma,TBD,Unknown,species,6,0.01,0.4,0.3,0.18,0.25,0.03,0.05,0.06,0.04,1.4,0.4,0.7,0.4,1.2,0.1,0.2,0.04,1,0.5,0.8,0.3,0.4,,
Pagamea,,Pagamea,TBD,Unknown,genus,6,0.01,0.4,0.3,0.18,0.25,0.03,0.05,0.06,0.04,1.4,0.4,0.7,0.4,1.2,0.1,0.2,0.04,1,0.5,0.8,0.3,0.4,,
Pagamea duckei,,Pagamea,TBD,Unknown,species,6,0.01,0.4,0.3,0.18,0.25,0.03,0.05,0.06,0.04,1.4,0.4,0.7,0.4,1.2,0.1,0.2,0.04,1,0.5,0.8,0.3,0.4,,
Palisota ambigua,,Palisota,TBD,Unknown,species,6,0.01,0.4,0.3,0.18,0.25,0.03,0.05,0.06,0.04,1.4,0.4,0.7,0.4,1.2,0.1,0.2,0.04,1,0.5,0.8,0.3,0.4,,
Pancovia laurentii,,Pancovia,TBD,Unknown,species,6,0.01,0.4,0.3,0.18,0.25,0.03,0.05,0.06,0.04,1.4,0.4,0.7,0.4,1.2,0.1,0.2,0.04,1,0.5,0.8,0.3,0.4,,
Panda oleosa,,Panda,TBD,Unknown,species,6,0.01,0.4,0.3,0.18,0.25,0.03,0.05,0.06,0.04,1.4,0.4,0.7,0.4,1.2,0.1,0.2,0.04,1,0.5,0.8,0.3,0.4,,
Pandanaceae,,Pandanaceae,Pandanaceae,Unknown,family,6,0.01,0.4,0.3,0.18,0.25,0.03,0.05,0.06,0.04,1.4,0.4,0.7,0.4,1.2,0.1,0.2,0.04,1,0.5,0.8,0.3,0.4,,
Panicum,panicgrass,Panicum,Poaceae,Herb,genus,6,0.01,0.4,0.3,0.18,0.25,0.03,0.05,0.06,0.04,1.4,0.4,0.7,0.4,1.2,0.1,0.2,0.04,1,0.5,0.8,0.3,0.4,,
Pappea capensis,,Pappea,TBD,Unknown,species,6,0.01,0.4,0.3,0.18,0.25,0.03,0.05,0.06,0.04,1.4,0.4,0.7,0.4,1.2,0.1,0.2,0.04,1,0.5,0.8,0.3,0.4,,
Paramichellia baillonii,,Paramichellia,TBD,Unknown,species,6,0.01,0.4,0.3,0.18,0.25,0.03,0.05,0.06,0.04,1.4,0.4,0.7,0.4,1.2,0.1,0.2,0.04,1,0.5,0.8,0.3,0.4,,
Paraserianthes lophantha,plume albizia,Paraserianthes,Fabaceae,Btr,species,6,0.01,0.4,0.3,0.18,0.25,0.03,0.05,0.06,0.04,1.4,0.4,0.7,0.4,1.2,0.1,0.2,0.04,1,0.5,0.8,0.3,0.4,,
Parinari cunatellifolia,,Parinari,TBD,Unknown,species,6,0.01,0.4,0.3,0.18,0.25,0.03,0.05,0.06,0.04,1.4,0.4,0.7,0.4,1.2,0.1,0.2,0.04,1,0.5,0.8,0.3,0.4,,
Parinari excelsa,,Parinari,TBD,Unknown,species,6,0.01,0.4,0.3,0.18,0.25,0.03,0.05,0.06,0.04,1.4,0.4,0.7,0.4,1.2,0.1,0.2,0.04,1,0.5,0.8,0.3,0.4,,
Parkia,parkia,Parkia,Fabaceae,Unknown,genus,6,0.01,0.4,0.3,0.18,0.25,0.03,0.05,0.06,0.04,1.4,0.4,0.7,0.4,1.2,0.1,0.2,0.04,1,0.5,0.8,0.3,0.4,,
Parkia biglobosa,,Parkia,Fabaceae,Unknown,species,6,0.01,0.4,0.3,0.18,0.25,0.03,0.05,0.06,0.04,1.4,0.4,0.7,0.4,1.2,0.1,0.2,0.04,1,0.5,0.8,0.3,0.4,,
Parkinsonia,paloverde,Parkinsonia,Fabaceae,Btr,genus,20,0.003,0.05,0.05,0.05,0.05,0.03,0.05,0.06,0.04,1.6,0.4,0.7,0.4,1.2,0.1,0.2,0.04,1,0.5,0.8,0.3,0.4,,
Parkinsonia aculeata,Jerusalem thorn,Parkinsonia,Fabaceae,Btr,species,20,0.003,0.05,0.05,0.05,0.05,0.03,0.05,0.06,0.04,1.6,0.4,0.7,0.4,1.2,0.1,0.2,0.04,1,0.5,0.8,0.3,0.4,,
Parkinsonia florida,blue paloverde,Parkinsonia,Fabaceae,Btr,species,20,0.003,0.05,0.05,0.05,0.05,0.03,0.05,0.06,0.04,1.6,0.4,0.7,0.4,1.2,0.1,0.2,0.04,1,0.5,0.8,0.3,0.4,,
Parkinsonia microphylla,yellow paloverde,Parkinsonia,Fabaceae,Btr,species,20,0.003,0.05,0.05,0.05,0.05,0.03,0.05,0.06,0.04,1.6,0.4,0.7,0.4,1.2,0.1,0.2,0.04,1,0.5,0.8,0.3,0.4,,
Parkinsonia praecox,paloverde,Parkinsonia,Fabaceae,Btr,species,20,0.003,0.05,0.05,0.05,0.05,0.03,0.05,0.06,0.04,1.6,0.4,0.7,0.4,1.2,0.1,0.2,0.04,1,0.5,0.8,0.3,0.4,,
Parkinsonia x 'Desert Museum',,Parkinsonia,Fabaceae,Btr,species,20,0.003,0.05,0.05,0.05,0.05,0.03,0.05,0.06,0.04,1.6,0.4,0.7,0.4,1.2,0.1,0.2,0.04,1,0.5,0.8,0.3,0.4,,
Parrotia persica,Persian ironwood,Parrotia,Hamamelidaceae,Unknown,species,6,0.01,0.4,0.3,0.18,0.25,0.03,0.05,0.06,0.04,1.4,0.4,0.7,0.4,1.2,0.1,0.2,0.04,1,0.5,0.8,0.3,0.4,,
Parrotiopsis jacquemontiana,,Parrotiopsis,TBD,Unknown,species,6,0.01,0.4,0.3,0.18,0.25,0.03,0.05,0.06,0.04,1.4,0.4,0.7,0.4,1.2,0.1,0.2,0.04,1,0.5,0.8,0.3,0.4,,
Paspalum notatum,bahiagrass,Paspalum,Poaceae,Herb,species,6,0.01,0.4,0.3,0.18,0.25,0.03,0.05,0.06,0.04,1.4,0.4,0.7,0.4,1.2,0.1,0.2,0.04,1,0.5,0.8,0.3,0.4,,
Paullinia pinnata,bread and cheese,Paullinia,Sapindaceae,Shrub,species,6,0.01,0.4,0.3,0.18,0.25,0.03,0.05,0.06,0.04,1.4,0.4,0.7,0.4,1.2,0.1,0.2,0.04,1,0.5,0.8,0.3,0.4,,
Paulowinia kawakamii,paulownia,Paulownia,Scrophulariaceae,Btr,species,0.003,0.003,0.15,0.2,0.08,0.12,0.03,0.05,0.06,0.04,1.6,0.4,0.7,0.4,1.2,0.1,0.2,0.04,1,0.5,0.8,0.3,0.4,,
Paulownia tomentosa,princesstree,Paulownia,Scrophulariaceae,Btr,species,0.003,0.003,0.15,0.2,0.08,0.12,0.03,0.05,0.06,0.04,1.6,0.4,0.7,0.4,1.2,0.1,0.2,0.04,1,0.5,0.8,0.3,0.4,,
Pauridiantha dewevrei,,Pauridiantha,TBD,Unknown,species,6,0.01,0.4,0.3,0.18,0.25,0.03,0.05,0.06,0.04,1.4,0.4,0.7,0.4,1.2,0.1,0.2,0.04,1,0.5,0.8,0.3,0.4,,
Pellaea rotundifolia,,Pellaea,Pteridaceae,Unknown,species,6,0.01,0.4,0.3,0.18,0.25,0.03,0.05,0.06,0.04,1.4,0.4,0.7,0.4,1.2,0.1,0.2,0.04,1,0.5,0.8,0.3,0.4,,
Peltophorum africanum,,Peltophorum,Fabaceae,Unknown,species,6,0.01,0.4,0.3,0.18,0.25,0.03,0.05,0.06,0.04,1.4,0.4,0.7,0.4,1.2,0.1,0.2,0.04,1,0.5,0.8,0.3,0.4,,
Pentaclethra macroloba,,Pentaclethra,Fabaceae,Unknown,species,6,0.01,0.4,0.3,0.18,0.25,0.03,0.05,0.06,0.04,1.4,0.4,0.7,0.4,1.2,0.1,0.2,0.04,1,0.5,0.8,0.3,0.4,,
Pentaclethra macrophylla,oilbean tree,Pentaclethra,Fabaceae,Unknown,species,6,0.01,0.4,0.3,0.18,0.25,0.03,0.05,0.06,0.04,1.4,0.4,0.7,0.4,1.2,0.1,0.2,0.04,1,0.5,0.8,0.3,0.4,,
Pera arborea,,Pera,Euphorbiaceae,Unknown,species,6,0.01,0.4,0.3,0.18,0.25,0.03,0.05,0.06,0.04,1.4,0.4,0.7,0.4,1.2,0.1,0.2,0.04,1,0.5,0.8,0.3,0.4,,
Perebea xanthochyma,,Perebea,TBD,Unknown,species,6,0.01,0.4,0.3,0.18,0.25,0.03,0.05,0.06,0.04,1.4,0.4,0.7,0.4,1.2,0.1,0.2,0.04,1,0.5,0.8,0.3,0.4,,
Pericopsis laxiflora,,Pericopsis,Fabaceae,Unknown,species,6,0.01,0.4,0.3,0.18,0.25,0.03,0.05,0.06,0.04,1.4,0.4,0.7,0.4,1.2,0.1,0.2,0.04,1,0.5,0.8,0.3,0.4,,
Peritossa pruninosa,,Peritossa,TBD,Unknown,species,6,0.01,0.4,0.3,0.18,0.25,0.03,0.05,0.06,0.04,1.4,0.4,0.7,0.4,1.2,0.1,0.2,0.04,1,0.5,0.8,0.3,0.4,,
Persea,bay,Persea,Lauraceae,Btr,genus,0.003,0.003,0.15,0.03,0.08,0.15,0.03,0.05,0.06,0.04,1.6,0.4,0.7,0.4,1.2,0.1,0.2,0.04,1,0.5,0.8,0.3,0.4,,
Persea americana,avocado,Persea,Lauraceae,Btr,species,0.003,0.003,0.15,0.03,0.08,0.15,0.03,0.05,0.06,0.04,1.6,0.4,0.7,0.4,1.2,0.1,0.2,0.04,1,0.5,0.8,0.3,0.4,,
Persea borbonia,redbay,Persea,Lauraceae,Btr,species,0.003,0.003,0.15,0.03,0.08,0.15,0.03,0.05,0.06,0.04,1.6,0.4,0.7,0.4,1.2,0.1,0.2,0.04,1,0.5,0.8,0.3,0.4,,
Persea indica,bay,Persea,Lauraceae,Btr,species,0.003,0.003,0.15,0.03,0.08,0.15,0.03,0.05,0.06,0.04,1.6,0.4,0.7,0.4,1.2,0.1,0.2,0.04,1,0.5,0.8,0.3,0.4,,
Petersianthus macrocarpus,,Petersianthus,TBD,Unknown,species,6,0.01,0.4,0.3,0.18,0.25,0.03,0.05,0.06,0.04,1.4,0.4,0.7,0.4,1.2,0.1,0.2,0.04,1,0.5,0.8,0.3,0.4,,
Petroselinum,parsley,Petroselinum,Apiaceae,Herb,genus,6,0.01,0.4,0.3,0.18,0.25,0.03,0.05,0.06,0.04,1.4,0.4,0.7,0.4,1.2,0.1,0.2,0.04,1,0.5,0.8,0.3,0.4,,
Phaseolus vulgaris,kidney bean,Phaseolus,Fabaceae,Shrub,species,6,0.01,0.4,0.3,0.18,0.25,0.03,0.05,0.06,0.04,1.4,0.4,0.7,0.4,1.2,0.1,0.2,0.04,1,0.5,0.8,0.3,0.4,,
Phellodendron amurense,Amur corktree,Phellodendron,Rutaceae,Btr,species,6,0.01,0.4,0.3,0.18,0.25,0.03,0.05,0.06,0.04,1.4,0.4,0.7,0.4,1.2,0.1,0.2,0.04,1,0.5,0.8,0.3,0.4,,
Phillyrea angustifolia,,Phillyrea,TBD,Unknown,species,6,0.01,0.4,0.3,0.18,0.25,0.03,0.05,0.06,0.04,1.4,0.4,0.7,0.4,1.2,0.1,0.2,0.04,1,0.5,0.8,0.3,0.4,,
Philonotis fontanum,,Philonotis,TBD,Unknown,species,6,0.01,0.4,0.3,0.18,0.25,0.03,0.05,0.06,0.04,1.4,0.4,0.7,0.4,1.2,0.1,0.2,0.04,1,0.5,0.8,0.3,0.4,,
Phlogacanthus curviflorus,,Phlogacanthus,TBD,Unknown,species,6,0.01,0.4,0.3,0.18,0.25,0.03,0.05,0.06,0.04,1.4,0.4,0.7,0.4,1.2,0.1,0.2,0.04,1,0.5,0.8,0.3,0.4,,
Phoebe,,Phoebe,Lauraceae,Btr,genus,6,0.01,0.4,0.3,0.18,0.25,0.03,0.05,0.06,0.04,1.4,0.4,0.7,0.4,1.2,0.1,0.2,0.04,1,0.5,0.8,0.3,0.4,,
Phoebe mexicana,,Phoebe,Lauraceae,Unknown,species,6,0.01,0.4,0.3,0.18,0.25,0.03,0.05,0.06,0.04,1.4,0.4,0.7,0.4,1.2,0.1,0.2,0.04,1,0.5,0.8,0.3,0.4,,
Phoenix canariensis,Canary Island date palm,Phoenix,Arecaceae,Btr,species,8,0.003,0.15,0.15,0.04,0.1,0.03,0.05,0.06,0.04,1.6,0.4,0.7,0.4,1.2,0.1,0.2,0.04,1,0.5,0.8,0.3,0.4,,
Phoenix dactylifera,date palm,Phoenix,Arecaceae,Btr,species,8,0.003,0.15,0.15,0.04,0.1,0.03,0.05,0.06,0.04,1.6,0.4,0.7,0.4,1.2,0.1,0.2,0.04,1,0.5,0.8,0.3,0.4,,
Phoenix loureiroi,Loureir's date palm,Phoenix,Arecaceae,Unknown,species,8,0.003,0.15,0.15,0.04,0.1,0.03,0.05,0.06,0.04,1.6,0.4,0.7,0.4,1.2,0.1,0.2,0.04,1,0.5,0.8,0.3,0.4,,
Phoenix paludosa,,Phoenix,Arecaceae,Unknown,species,8,0.003,0.15,0.15,0.04,0.1,0.03,0.05,0.06,0.04,1.6,0.4,0.7,0.4,1.2,0.1,0.2,0.04,1,0.5,0.8,0.3,0.4,,
Phoenix reclinata,Senegal date palm,Phoenix,Arecaceae,Btr,species,8,0.003,0.15,0.15,0.04,0.1,0.03,0.05,0.06,0.04,1.6,0.4,0.7,0.4,1.2,0.1,0.2,0.04,1,0.5,0.8,0.3,0.4,,
Phoenix robelinii,,Phoenix,Arecaceae,Unknown,species,8,0.003,0.15,0.15,0.04,0.1,0.03,0.05,0.06,0.04,1.6,0.4,0.7,0.4,1.2,0.1,0.2,0.04,1,0.5,0.8,0.3,0.4,,
Phoenix roebelenii,pygmy date palm,Phoenix,Arecaceae,Unknown,species,8,0.003,0.15,0.15,0.04,0.1,0.03,0.05,0.06,0.04,1.6,0.4,0.7,0.4,1.2,0.1,0.2,0.04,1,0.5,0.8,0.3,0.4,,
Phoenix rupicola,,Phoenix,Arecaceae,Unknown,species,8,0.003,0.15,0.15,0.04,0.1,0.03,0.05,0.06,0.04,1.6,0.4,0.7,0.4,1.2,0.1,0.2,0.04,1,0.5,0.8,0.3,0.4,,
Phoenix sylvestris,wild date palm,Phoenix,Arecaceae,Unknown,species,8,0.003,0.15,0.15,0.04,0.1,0.03,0.05,0.06,0.04,1.6,0.4,0.7,0.4,1.2,0.1,0.2,0.04,1,0.5,0.8,0.3,0.4,,
Photinia serrulata,,Photinia,Rosaceae,Btr,species,6,0.01,0.4,0.3,0.18,0.25,0.03,0.05,0.06,0.04,1.4,0.4,0.7,0.4,1.2,0.1,0.2,0.04,1,0.5,0.8,0.3,0.4,,
Photiniaáxáfraseri,Fraser's photinia,Photinia,Rosaceae,Btr,genus,6,0.01,0.4,0.3,0.18,0.25,0.03,0.05,0.06,0.04,1.4,0.4,0.7,0.4,1.2,0.1,0.2,0.04,1,0.5,0.8,0.3,0.4,,
Phragmanthera,,Phragmanthera,TBD,Unknown,genus,6,0.01,0.4,0.3,0.18,0.25,0.03,0.05,0.06,0.04,1.4,0.4,0.7,0.4,1.2,0.1,0.2,0.04,1,0.5,0.8,0.3,0.4,,
Phragmites australis,common reed,Phragmites,Poaceae,Shrub,species,12,0.01,0.4,0.3,0.18,0.25,0.03,0.05,0.06,0.04,1.4,0.4,0.7,0.4,1.2,0.1,0.2,0.04,1,0.5,0.8,0.3,0.4,,
Phragmites mauritianum,,Phragmites,Poaceae,Unknown,species,12,0.01,0.4,0.3,0.18,0.25,0.03,0.05,0.06,0.04,1.4,0.4,0.7,0.4,1.2,0.1,0.2,0.04,1,0.5,0.8,0.3,0.4,,
Phyllanthus emblia,,Phyllanthus,Euphorbiaceae,Unknown,species,8,0.01,0.4,0.3,0.18,0.25,0.03,0.05,0.06,0.04,1.4,0.4,0.7,0.4,1.2,0.1,0.2,0.04,1,0.5,0.8,0.3,0.4,,
Phyllanthus flexuosus,,Phyllanthus,Euphorbiaceae,Unknown,species,8,0.01,0.4,0.3,0.18,0.25,0.03,0.05,0.06,0.04,1.4,0.4,0.7,0.4,1.2,0.1,0.2,0.04,1,0.5,0.8,0.3,0.4,,
Phyllostachys aurea,golden bamboo,Phyllostachys,Poaceae,Shrub,species,8,0.01,0.4,0.3,0.18,0.25,0.03,0.05,0.06,0.04,1.4,0.4,0.7,0.4,1.2,0.1,0.2,0.04,1,0.5,0.8,0.3,0.4,,
Phyllostachys dulcis,sweetshoot bamboo,Phyllostachys,Poaceae,Shrub,species,8,0.01,0.4,0.3,0.18,0.25,0.03,0.05,0.06,0.04,1.4,0.4,0.7,0.4,1.2,0.1,0.2,0.04,1,0.5,0.8,0.3,0.4,,
Phyllostachys pubescens,,Phyllostachys,Poaceae,Shrub,species,8,0.01,0.4,0.3,0.18,0.25,0.03,0.05,0.06,0.04,1.4,0.4,0.7,0.4,1.2,0.1,0.2,0.04,1,0.5,0.8,0.3,0.4,,
Phyllostachys viridis,,Phyllostachys,Poaceae,Unknown,species,8,0.01,0.4,0.3,0.18,0.25,0.03,0.05,0.06,0.04,1.4,0.4,0.7,0.4,1.2,0.1,0.2,0.04,1,0.5,0.8,0.3,0.4,,
Phytolacca dioica,,Phytolacca,Phytolaccaceae,Unknown,species,6,0.01,0.4,0.3,0.18,0.25,0.03,0.05,0.06,0.04,1.4,0.4,0.7,0.4,1.2,0.1,0.2,0.04,1,0.5,0.8,0.3,0.4,,
Picea,spruce,Picea,Pinaceae,Ntr,genus,8,0.003,0.35,0.35,0.2,0.5,0.03,0.05,0.09,0.06,1.6,0.4,0.7,0.4,1.5,0.1,0.2,0.04,1,0.5,0.8,0.3,0.4,,
Picea abies,Norway spruce,Picea_E,Pinaceae,Ntr,species,1,0.003,0.5,0.4,0.3,0.8,0.03,0.05,0.09,0.06,1.6,0.4,0.7,0.4,1.5,0.1,0.2,0.04,1,0.5,0.8,0.3,0.4,,
Picea alcoquiana,,Picea_A,Pinaceae,Ntr,species,8,0.003,0.5,0.4,0.3,0.8,0.03,0.05,0.09,0.06,1.6,0.4,0.7,0.4,1.5,0.1,0.2,0.04,1,0.5,0.8,0.3,0.4,,
Picea asperata,,Picea_A,Pinaceae,Ntr,species,8,0.003,0.5,0.4,0.3,0.8,0.03,0.05,0.09,0.06,1.6,0.4,0.7,0.4,1.5,0.1,0.2,0.04,1,0.5,0.8,0.3,0.4,,
Picea aurantiaca,,Picea_A,Pinaceae,Ntr,species,8,0.003,0.5,0.4,0.3,0.8,0.03,0.05,0.09,0.06,1.6,0.4,0.7,0.4,1.5,0.1,0.2,0.04,1,0.5,0.8,0.3,0.4,,
Picea breweriana,Brewer spruce,Picea_N,Pinaceae,Ntr,species,8,0.003,0.2,0.3,0.1,0.2,0.03,0.05,0.09,0.06,1.6,0.4,0.7,0.4,1.5,0.1,0.2,0.04,1,0.5,0.8,0.3,0.4,,
Picea engelmanii,,Picea_N,Pinaceae,Ntr,species,8,0.003,0.5,0.4,0.3,0.8,0.03,0.05,0.09,0.06,1.6,0.4,0.7,0.4,1.5,0.1,0.2,0.04,1,0.5,0.8,0.3,0.4,,
Picea engelmannii,Engelmann spruce,Picea_N,Pinaceae,Ntr,species,8,0.003,0.5,0.4,0.3,0.8,0.03,0.05,0.09,0.06,1.6,0.4,0.7,0.4,1.5,0.1,0.2,0.04,1,0.5,0.8,0.3,0.4,,
Picea glauca,white spruce,Picea_N,Pinaceae,Ntr,species,8,0.003,0.5,0.4,0.3,0.8,0.03,0.05,0.09,0.06,1.6,0.4,0.7,0.4,1.5,0.1,0.2,0.04,1,0.5,0.8,0.3,0.4,,
Picea koyamai,,Picea_A,Pinaceae,Ntr,species,8,0.003,0.5,0.4,0.3,0.8,0.03,0.05,0.09,0.06,1.6,0.4,0.7,0.4,1.5,0.1,0.2,0.04,1,0.5,0.8,0.3,0.4,,
Picea likiangensis,,Picea_A,Pinaceae,Ntr,species,8,0.003,0.5,0.4,0.3,0.8,0.03,0.05,0.09,0.06,1.6,0.4,0.7,0.4,1.5,0.1,0.2,0.04,1,0.5,0.8,0.3,0.4,,
Picea mariana,black spruce,Picea_N,Pinaceae,Ntr,species,8,0.003,0.5,0.4,0.3,0.8,0.03,0.05,0.09,0.06,1.6,0.4,0.7,0.4,1.5,0.1,0.2,0.04,1,0.5,0.8,0.3,0.4,,
Picea meyeri,,Picea_A,Pinaceae,Ntr,species,8,0.003,0.5,0.4,0.3,0.8,0.03,0.05,0.09,0.06,1.6,0.4,0.7,0.4,1.5,0.1,0.2,0.04,1,0.5,0.8,0.3,0.4,,
Picea montigena,,Picea_A,Pinaceae,Ntr,species,8,0.003,0.5,0.4,0.3,0.8,0.03,0.05,0.09,0.06,1.6,0.4,0.7,0.4,1.5,0.1,0.2,0.04,1,0.5,0.8,0.3,0.4,,
Picea morrisonicola,,Picea_A,Pinaceae,Ntr,species,8,0.003,0.5,0.4,0.3,0.8,0.03,0.05,0.09,0.06,1.6,0.4,0.7,0.4,1.5,0.1,0.2,0.04,1,0.5,0.8,0.3,0.4,,
Picea omorika,Serbian spruce,Picea_A,Pinaceae,Ntr,species,8,0.003,0.5,0.4,0.3,0.8,0.03,0.05,0.09,0.06,1.6,0.4,0.7,0.4,1.5,0.1,0.2,0.04,1,0.5,0.8,0.3,0.4,,
Picea orientalis,,Picea_A,Pinaceae,Ntr,species,8,0.003,0.5,0.4,0.3,0.8,0.03,0.05,0.09,0.06,1.6,0.4,0.7,0.4,1.5,0.1,0.2,0.04,1,0.5,0.8,0.3,0.4,,
Picea pungens,blue spruce,Picea_N,Pinaceae,Ntr,species,8,0.003,0.5,0.4,0.3,0.8,0.03,0.05,0.09,0.06,1.6,0.4,0.7,0.4,1.5,0.1,0.2,0.04,1,0.5,0.8,0.3,0.4,,
Picea rubens,red spruce,Picea_N,Pinaceae,Ntr,species,8,0.003,0.5,0.4,0.3,0.8,0.03,0.05,0.09,0.06,1.6,0.4,0.7,0.4,1.5,0.1,0.2,0.04,1,0.5,0.8,0.3,0.4,,
Picea sitchensis,Sitka spruce,Picea_N,Pinaceae,Ntr,species,8,0.003,0.5,0.4,0.3,0.8,0.03,0.05,0.09,0.06,1.6,0.4,0.7,0.4,1.5,0.1,0.2,0.04,1,0.5,0.8,0.3,0.4,,
Picea smithiana,morinda spruce,Picea_A,Pinaceae,Ntr,species,8,0.003,0.5,0.4,0.3,0.8,0.03,0.05,0.09,0.06,1.6,0.4,0.7,0.4,1.5,0.1,0.2,0.04,1,0.5,0.8,0.3,0.4,,
Picralima nitida,,Picralima,TBD,Unknown,species,6,0.01,0.4,0.3,0.18,0.25,0.03,0.05,0.06,0.04,1.4,0.4,0.7,0.4,1.2,0.1,0.2,0.04,1,0.5,0.8,0.3,0.4,,
Pictetia aculete,,Pictetia,Fabaceae,Unknown,species,6,0.01,0.4,0.3,0.18,0.25,0.03,0.05,0.06,0.04,1.4,0.4,0.7,0.4,1.2,0.1,0.2,0.04,1,0.5,0.8,0.3,0.4,,
Piliostigma,,Piliostigma,TBD,Unknown,genus,6,0.01,0.4,0.3,0.18,0.25,0.03,0.05,0.06,0.04,1.4,0.4,0.7,0.4,1.2,0.1,0.2,0.04,1,0.5,0.8,0.3,0.4,,
Piliostigma refuscens,,Piliostigma,TBD,Unknown,species,6,0.01,0.4,0.3,0.18,0.25,0.03,0.05,0.06,0.04,1.4,0.4,0.7,0.4,1.2,0.1,0.2,0.04,1,0.5,0.8,0.3,0.4,,
Piliostigma thonningii,,Piliostigma,TBD,Unknown,species,6,0.01,0.4,0.3,0.18,0.25,0.03,0.05,0.06,0.04,1.4,0.4,0.7,0.4,1.2,0.1,0.2,0.04,1,0.5,0.8,0.3,0.4,,
Pinaceae,,Pinaceae,Pinaceae,Unknown,family,0.003,2,0.45,0.25,0.4,0.3,0.03,0.05,0.09,0.06,1.6,0.4,0.7,0.4,1.5,0.1,0.2,0.04,1,0.5,0.8,0.3,0.4,,
Pinus,pine,Pinus,Pinaceae,Ntr,genus,0.003,2,0.45,0.25,0.4,0.3,0.03,0.05,0.09,0.06,1.6,0.4,0.7,0.4,1.5,0.1,0.2,0.04,1,0.5,0.8,0.3,0.4,,
Pinus albicaulis,whitebark pine,Pinus,Pinaceae,Ntr,species,0.003,0.3,0.45,0.25,0.4,0.3,0.03,0.05,0.09,0.06,1.6,0.4,0.7,0.4,1.5,0.1,0.2,0.04,1,0.5,0.8,0.3,0.4,,
Pinus aristata,bristlecone pine,Pinus,Pinaceae,Ntr,species,0.003,0.003,0.45,0.25,0.4,0.3,0.03,0.05,0.09,0.06,1.6,0.4,0.7,0.4,1.5,0.1,0.2,0.04,1,0.5,0.8,0.3,0.4,,
Pinus armandii,Armand pine,Pinus,Pinaceae,Ntr,species,0.003,0.003,0.45,0.25,0.4,0.3,0.03,0.05,0.09,0.06,1.6,0.4,0.7,0.4,1.5,0.1,0.2,0.04,1,0.5,0.8,0.3,0.4,,
Pinus attenuata,knobcone pine,Pinus_MBO2,Pinaceae,Ntr,species,0.003,2,0.45,0.25,0.4,0.3,0.03,0.05,0.09,0.06,1.6,0.4,0.7,0.4,1.5,0.1,0.2,0.04,1,0.5,0.8,0.3,0.4,,
Pinus balfouriana,foxtail pine,Pinus,Pinaceae,Ntr,species,0.003,0.003,0.45,0.25,0.4,0.3,0.03,0.05,0.09,0.06,1.6,0.4,0.7,0.4,1.5,0.1,0.2,0.04,1,0.5,0.8,0.3,0.4,,
Pinus banksiana,jack pine,Pinus_MBO1,Pinaceae,Ntr,species,0.003,12,0.45,0.25,0.4,0.3,0.03,0.05,0.09,0.06,1.6,0.4,0.7,0.4,1.5,0.1,0.2,0.04,1,0.5,0.8,0.3,0.4,,
Pinus brutia,Calabrian pine,Pinus,Pinaceae,Ntr,species,0.003,0.003,0.45,0.25,0.4,0.3,0.03,0.05,0.09,0.06,1.6,0.4,0.7,0.4,1.5,0.1,0.2,0.04,1,0.5,0.8,0.3,0.4,,
Pinus brutia var. eldarica,Afghan pine,Pinus,Pinaceae,Ntr,species,0.003,0.003,0.45,0.25,0.4,0.3,0.03,0.05,0.09,0.06,1.6,0.4,0.7,0.4,1.5,0.1,0.2,0.04,1,0.5,0.8,0.3,0.4,,
Pinus bungeana,Bunge's pine,Pinus,Pinaceae,Ntr,species,0.003,0.003,0.45,0.25,0.4,0.3,0.03,0.05,0.09,0.06,1.6,0.4,0.7,0.4,1.5,0.1,0.2,0.04,1,0.5,0.8,0.3,0.4,,
Pinus canariensis,Canary Island pine,Pinus,Pinaceae,Ntr,species,0.003,0.003,0.45,0.25,0.4,0.3,0.03,0.05,0.09,0.06,1.6,0.4,0.7,0.4,1.5,0.1,0.2,0.04,1,0.5,0.8,0.3,0.4,,
Pinus caribaea,Caribbean pine,Pinus,Pinaceae,Ntr,species,0.003,0.003,0.45,0.25,0.4,0.3,0.03,0.05,0.09,0.06,1.6,0.4,0.7,0.4,1.5,0.1,0.2,0.04,1,0.5,0.8,0.3,0.4,,
Pinus cembroides,Mexican pinyon,Pinus,Pinaceae,Ntr,species,0.003,0.3,0.45,0.25,0.4,0.3,0.03,0.05,0.09,0.06,1.6,0.4,0.7,0.4,1.5,0.1,0.2,0.04,1,0.5,0.8,0.3,0.4,,
Pinus clausa,sand pine,Pinus_MBO2,Pinaceae,Ntr,species,0.003,2,0.45,0.25,0.4,0.3,0.03,0.05,0.09,0.06,1.6,0.4,0.7,0.4,1.5,0.1,0.2,0.04,1,0.5,0.8,0.3,0.4,,
Pinus contorta,lodgepole pine,Pinus_MBO1,Pinaceae,Ntr,species,0.003,12,0.45,0.25,0.4,0.3,0.03,0.05,0.09,0.06,1.6,0.4,0.7,0.4,1.5,0.1,0.2,0.04,1,0.5,0.8,0.3,0.4,,
Pinus contorta var. contorta,beach pine,Pinus_MBO1,Pinaceae,Ntr,species,0.003,12,0.45,0.25,0.4,0.3,0.03,0.05,0.09,0.06,1.6,0.4,0.7,0.4,1.5,0.1,0.2,0.04,1,0.5,0.8,0.3,0.4,,
Pinus coulteri,Coulter pine,Pinus_MBO1,Pinaceae,Ntr,species,0.003,12,0.45,0.25,0.4,0.3,0.03,0.05,0.09,0.06,1.6,0.4,0.7,0.4,1.5,0.1,0.2,0.04,1,0.5,0.8,0.3,0.4,,
Pinus densiflora,Japanese red pine,Pinus,Pinaceae,Ntr,species,0.003,0.003,0.45,0.25,0.4,0.3,0.03,0.05,0.09,0.06,1.6,0.4,0.7,0.4,1.5,0.1,0.2,0.04,1,0.5,0.8,0.3,0.4,,
Pinus discolor,border pinyon,Pinus,Pinaceae,Ntr,species,0.003,0.3,0.45,0.25,0.4,0.3,0.03,0.05,0.09,0.06,1.6,0.4,0.7,0.4,1.5,0.1,0.2,0.04,1,0.5,0.8,0.3,0.4,,
Pinus echinata,shortleaf pine,Pinus,Pinaceae,Ntr,species,0.003,0.003,0.45,0.25,0.4,0.3,0.03,0.05,0.09,0.06,1.6,0.4,0.7,0.4,1.5,0.1,0.2,0.04,1,0.5,0.8,0.3,0.4,,
Pinus edulis,twoneedle pinyon,Pinus,Pinaceae,Ntr,species,0.003,0.003,0.45,0.25,0.4,0.3,0.03,0.05,0.09,0.06,1.6,0.4,0.7,0.4,1.5,0.1,0.2,0.04,1,0.5,0.8,0.3,0.4,,
Pinus eldarica,,Pinus,Pinaceae,Ntr,species,0.003,0.003,0.45,0.25,0.4,0.3,0.03,0.05,0.09,0.06,1.6,0.4,0.7,0.4,1.5,0.1,0.2,0.04,1,0.5,0.8,0.3,0.4,,
Pinus elliotii,,Pinus_MBO2,Pinaceae,Unknown,species,0.003,2,0.45,0.25,0.4,0.3,0.03,0.05,0.09,0.06,1.6,0.4,0.7,0.4,1.5,0.1,0.2,0.04,1,0.5,0.8,0.3,0.4,,
Pinus elliottii,slash pine,Pinus,Pinaceae,Ntr,species,0.003,2,0.45,0.25,0.4,0.3,0.03,0.05,0.09,0.06,1.6,0.4,0.7,0.4,1.5,0.1,0.2,0.04,1,0.5,0.8,0.3,0.4,,
Pinus elliottii var. densa,Florida slash pine,Pinus,Pinaceae,Ntr,species,0.003,0.3,0.45,0.25,0.4,0.3,0.03,0.05,0.09,0.06,1.6,0.4,0.7,0.4,1.5,0.1,0.2,0.04,1,0.5,0.8,0.3,0.4,,
Pinus engelmannii,Apache pine,Pinus,Pinaceae,Ntr,species,0.003,0.003,0.45,0.25,0.4,0.3,0.03,0.05,0.09,0.06,1.6,0.4,0.7,0.4,1.5,0.1,0.2,0.04,1,0.5,0.8,0.3,0.4,,
Pinus flexilis,limber pine,Pinus,Pinaceae,Ntr,species,0.003,0.3,0.45,0.25,0.4,0.3,0.03,0.05,0.09,0.06,1.6,0.4,0.7,0.4,1.5,0.1,0.2,0.04,1,0.5,0.8,0.3,0.4,,
Pinus glabra,spruce pine,Pinus_MBO2,Pinaceae,Ntr,species,0.003,2,0.45,0.25,0.4,0.3,0.03,0.05,0.09,0.06,1.6,0.4,0.7,0.4,1.5,0.1,0.2,0.04,1,0.5,0.8,0.3,0.4,,
Pinus halepensis,aleppo pine,Pinus,Pinaceae,Ntr,species,0.003,0.003,0.45,0.25,0.4,0.3,0.03,0.05,0.09,0.06,1.6,0.4,0.7,0.4,1.5,0.1,0.2,0.04,1,0.5,0.8,0.3,0.4,,
Pinus jeffreyi,Jeffrey pine,Pinus_MBO1,Pinaceae,Ntr,species,0.003,12,0.45,0.25,0.4,0.3,0.03,0.05,0.09,0.06,1.6,0.4,0.7,0.4,1.5,0.1,0.2,0.04,1,0.5,0.8,0.3,0.4,,
Pinus koraiensis,Chinese pinenut,Pinus,Pinaceae,Ntr,species,0.003,0.003,0.45,0.25,0.4,0.3,0.03,0.05,0.09,0.06,1.6,0.4,0.7,0.4,1.5,0.1,0.2,0.04,1,0.5,0.8,0.3,0.4,,
Pinus kwangatungensis,,Pinus_MBO,Pinaceae,Ntr,species,0.003,12,0.45,0.25,0.4,0.3,0.03,0.05,0.09,0.06,1.6,0.4,0.7,0.4,1.5,0.1,0.2,0.04,1,0.5,0.8,0.3,0.4,,
Pinus lambertiana,sugar pine,Pinus,Pinaceae,Ntr,species,0.003,0.003,0.45,0.25,0.4,0.3,0.03,0.05,0.09,0.06,1.6,0.4,0.7,0.4,1.5,0.1,0.2,0.04,1,0.5,0.8,0.3,0.4,,
Pinus leiophylla,Chihuahuan pine,Pinus_MBO2,Pinaceae,Ntr,species,0.003,2,0.45,0.25,0.4,0.3,0.03,0.05,0.09,0.06,1.6,0.4,0.7,0.4,1.5,0.1,0.2,0.04,1,0.5,0.8,0.3,0.4,,
Pinus luchuensis,,Pinus,Pinaceae,Ntr,species,0.003,0.003,0.45,0.25,0.4,0.3,0.03,0.05,0.09,0.06,1.6,0.4,0.7,0.4,1.5,0.1,0.2,0.04,1,0.5,0.8,0.3,0.4,,
Pinus massoniana,Chinese red pine,Pinus,Pinaceae,Ntr,species,0.003,0.003,0.45,0.25,0.4,0.3,0.03,0.05,0.09,0.06,1.6,0.4,0.7,0.4,1.5,0.1,0.2,0.04,1,0.5,0.8,0.3,0.4,,
Pinus monophylla,singleleaf pinyon,Pinus,Pinaceae,Ntr,species,0.003,0.3,0.45,0.25,0.4,0.3,0.03,0.05,0.09,0.06,1.6,0.4,0.7,0.4,1.5,0.1,0.2,0.04,1,0.5,0.8,0.3,0.4,,
Pinus montezumae,,Pinus_MBO2,Pinaceae,Ntr,species,0.003,2,0.45,0.25,0.4,0.3,0.03,0.05,0.09,0.06,1.6,0.4,0.7,0.4,1.5,0.1,0.2,0.04,1,0.5,0.8,0.3,0.4,,
Pinus monticola,western white pine,Pinus,Pinaceae,Ntr,species,0.003,0.003,0.45,0.25,0.4,0.3,0.03,0.05,0.09,0.06,1.6,0.4,0.7,0.4,1.5,0.1,0.2,0.04,1,0.5,0.8,0.3,0.4,,
Pinus mugo,mugo pine,Pinus,Pinaceae,Ntr,species,0.003,0.003,0.45,0.25,0.4,0.3,0.03,0.05,0.09,0.06,1.6,0.4,0.7,0.4,1.5,0.1,0.2,0.04,1,0.5,0.8,0.3,0.4,,
Pinus muricata,Bishop pine,Pinus_MBO1,Pinaceae,Ntr,species,0.003,12,0.45,0.25,0.4,0.3,0.03,0.05,0.09,0.06,1.6,0.4,0.7,0.4,1.5,0.1,0.2,0.04,1,0.5,0.8,0.3,0.4,,
Pinus murraybanksiana,,Pinus_MBO1,Pinaceae,Ntr,species,0.003,12,0.45,0.25,0.4,0.3,0.03,0.05,0.09,0.06,1.6,0.4,0.7,0.4,1.5,0.1,0.2,0.04,1,0.5,0.8,0.3,0.4,,
Pinus nigra,Austrian pine,Pinus,Pinaceae,Ntr,species,0.003,0.003,0.45,0.25,0.4,0.3,0.03,0.05,0.09,0.06,1.6,0.4,0.7,0.4,1.5,0.1,0.2,0.04,1,0.5,0.8,0.3,0.4,,
Pinus palustris,longleaf pine,Pinus_MBO1,Pinaceae,Ntr,species,0.003,12,0.45,0.25,0.4,0.3,0.03,0.05,0.09,0.06,1.6,0.4,0.7,0.4,1.5,0.1,0.2,0.04,1,0.5,0.8,0.3,0.4,,
Pinus patula,Mexican weeping pine,Pinus_MBO2,Pinaceae,Ntr,species,0.003,2,0.45,0.25,0.4,0.3,0.03,0.05,0.09,0.06,1.6,0.4,0.7,0.4,1.5,0.1,0.2,0.04,1,0.5,0.8,0.3,0.4,,
Pinus pinaster,maritime pine,Pinus,Pinaceae,Ntr,species,0.003,0.003,0.45,0.25,0.4,0.3,0.03,0.05,0.09,0.06,1.6,0.4,0.7,0.4,1.5,0.1,0.2,0.04,1,0.5,0.8,0.3,0.4,,
Pinus pinea,Italian stone pine,Pinus,Pinaceae,Ntr,species,0.003,0.003,0.45,0.25,0.4,0.3,0.03,0.05,0.09,0.06,1.6,0.4,0.7,0.4,1.5,0.1,0.2,0.04,1,0.5,0.8,0.3,0.4,,
Pinus ponderosa,ponderosa pine,Pinus_MBO1,Pinaceae,Ntr,species,0.003,12,0.45,0.25,0.4,0.3,0.03,0.05,0.09,0.06,1.6,0.4,0.7,0.4,1.5,0.1,0.2,0.04,1,0.5,0.8,0.3,0.4,,
Pinus ponderosa var. scopulorum,ponderosa pine,Pinus_MBO1,Pinaceae,Ntr,species,0.003,12,0.45,0.25,0.4,0.3,0.03,0.05,0.09,0.06,1.6,0.4,0.7,0.4,1.5,0.1,0.2,0.04,1,0.5,0.8,0.3,0.4,,
Pinus pseudostrobus,,Pinus_MBO2,Pinaceae,Ntr,species,0.003,2,0.45,0.25,0.4,0.3,0.03,0.05,0.09,0.06,1.6,0.4,0.7,0.4,1.5,0.1,0.2,0.04,1,0.5,0.8,0.3,0.4,,
Pinus pungens,Table Mountain pine,Pinus_MBO2,Pinaceae,Ntr,species,0.003,2,0.45,0.25,0.4,0.3,0.03,0.05,0.09,0.06,1.6,0.4,0.7,0.4,1.5,0.1,0.2,0.04,1,0.5,0.8,0.3,0.4,,
Pinus quadrifolia,Parry pinyon,Pinus,Pinaceae,Ntr,species,0.003,0.003,0.45,0.25,0.4,0.3,0.03,0.05,0.09,0.06,1.6,0.4,0.7,0.4,1.5,0.1,0.2,0.04,1,0.5,0.8,0.3,0.4,,
Pinus radiata,Monterey pine,Pinus_MBO2,Pinaceae,Ntr,species,0.003,2,0.45,0.25,0.4,0.3,0.03,0.05,0.09,0.06,1.6,0.4,0.7,0.4,1.5,0.1,0.2,0.04,1,0.5,0.8,0.3,0.4,,
Pinus resinosa,red pine,Pinus,Pinaceae,Ntr,species,0.003,0.003,0.45,0.25,0.4,0.3,0.03,0.05,0.09,0.06,1.6,0.4,0.7,0.4,1.5,0.1,0.2,0.04,1,0.5,0.8,0.3,0.4,,
Pinus rigida,pitch pine,Pinus_MBO2,Pinaceae,Ntr,species,0.003,2,0.45,0.25,0.4,0.3,0.03,0.05,0.09,0.06,1.6,0.4,0.7,0.4,1.5,0.1,0.2,0.04,1,0.5,0.8,0.3,0.4,,
Pinus roxburghii,,Pinus_MBO2,Pinaceae,Ntr,species,0.003,2,0.45,0.25,0.4,0.3,0.03,0.05,0.09,0.06,1.6,0.4,0.7,0.4,1.5,0.1,0.2,0.04,1,0.5,0.8,0.3,0.4,,
Pinus sabiniana,California foothill pine,Pinus_MBO1,Pinaceae,Ntr,species,0.003,12,0.45,0.25,0.4,0.3,0.03,0.05,0.09,0.06,1.6,0.4,0.7,0.4,1.5,0.1,0.2,0.04,1,0.5,0.8,0.3,0.4,,
Pinus serotina,pond pine,Pinus_MBO2,Pinaceae,Ntr,species,0.003,2,0.45,0.25,0.4,0.3,0.03,0.05,0.09,0.06,1.6,0.4,0.7,0.4,1.5,0.1,0.2,0.04,1,0.5,0.8,0.3,0.4,,
Pinus sibirica,Siberian pine,Pinus,Pinaceae,Ntr,species,0.003,0.003,0.45,0.25,0.4,0.3,0.03,0.05,0.09,0.06,1.6,0.4,0.7,0.4,1.5,0.1,0.2,0.04,1,0.5,0.8,0.3,0.4,,
Pinus sondereggeria,,Pinus_MBO2,Pinaceae,Ntr,species,0.003,2,0.45,0.25,0.4,0.3,0.03,0.05,0.09,0.06,1.6,0.4,0.7,0.4,1.5,0.1,0.2,0.04,1,0.5,0.8,0.3,0.4,,
Pinus strobiformis,southwestern white pine,Pinus,Pinaceae,Ntr,species,0.003,0.003,0.45,0.25,0.4,0.3,0.03,0.05,0.09,0.06,1.6,0.4,0.7,0.4,1.5,0.1,0.2,0.04,1,0.5,0.8,0.3,0.4,,
Pinus strobus,eastern white pine,Pinus,Pinaceae,Ntr,species,0.003,0.003,0.45,0.25,0.4,0.3,0.03,0.05,0.09,0.06,1.6,0.4,0.7,0.4,1.5,0.1,0.2,0.04,1,0.5,0.8,0.3,0.4,,
Pinus sylvestris,Scots pine,Pinus,Pinaceae,Ntr,species,0.003,0.003,0.45,0.25,0.4,0.3,0.03,0.05,0.09,0.06,1.6,0.4,0.7,0.4,1.5,0.1,0.2,0.04,1,0.5,0.8,0.3,0.4,,
Pinus tabuliformis,southern Chinese pine,Pinus,Pinaceae,Ntr,species,0.003,0.003,0.45,0.25,0.4,0.3,0.03,0.05,0.09,0.06,1.6,0.4,0.7,0.4,1.5,0.1,0.2,0.04,1,0.5,0.8,0.3,0.4,,
Pinus taeda,loblolly pine,Pinus_MBO2,Pinaceae,Ntr,species,0.003,2,0.45,0.25,0.4,0.3,0.03,0.05,0.09,0.06,1.6,0.4,0.7,0.4,1.5,0.1,0.2,0.04,1,0.5,0.8,0.3,0.4,,
Pinus thunbergiana,,Pinus,Pinaceae,Ntr,species,0.003,0.003,0.45,0.25,0.4,0.3,0.03,0.05,0.09,0.06,1.6,0.4,0.7,0.4,1.5,0.1,0.2,0.04,1,0.5,0.8,0.3,0.4,,
Pinus thunbergii,Japanese black pine,Pinus,Pinaceae,Ntr,species,0.003,0.003,0.45,0.25,0.4,0.3,0.03,0.05,0.09,0.06,1.6,0.4,0.7,0.4,1.5,0.1,0.2,0.04,1,0.5,0.8,0.3,0.4,,
Pinus torreyana,Torrey pine,Pinus_MBO1,Pinaceae,Ntr,species,0.003,12,0.45,0.25,0.4,0.3,0.03,0.05,0.09,0.06,1.6,0.4,0.7,0.4,1.5,0.1,0.2,0.04,1,0.5,0.8,0.3,0.4,,
Pinus virginiana,Virginia pine,Pinus_MBO2,Pinaceae,Ntr,species,0.003,2,0.45,0.25,0.4,0.3,0.03,0.05,0.09,0.06,1.6,0.4,0.7,0.4,1.5,0.1,0.2,0.04,1,0.5,0.8,0.3,0.4,,
Piper reticulatum,,Piper,Piperaceae,Unknown,species,6,0.01,0.4,0.3,0.18,0.25,0.03,0.05,0.06,0.04,1.4,0.4,0.7,0.4,1.2,0.1,0.2,0.04,1,0.5,0.8,0.3,0.4,,
Piptadeniastrum africanum,,Piptadeniastrum,TBD,Unknown,species,6,0.01,0.4,0.3,0.18,0.25,0.03,0.05,0.06,0.04,1.4,0.4,0.7,0.4,1.2,0.1,0.2,0.04,1,0.5,0.8,0.3,0.4,,
Pisonia albida,corcho bobo,Pisonia,Nyctaginaceae,Btr,species,6,0.01,0.4,0.3,0.18,0.25,0.03,0.05,0.06,0.04,1.4,0.4,0.7,0.4,1.2,0.1,0.2,0.04,1,0.5,0.8,0.3,0.4,,
Pistacia atlantica,Mt. Atlas mastic tree,Pistacia,Anacardiaceae,Btr,species,1,0.003,0.1,0.1,0.1,0.1,0.03,0.05,0.09,0.06,1.6,0.4,0.7,0.4,1.5,0.1,0.2,0.04,1,0.5,0.8,0.3,0.4,,
Pistacia chinensis,Chinese pistache,Pistacia,Anacardiaceae,Btr,species,1,0.003,0.1,0.1,0.1,0.1,0.03,0.05,0.09,0.06,1.6,0.4,0.7,0.4,1.5,0.1,0.2,0.04,1,0.5,0.8,0.3,0.4,,
Pistacia lentiscus,mastic tree,Pistacia,Anacardiaceae,Unknown,species,1,0.003,0.1,0.1,0.1,0.1,0.03,0.05,0.09,0.06,1.6,0.4,0.7,0.4,1.5,0.1,0.2,0.04,1,0.5,0.8,0.3,0.4,,
Pistacia terebinthus,Cyprus turpentine,Pistacia,Anacardiaceae,Unknown,species,1,0.003,0.1,0.1,0.1,0.1,0.03,0.05,0.09,0.06,1.6,0.4,0.7,0.4,1.5,0.1,0.2,0.04,1,0.5,0.8,0.3,0.4,,
Pistacia vera,pistachio nut,Pistacia,Anacardiaceae,Unknown,species,1,0.003,0.1,0.1,0.1,0.1,0.03,0.05,0.09,0.06,1.6,0.4,0.7,0.4,1.5,0.1,0.2,0.04,1,0.5,0.8,0.3,0.4,,
Pisum sativum,garden pea,Pisum,Fabaceae,Shrub,species,6,0.01,0.4,0.3,0.18,0.25,0.03,0.05,0.06,0.04,1.4,0.4,0.7,0.4,1.2,0.1,0.2,0.04,1,0.5,0.8,0.3,0.4,,
Pithecellobium,blackbead,Pithecellobium,Fabaceae,Btr,genus,6,0.01,0.4,0.3,0.18,0.25,0.03,0.05,0.06,0.04,1.4,0.4,0.7,0.4,1.2,0.1,0.2,0.04,1,0.5,0.8,0.3,0.4,,
Pithecellobium cylpearia,,Pithecellobium,Fabaceae,Unknown,species,6,0.01,0.4,0.3,0.18,0.25,0.03,0.05,0.06,0.04,1.4,0.4,0.7,0.4,1.2,0.1,0.2,0.04,1,0.5,0.8,0.3,0.4,,
Pithecellobium dulce,monkeypod,Pithecellobium,Fabaceae,Btr,species,6,0.01,0.4,0.3,0.18,0.25,0.03,0.05,0.06,0.04,1.4,0.4,0.7,0.4,1.2,0.1,0.2,0.04,1,0.5,0.8,0.3,0.4,,
Pithecellobium flexicaule,,Pithecellobium,Fabaceae,Btr,species,6,0.003,0.15,0.15,0.08,0.15,0.03,0.05,0.06,0.04,1.6,0.4,0.7,0.4,1.2,0.1,0.2,0.04,1,0.5,0.8,0.3,0.4,,
Pithecellobium longifolium,,Pithecellobium,Fabaceae,Unknown,species,6,0.01,0.4,0.3,0.18,0.25,0.03,0.05,0.06,0.04,1.4,0.4,0.7,0.4,1.2,0.1,0.2,0.04,1,0.5,0.8,0.3,0.4,,
Pittosporopsis,,Pittosporopsis,TBD,Unknown,genus,6,0.01,0.4,0.3,0.18,0.25,0.03,0.05,0.06,0.04,1.4,0.4,0.7,0.4,1.2,0.1,0.2,0.04,1,0.5,0.8,0.3,0.4,,
Pittosporopsis kerrii,,Pittosporopsis,TBD,Unknown,species,6,0.01,0.4,0.3,0.18,0.25,0.03,0.05,0.06,0.04,1.4,0.4,0.7,0.4,1.2,0.1,0.2,0.04,1,0.5,0.8,0.3,0.4,,
Pittosporum,cheesewood,Pittosporum,Pittosporaceae,Btr,genus,6,0.01,0.4,0.3,0.18,0.25,0.03,0.05,0.06,0.04,1.4,0.4,0.7,0.4,1.2,0.1,0.2,0.04,1,0.5,0.8,0.3,0.4,,
Pittosporum crassifolium,stiffleaf cheesewood,Pittosporum,Pittosporaceae,Btr,species,6,0.01,0.4,0.3,0.18,0.25,0.03,0.05,0.06,0.04,1.4,0.4,0.7,0.4,1.2,0.1,0.2,0.04,1,0.5,0.8,0.3,0.4,,
Pittosporum eugenioides,cheesewood,Pittosporum,Pittosporaceae,Btr,species,6,0.01,0.4,0.3,0.18,0.25,0.03,0.05,0.06,0.04,1.4,0.4,0.7,0.4,1.2,0.1,0.2,0.04,1,0.5,0.8,0.3,0.4,,
Pittosporum floribundum,cheesewood,Pittosporum,Pittosporaceae,Btr,species,6,0.01,0.4,0.3,0.18,0.25,0.03,0.05,0.06,0.04,1.4,0.4,0.7,0.4,1.2,0.1,0.2,0.04,1,0.5,0.8,0.3,0.4,,
Pittosporum phillyraeoides,,Pittosporum,Pittosporaceae,Unknown,species,6,0.01,0.4,0.3,0.18,0.25,0.03,0.05,0.06,0.04,1.4,0.4,0.7,0.4,1.2,0.1,0.2,0.04,1,0.5,0.8,0.3,0.4,,
Pittosporum tenuifolium,tawhiwhi,Pittosporum,Pittosporaceae,Btr,species,6,0.01,0.4,0.3,0.18,0.25,0.03,0.05,0.06,0.04,1.4,0.4,0.7,0.4,1.2,0.1,0.2,0.04,1,0.5,0.8,0.3,0.4,,
Pittosporum tobira,Japanese cheesewood,Pittosporum,Pittosporaceae,Btr,species,6,0.01,0.4,0.3,0.18,0.25,0.03,0.05,0.06,0.04,1.4,0.4,0.7,0.4,1.2,0.1,0.2,0.04,1,0.5,0.8,0.3,0.4,,
Pittosporum undulatum,Australian cheesewood,Pittosporum,Pittosporaceae,Btr,species,6,0.01,0.4,0.3,0.18,0.25,0.03,0.05,0.06,0.04,1.4,0.4,0.7,0.4,1.2,0.1,0.2,0.04,1,0.5,0.8,0.3,0.4,,
Pittosporum viridiflorum,Cape cheesewood,Pittosporum,Pittosporaceae,Btr,species,6,0.01,0.4,0.3,0.18,0.25,0.03,0.05,0.06,0.04,1.4,0.4,0.7,0.4,1.2,0.1,0.2,0.04,1,0.5,0.8,0.3,0.4,,
Planera aquatica,,Planera,Ulmaceae,Btr,genus,6,0.003,0.08,0.3,0.06,0.04,0.03,0.05,0.06,0.04,1.6,0.4,0.7,0.4,1.2,0.1,0.2,0.04,1,0.5,0.8,0.3,0.4,,
Platanaceae,,Platanaceae,Platanaceae,Unknown,family,24,0.003,0.08,0.3,0.06,0.04,0.03,0.05,0.06,0.04,1.6,0.4,0.7,0.4,1.2,0.1,0.2,0.04,1,0.5,0.8,0.3,0.4,,
Platanus,sycamore,Platanus,Platanaceae,Btr,genus,24,0.003,0.08,0.3,0.06,0.04,0.03,0.05,0.06,0.04,1.6,0.4,0.7,0.4,1.2,0.1,0.2,0.04,1,0.5,0.8,0.3,0.4,,
Platanus acerifolia,,Platanus,Platanaceae,Btr,species,24,0.003,0.08,0.3,0.06,0.04,0.03,0.05,0.06,0.04,1.6,0.4,0.7,0.4,1.2,0.1,0.2,0.04,1,0.5,0.8,0.3,0.4,,
Platanus hybrida,London planetree,Platanus,Platanaceae,Btr,species,24,0.003,0.08,0.3,0.06,0.04,0.03,0.05,0.06,0.04,1.6,0.4,0.7,0.4,1.2,0.1,0.2,0.04,1,0.5,0.8,0.3,0.4,,
Platanus mexicana,Mexican sycamore,Platanus,Platanaceae,Btr,species,24,0.003,0.08,0.3,0.06,0.04,0.03,0.05,0.06,0.04,1.6,0.4,0.7,0.4,1.2,0.1,0.2,0.04,1,0.5,0.8,0.3,0.4,,
Platanus occidentalis,American sycamore,Platanus,Platanaceae,Btr,species,24,0.003,0.08,0.3,0.06,0.04,0.03,0.05,0.06,0.04,1.6,0.4,0.7,0.4,1.2,0.1,0.2,0.04,1,0.5,0.8,0.3,0.4,,
Platanus orientalis,Oriental planetree,Platanus,Platanaceae,Unknown,species,24,0.003,0.08,0.3,0.06,0.04,0.03,0.05,0.06,0.04,1.6,0.4,0.7,0.4,1.2,0.1,0.2,0.04,1,0.5,0.8,0.3,0.4,,
Platanus racemosa,California sycamore,Platanus,Platanaceae,Btr,species,24,0.003,0.08,0.3,0.06,0.04,0.03,0.05,0.06,0.04,1.6,0.4,0.7,0.4,1.2,0.1,0.2,0.04,1,0.5,0.8,0.3,0.4,,
Platanus x hispanica,London planetree,Platanus,Platanaceae,Btr,species,24,0.003,0.08,0.3,0.06,0.04,0.03,0.05,0.06,0.04,1.6,0.4,0.7,0.4,1.2,0.1,0.2,0.04,1,0.5,0.8,0.3,0.4,,
Platycerium bifurcatum,elkhorn fern,Platycerium,Polypodiaceae,Herb,species,6,0.01,0.4,0.3,0.18,0.25,0.03,0.05,0.06,0.04,1.4,0.4,0.7,0.4,1.2,0.1,0.2,0.04,1,0.5,0.8,0.3,0.4,,
Platycladus orientalis,Oriental arborvitae,Platycladus,Cupressaceae,Ntr,species,6,0.01,0.4,0.3,0.18,0.25,0.03,0.05,0.06,0.04,1.4,0.4,0.7,0.4,1.2,0.1,0.2,0.04,1,0.5,0.8,0.3,0.4,,
Pleioblastus distichus,,Pleioblastus,Poaceae,Unknown,species,6,0.01,0.4,0.3,0.18,0.25,0.03,0.05,0.06,0.04,1.4,0.4,0.7,0.4,1.2,0.1,0.2,0.04,1,0.5,0.8,0.3,0.4,,
Pleioblastus hindsii,,Pleioblastus,Poaceae,Shrub,species,6,0.01,0.4,0.3,0.18,0.25,0.03,0.05,0.06,0.04,1.4,0.4,0.7,0.4,1.2,0.1,0.2,0.04,1,0.5,0.8,0.3,0.4,,
Pleioblastus viridi-striata,,Pleioblastus,Poaceae,Unknown,species,6,0.01,0.4,0.3,0.18,0.25,0.03,0.05,0.06,0.04,1.4,0.4,0.7,0.4,1.2,0.1,0.2,0.04,1,0.5,0.8,0.3,0.4,,
Plerandra elegantissima,,Plerandra,Araliaceae,Btr,species,6,0.01,0.4,0.3,0.18,0.25,0.03,0.05,0.06,0.04,1.4,0.4,0.7,0.4,1.2,0.1,0.2,0.04,1,0.5,0.8,0.3,0.4,,
Pleurozium schreberi,,Pleurozium,TBD,Unknown,species,6,0.01,0.4,0.3,0.18,0.25,0.03,0.05,0.06,0.04,1.4,0.4,0.7,0.4,1.2,0.1,0.2,0.04,1,0.5,0.8,0.3,0.4,,
Plinia cauliflora,,Plinia,Myrtaceae,Btr,species,6,0.01,0.4,0.3,0.18,0.25,0.03,0.05,0.06,0.04,1.4,0.4,0.7,0.4,1.2,0.1,0.2,0.04,1,0.5,0.8,0.3,0.4,,
Plumeria alba,nosegaytree,Plumeria,Apocynaceae,Btr,species,6,0.01,0.4,0.3,0.18,0.25,0.03,0.05,0.06,0.04,1.4,0.4,0.7,0.4,1.2,0.1,0.2,0.04,1,0.5,0.8,0.3,0.4,,
Plumeria rubra,templetree,Plumeria,Apocynaceae,Btr,species,6,0.01,0.4,0.3,0.18,0.25,0.03,0.05,0.06,0.04,1.4,0.4,0.7,0.4,1.2,0.1,0.2,0.04,1,0.5,0.8,0.3,0.4,,
Poaceae,,Poaceae,Unknown,Unknown,family,6,0.01,0.4,0.3,0.18,0.25,0.03,0.05,0.06,0.04,1.4,0.4,0.7,0.4,1.2,0.1,0.2,0.04,1,0.5,0.8,0.3,0.4,,
Podocarpaceae,,Podocarpaceae,Podocarpaceae,Unknown,family,6,0.01,0.4,0.3,0.18,0.25,0.03,0.05,0.06,0.04,1.4,0.4,0.7,0.4,1.2,0.1,0.2,0.04,1,0.5,0.8,0.3,0.4,,
Podocarpus,plum pine,Podocarpus,Podocarpaceae,Ntr,genus,6,0.01,0.4,0.3,0.18,0.25,0.03,0.05,0.06,0.04,1.4,0.4,0.7,0.4,1.2,0.1,0.2,0.04,1,0.5,0.8,0.3,0.4,,
Podocarpus gracilior,,Podocarpus,Podocarpaceae,Unknown,species,6,0.01,0.4,0.3,0.18,0.25,0.03,0.05,0.06,0.04,1.4,0.4,0.7,0.4,1.2,0.1,0.2,0.04,1,0.5,0.8,0.3,0.4,,
Podocarpus henkelii,,Podocarpus,Podocarpaceae,Ntr,species,6,0.01,0.4,0.3,0.18,0.25,0.03,0.05,0.06,0.04,1.4,0.4,0.7,0.4,1.2,0.1,0.2,0.04,1,0.5,0.8,0.3,0.4,,
Podocarpus macrophylla,,Podocarpus,Podocarpaceae,Unknown,species,6,0.01,0.4,0.3,0.18,0.25,0.03,0.05,0.06,0.04,1.4,0.4,0.7,0.4,1.2,0.1,0.2,0.04,1,0.5,0.8,0.3,0.4,,
Podocarpus macrophyllus,yew plum pine,Podocarpus,Podocarpaceae,Ntr,species,6,0.01,0.4,0.3,0.18,0.25,0.03,0.05,0.06,0.04,1.4,0.4,0.7,0.4,1.2,0.1,0.2,0.04,1,0.5,0.8,0.3,0.4,,
Podocarpus nagi,,Podocarpus,Podocarpaceae,Unknown,species,6,0.01,0.4,0.3,0.18,0.25,0.03,0.05,0.06,0.04,1.4,0.4,0.7,0.4,1.2,0.1,0.2,0.04,1,0.5,0.8,0.3,0.4,,
Podocarpus totara,totara,Podocarpus,Podocarpaceae,Ntr,species,6,0.01,0.4,0.3,0.18,0.25,0.03,0.05,0.06,0.04,1.4,0.4,0.7,0.4,1.2,0.1,0.2,0.04,1,0.5,0.8,0.3,0.4,,
Poecilanthe,,Poecilanthe,TBD,Unknown,genus,6,0.01,0.4,0.3,0.18,0.25,0.03,0.05,0.06,0.04,1.4,0.4,0.7,0.4,1.2,0.1,0.2,0.04,1,0.5,0.8,0.3,0.4,,
Poikilospermum lanceolata,,Poikilospermum,TBD,Unknown,species,6,0.01,0.4,0.3,0.18,0.25,0.03,0.05,0.06,0.04,1.4,0.4,0.7,0.4,1.2,0.1,0.2,0.04,1,0.5,0.8,0.3,0.4,,
Polyalthia cheliensis,,Polyalthia,TBD,Unknown,species,6,0.01,0.4,0.3,0.18,0.25,0.03,0.05,0.06,0.04,1.4,0.4,0.7,0.4,1.2,0.1,0.2,0.04,1,0.5,0.8,0.3,0.4,,
Polyalthia suaveolens,,Polyalthia,TBD,Unknown,species,6,0.01,0.4,0.3,0.18,0.25,0.03,0.05,0.06,0.04,1.4,0.4,0.7,0.4,1.2,0.1,0.2,0.04,1,0.5,0.8,0.3,0.4,,
Polygala,polygala,Polygala,Polygalaceae,Btr,genus,6,0.003,0.15,0.2,0.08,0.12,0.03,0.05,0.06,0.04,1.6,0.4,0.7,0.4,1.2,0.1,0.2,0.04,1,0.5,0.8,0.3,0.4,,
Polygalaceae,,Polygalaceae,Polygalaceae,Unknown,family,6,0.01,0.4,0.3,0.18,0.25,0.03,0.05,0.06,0.04,1.4,0.4,0.7,0.4,1.2,0.1,0.2,0.04,1,0.5,0.8,0.3,0.4,,
Polygonaceae,,Polygonaceae,Unknown,Unknown,family,6,0.01,0.4,0.3,0.18,0.25,0.03,0.05,0.06,0.04,1.4,0.4,0.7,0.4,1.2,0.1,0.2,0.04,1,0.5,0.8,0.3,0.4,,
Polygonum schalinense,,Polygonum,Polygonaceae,Unknown,species,6,0.01,0.4,0.3,0.18,0.25,0.03,0.05,0.06,0.04,1.4,0.4,0.7,0.4,1.2,0.1,0.2,0.04,1,0.5,0.8,0.3,0.4,,
Polypodium aureum,,Polypodium,Polypodiaceae,Unknown,species,6,0.01,0.4,0.3,0.18,0.25,0.03,0.05,0.06,0.04,1.4,0.4,0.7,0.4,1.2,0.1,0.2,0.04,1,0.5,0.8,0.3,0.4,,
Polypodium lucidum,,Polypodium,Polypodiaceae,Unknown,species,6,0.01,0.4,0.3,0.18,0.25,0.03,0.05,0.06,0.04,1.4,0.4,0.7,0.4,1.2,0.1,0.2,0.04,1,0.5,0.8,0.3,0.4,,
Polypodium polycarpon,,Polypodium,Polypodiaceae,Unknown,species,6,0.01,0.4,0.3,0.18,0.25,0.03,0.05,0.06,0.04,1.4,0.4,0.7,0.4,1.2,0.1,0.2,0.04,1,0.5,0.8,0.3,0.4,,
Polypodium punctatum,,Polypodium,Polypodiaceae,Unknown,species,6,0.01,0.4,0.3,0.18,0.25,0.03,0.05,0.06,0.04,1.4,0.4,0.7,0.4,1.2,0.1,0.2,0.04,1,0.5,0.8,0.3,0.4,,
Polytrichum commune,,Polytrichum,TBD,Unknown,species,6,0.01,0.4,0.3,0.18,0.25,0.03,0.05,0.06,0.04,1.4,0.4,0.7,0.4,1.2,0.1,0.2,0.04,1,0.5,0.8,0.3,0.4,,
Polytrichum juniperinum,,Polytrichum,TBD,Unknown,species,6,0.01,0.4,0.3,0.18,0.25,0.03,0.05,0.06,0.04,1.4,0.4,0.7,0.4,1.2,0.1,0.2,0.04,1,0.5,0.8,0.3,0.4,,
Polytrichum piliferum,,Polytrichum,TBD,Unknown,species,6,0.01,0.4,0.3,0.18,0.25,0.03,0.05,0.06,0.04,1.4,0.4,0.7,0.4,1.2,0.1,0.2,0.04,1,0.5,0.8,0.3,0.4,,
Pometia tomentosa,,Pometia,TBD,Unknown,species,6,0.01,0.4,0.3,0.18,0.25,0.03,0.05,0.06,0.04,1.4,0.4,0.7,0.4,1.2,0.1,0.2,0.04,1,0.5,0.8,0.3,0.4,,
Poncirus trifoliata,trifoliate orange,Poncirus,Rutaceae,Unknown,species,1,0.01,0.4,0.3,0.18,0.25,0.03,0.05,0.06,0.04,1.4,0.4,0.7,0.4,1.2,0.1,0.2,0.04,1,0.5,0.8,0.3,0.4,,
Populus,,Populus,Salicaceae,Btr,genus,37,0.003,0.07,0.2,0.07,0.07,0.03,0.05,0.06,0.04,1.6,0.4,0.7,0.4,1.2,0.1,0.2,0.04,1,0.5,0.8,0.3,0.4,,
Populus alba,white poplar,Populus,Salicaceae,Btr,species,37,0.003,0.07,0.2,0.07,0.07,0.03,0.05,0.06,0.04,1.6,0.4,0.7,0.4,1.2,0.1,0.2,0.04,1,0.5,0.8,0.3,0.4,,
Populus angustifolia,narrowleaf cottonwood,Populus,Salicaceae,Btr,species,37,0.003,0.07,0.2,0.07,0.07,0.03,0.05,0.06,0.04,1.6,0.4,0.7,0.4,1.2,0.1,0.2,0.04,1,0.5,0.8,0.3,0.4,,
Populus balsamifera,balsam poplar,Populus,Salicaceae,Btr,species,37,0.003,0.07,0.2,0.07,0.07,0.03,0.05,0.06,0.04,1.6,0.4,0.7,0.4,1.2,0.1,0.2,0.04,1,0.5,0.8,0.3,0.4,,
Populus balsamifera ssp. trichocarpa,black cottonwood,Populus,Salicaceae,Btr,species,37,0.003,0.07,0.2,0.07,0.07,0.03,0.05,0.06,0.04,1.6,0.4,0.7,0.4,1.2,0.1,0.2,0.04,1,0.5,0.8,0.3,0.4,,
Populus bonatii,,Populus,Salicaceae,Unknown,species,37,0.003,0.07,0.2,0.07,0.07,0.03,0.05,0.06,0.04,1.6,0.4,0.7,0.4,1.2,0.1,0.2,0.04,1,0.5,0.8,0.3,0.4,,
Populus davidiana,,Populus,Salicaceae,Unknown,species,37,0.003,0.07,0.2,0.07,0.07,0.03,0.05,0.06,0.04,1.6,0.4,0.7,0.4,1.2,0.1,0.2,0.04,1,0.5,0.8,0.3,0.4,,
Populus deltoides,eastern cottonwood,Populus,Salicaceae,Btr,species,37,0.003,0.07,0.2,0.07,0.07,0.03,0.05,0.06,0.04,1.6,0.4,0.7,0.4,1.2,0.1,0.2,0.04,1,0.5,0.8,0.3,0.4,,
Populus deltoides - nigra,,Populus,Salicaceae,Btr,species,37,0.003,0.07,0.2,0.07,0.07,0.03,0.05,0.06,0.04,1.6,0.4,0.7,0.4,1.2,0.1,0.2,0.04,1,0.5,0.8,0.3,0.4,,
Populus deltoides ssp. wislizeni,Rio Grande cottonwood,Populus,Salicaceae,Btr,species,37,0.003,0.07,0.2,0.07,0.07,0.03,0.05,0.06,0.04,1.6,0.4,0.7,0.4,1.2,0.1,0.2,0.04,1,0.5,0.8,0.3,0.4,,
Populus euramerica,,Populus,Salicaceae,Unknown,species,37,0.003,0.07,0.2,0.07,0.07,0.03,0.05,0.06,0.04,1.6,0.4,0.7,0.4,1.2,0.1,0.2,0.04,1,0.5,0.8,0.3,0.4,,
Populus fremontii,Fremont cottonwood,Populus,Salicaceae,Btr,species,37,0.003,0.07,0.2,0.07,0.07,0.03,0.05,0.06,0.04,1.6,0.4,0.7,0.4,1.2,0.1,0.2,0.04,1,0.5,0.8,0.3,0.4,,
Populus grandidentata,bigtooth aspen,Populus,Salicaceae,Btr,species,37,0.003,0.07,0.2,0.07,0.07,0.03,0.05,0.06,0.04,1.6,0.4,0.7,0.4,1.2,0.1,0.2,0.04,1,0.5,0.8,0.3,0.4,,
Populus heterophylla,swamp cottonwood,Populus,Salicaceae,Btr,species,37,0.003,0.07,0.2,0.07,0.07,0.03,0.05,0.06,0.04,1.6,0.4,0.7,0.4,1.2,0.1,0.2,0.04,1,0.5,0.8,0.3,0.4,,
Populus koreana,,Populus,Salicaceae,Unknown,species,37,0.003,0.07,0.2,0.07,0.07,0.03,0.05,0.06,0.04,1.6,0.4,0.7,0.4,1.2,0.1,0.2,0.04,1,0.5,0.8,0.3,0.4,,
Populus maximowiczii,Japanese poplar,Populus,Salicaceae,Unknown,species,37,0.003,0.07,0.2,0.07,0.07,0.03,0.05,0.06,0.04,1.6,0.4,0.7,0.4,1.2,0.1,0.2,0.04,1,0.5,0.8,0.3,0.4,,
Populus nigra,Lombardy poplar,Populus,Salicaceae,Btr,species,37,0.003,0.07,0.2,0.07,0.07,0.03,0.05,0.06,0.04,1.6,0.4,0.7,0.4,1.2,0.1,0.2,0.04,1,0.5,0.8,0.3,0.4,,
Populus simonii,Simon poplar,Populus,Salicaceae,Unknown,species,37,0.003,0.07,0.2,0.07,0.07,0.03,0.05,0.06,0.04,1.6,0.4,0.7,0.4,1.2,0.1,0.2,0.04,1,0.5,0.8,0.3,0.4,,
Populus szechuanica,,Populus,Salicaceae,Unknown,species,37,0.003,0.07,0.2,0.07,0.07,0.03,0.05,0.06,0.04,1.6,0.4,0.7,0.4,1.2,0.1,0.2,0.04,1,0.5,0.8,0.3,0.4,,
Populus tremula,European aspen,Populus,Salicaceae,Btr,species,37,0.003,0.07,0.2,0.07,0.07,0.03,0.05,0.06,0.04,1.6,0.4,0.7,0.4,1.2,0.1,0.2,0.04,1,0.5,0.8,0.3,0.4,,
Populus tremuloides,quaking aspen,Populus,Salicaceae,Btr,species,37,0.003,0.07,0.2,0.07,0.07,0.03,0.05,0.06,0.04,1.6,0.4,0.7,0.4,1.2,0.1,0.2,0.04,1,0.5,0.8,0.3,0.4,,
Populus trichocarpa,,Populus,Salicaceae,Unknown,species,37,0.003,0.07,0.2,0.07,0.07,0.03,0.05,0.06,0.04,1.6,0.4,0.7,0.4,1.2,0.1,0.2,0.04,1,0.5,0.8,0.3,0.4,,
Populus trichocarpa- deltoides,,Populus,Salicaceae,Btr,species,37,0.003,0.07,0.2,0.07,0.07,0.03,0.05,0.06,0.04,1.6,0.4,0.7,0.4,1.2,0.1,0.2,0.04,1,0.5,0.8,0.3,0.4,,
Populus trichocarpa- nigra,,Populus,Salicaceae,Btr,species,37,0.003,0.07,0.2,0.07,0.07,0.03,0.05,0.06,0.04,1.6,0.4,0.7,0.4,1.2,0.1,0.2,0.04,1,0.5,0.8,0.3,0.4,,
Populus ussuriensis,,Populus,Salicaceae,Unknown,species,37,0.003,0.07,0.2,0.07,0.07,0.03,0.05,0.06,0.04,1.6,0.4,0.7,0.4,1.2,0.1,0.2,0.04,1,0.5,0.8,0.3,0.4,,
Populus x canadensis,Carolina poplar,Populus,Salicaceae,Btr,species,37,0.003,0.07,0.2,0.07,0.07,0.03,0.05,0.06,0.04,1.6,0.4,0.7,0.4,1.2,0.1,0.2,0.04,1,0.5,0.8,0.3,0.4,,
Populus x canescens,gray poplar,Populus,Salicaceae,Btr,species,37,0.003,0.07,0.2,0.07,0.07,0.03,0.05,0.06,0.04,1.6,0.4,0.7,0.4,1.2,0.1,0.2,0.04,1,0.5,0.8,0.3,0.4,,
Porterandia cladantha,,Porterandia,TBD,Unknown,species,6,0.01,0.4,0.3,0.18,0.25,0.03,0.05,0.06,0.04,1.4,0.4,0.7,0.4,1.2,0.1,0.2,0.04,1,0.5,0.8,0.3,0.4,,
Potentilla fruiticosa,,Potentilla,Rosaceae,Unknown,species,6,0.01,0.4,0.3,0.18,0.25,0.03,0.05,0.06,0.04,1.4,0.4,0.7,0.4,1.2,0.1,0.2,0.04,1,0.5,0.8,0.3,0.4,,
Poulsenia armata,,Poulsenia,TBD,Unknown,species,6,0.01,0.4,0.3,0.18,0.25,0.03,0.05,0.06,0.04,1.4,0.4,0.7,0.4,1.2,0.1,0.2,0.04,1,0.5,0.8,0.3,0.4,,
Pourouma aspera,,Pourouma,TBD,Unknown,species,6,0.01,0.4,0.3,0.18,0.25,0.03,0.05,0.06,0.04,1.4,0.4,0.7,0.4,1.2,0.1,0.2,0.04,1,0.5,0.8,0.3,0.4,,
Pouteria,pouteria,Pouteria,Sapotaceae,Btr,genus,6,0.01,0.4,0.3,0.18,0.25,0.03,0.05,0.06,0.04,1.4,0.4,0.7,0.4,1.2,0.1,0.2,0.04,1,0.5,0.8,0.3,0.4,,
Pouteria grandiflora,,Pouteria,Sapotaceae,Unknown,species,6,0.01,0.4,0.3,0.18,0.25,0.03,0.05,0.06,0.04,1.4,0.4,0.7,0.4,1.2,0.1,0.2,0.04,1,0.5,0.8,0.3,0.4,,
Premna flavescens,,Premna,Verbenaceae,Unknown,species,6,0.01,0.4,0.3,0.18,0.25,0.03,0.05,0.06,0.04,1.4,0.4,0.7,0.4,1.2,0.1,0.2,0.04,1,0.5,0.8,0.3,0.4,,
Premna fulva,,Premna,Verbenaceae,Unknown,species,6,0.01,0.4,0.3,0.18,0.25,0.03,0.05,0.06,0.04,1.4,0.4,0.7,0.4,1.2,0.1,0.2,0.04,1,0.5,0.8,0.3,0.4,,
Prestoea decurrens,,Prestoea,Arecaceae,Unknown,species,6,0.01,0.4,0.3,0.18,0.25,0.03,0.05,0.06,0.04,1.4,0.4,0.7,0.4,1.2,0.1,0.2,0.04,1,0.5,0.8,0.3,0.4,,
Prosopis,mesquite,Prosopis,Fabaceae,Btr,genus,0.003,0.003,0.1,0.1,0.15,0.15,0.03,0.05,0.06,0.04,1.6,0.4,0.7,0.4,1.2,0.1,0.2,0.04,1,0.5,0.8,0.3,0.4,,
Prosopis africana,African mesquite,Prosopis,Fabaceae,Unknown,species,0.003,0.003,0.1,0.1,0.15,0.15,0.03,0.05,0.06,0.04,1.6,0.4,0.7,0.4,1.2,0.1,0.2,0.04,1,0.5,0.8,0.3,0.4,,
Prosopis alba,algarrobo blanco,Prosopis,Fabaceae,Unknown,species,0.003,0.003,0.1,0.1,0.15,0.15,0.03,0.05,0.06,0.04,1.6,0.4,0.7,0.4,1.2,0.1,0.2,0.04,1,0.5,0.8,0.3,0.4,,
Prosopis chilensis,algarrobo,Prosopis,Fabaceae,Unknown,species,0.003,0.003,0.1,0.1,0.15,0.15,0.03,0.05,0.06,0.04,1.6,0.4,0.7,0.4,1.2,0.1,0.2,0.04,1,0.5,0.8,0.3,0.4,,
Prosopis glandulosa,honey mesquite,Prosopis,Fabaceae,Btr,species,0.003,0.003,0.1,0.1,0.15,0.15,0.03,0.05,0.06,0.04,1.6,0.4,0.7,0.4,1.2,0.1,0.2,0.04,1,0.5,0.8,0.3,0.4,,
Prosopis juliflora,mesquite,Prosopis,Fabaceae,Btr,species,0.003,0.003,0.1,0.1,0.15,0.15,0.03,0.05,0.06,0.04,1.6,0.4,0.7,0.4,1.2,0.1,0.2,0.04,1,0.5,0.8,0.3,0.4,,
Prosopis pubescens,screwbean mesquite,Prosopis,Fabaceae,Btr,species,0.003,0.003,0.17,0.087,0.024,0.036,0.03,0.05,0.06,0.04,1.6,0.4,0.7,0.4,1.2,0.1,0.2,0.04,1,0.5,0.8,0.3,0.4,,
Prostanthera denticulata,,Prostanthera,TBD,Unknown,species,6,0.01,0.4,0.3,0.18,0.25,0.03,0.05,0.06,0.04,1.4,0.4,0.7,0.4,1.2,0.1,0.2,0.04,1,0.5,0.8,0.3,0.4,,
Prostanthera rotundifolia,,Prostanthera,TBD,Unknown,species,6,0.01,0.4,0.3,0.18,0.25,0.03,0.05,0.06,0.04,1.4,0.4,0.7,0.4,1.2,0.1,0.2,0.04,1,0.5,0.8,0.3,0.4,,
Protea obtusifolia,,Protea,Proteaceae,Unknown,species,6,0.01,0.4,0.3,0.18,0.25,0.03,0.05,0.06,0.04,1.4,0.4,0.7,0.4,1.2,0.1,0.2,0.04,1,0.5,0.8,0.3,0.4,,
Protium,,Protium,Burseraceae,Btr,genus,6,0.01,0.4,0.3,0.18,0.25,0.03,0.05,0.06,0.04,1.4,0.4,0.7,0.4,1.2,0.1,0.2,0.04,1,0.5,0.8,0.3,0.4,,
Protium panamense,,Protium,Burseraceae,Unknown,species,6,0.01,0.4,0.3,0.18,0.25,0.03,0.05,0.06,0.04,1.4,0.4,0.7,0.4,1.2,0.1,0.2,0.04,1,0.5,0.8,0.3,0.4,,
Protium pittierii,,Protium,Burseraceae,Unknown,species,6,0.01,0.4,0.3,0.18,0.25,0.03,0.05,0.06,0.04,1.4,0.4,0.7,0.4,1.2,0.1,0.2,0.04,1,0.5,0.8,0.3,0.4,,
Prunus,plum,Prunus,Rosaceae,Btr,genus,0.003,0.003,0.5,0.4,0.1,0.15,0.03,0.05,0.06,0.04,1.6,0.4,0.7,0.4,1.2,0.1,0.2,0.04,1,0.5,0.8,0.3,0.4,,
Prunus africana,,Prunus,Rosaceae,Unknown,species,0.003,0.003,0.5,0.4,0.1,0.15,0.03,0.05,0.06,0.04,1.6,0.4,0.7,0.4,1.2,0.1,0.2,0.04,1,0.5,0.8,0.3,0.4,,
Prunus americana,American plum,Prunus,Rosaceae,Btr,species,0.003,0.003,0.5,0.4,0.1,0.15,0.03,0.05,0.06,0.04,1.6,0.4,0.7,0.4,1.2,0.1,0.2,0.04,1,0.5,0.8,0.3,0.4,,
Prunus amygdalus,Almond,Prunus,Rosaceae,Btr,species,0.003,0.003,0.5,0.4,0.1,0.15,0.03,0.05,0.06,0.04,1.6,0.4,0.7,0.4,1.2,0.1,0.2,0.04,1,0.5,0.8,0.3,0.4,,
Prunus andersonii,desert peach,Prunus,Rosaceae,Shrub,species,0.003,0.003,0.5,0.4,0.1,0.15,0.03,0.05,0.06,0.04,1.6,0.4,0.7,0.4,1.2,0.1,0.2,0.04,1,0.5,0.8,0.3,0.4,,
Prunus angustifolia,Chickasaw plum,Prunus,Rosaceae,Btr,species,0.003,0.003,0.5,0.4,0.1,0.15,0.03,0.05,0.06,0.04,1.6,0.4,0.7,0.4,1.2,0.1,0.2,0.04,1,0.5,0.8,0.3,0.4,,
Prunus armeniaca,apricot,Prunus,Rosaceae,Btr,species,0.003,0.003,0.5,0.4,0.1,0.15,0.03,0.05,0.06,0.04,1.6,0.4,0.7,0.4,1.2,0.1,0.2,0.04,1,0.5,0.8,0.3,0.4,,
Prunus avium,sweet cherry,Prunus,Rosaceae,Btr,species,0.003,0.003,0.5,0.4,0.1,0.15,0.03,0.05,0.06,0.04,1.6,0.4,0.7,0.4,1.2,0.1,0.2,0.04,1,0.5,0.8,0.3,0.4,,
Prunus blireiana,,Prunus,Rosaceae,Btr,species,0.003,0.003,0.5,0.4,0.1,0.15,0.03,0.05,0.06,0.04,1.6,0.4,0.7,0.4,1.2,0.1,0.2,0.04,1,0.5,0.8,0.3,0.4,,
Prunus campanulata,,Prunus,Rosaceae,Btr,species,0.003,0.003,0.5,0.4,0.1,0.15,0.03,0.05,0.06,0.04,1.6,0.4,0.7,0.4,1.2,0.1,0.2,0.04,1,0.5,0.8,0.3,0.4,,
Prunus caroliniana,Carolina laurelcherry,Prunus,Rosaceae,Btr,species,0.003,0.003,0.5,0.4,0.1,0.15,0.03,0.05,0.06,0.04,1.6,0.4,0.7,0.4,1.2,0.1,0.2,0.04,1,0.5,0.8,0.3,0.4,,
Prunus cerasifera,cherry plum,Prunus,Rosaceae,Btr,species,0.003,0.003,0.5,0.4,0.1,0.15,0.03,0.05,0.06,0.04,1.6,0.4,0.7,0.4,1.2,0.1,0.2,0.04,1,0.5,0.8,0.3,0.4,,
Prunus cerasoides,,Prunus,Rosaceae,Unknown,species,0.003,0.003,0.5,0.4,0.1,0.15,0.03,0.05,0.06,0.04,1.6,0.4,0.7,0.4,1.2,0.1,0.2,0.04,1,0.5,0.8,0.3,0.4,,
Prunus cerasus,sour cherry,Prunus,Rosaceae,Btr,species,0.003,0.003,0.5,0.4,0.1,0.15,0.03,0.05,0.06,0.04,1.6,0.4,0.7,0.4,1.2,0.1,0.2,0.04,1,0.5,0.8,0.3,0.4,,
Prunus coronaria,,Prunus,Rosaceae,Unknown,species,0.003,0.003,0.5,0.4,0.1,0.15,0.03,0.05,0.06,0.04,1.6,0.4,0.7,0.4,1.2,0.1,0.2,0.04,1,0.5,0.8,0.3,0.4,,
Prunus domestica,European plum,Prunus,Rosaceae,Btr,species,0.003,0.003,0.5,0.4,0.1,0.15,0.03,0.05,0.06,0.04,1.6,0.4,0.7,0.4,1.2,0.1,0.2,0.04,1,0.5,0.8,0.3,0.4,,
Prunus dulcis,sweet almond,Prunus,Rosaceae,Btr,species,0.003,0.003,0.5,0.4,0.1,0.15,0.03,0.05,0.06,0.04,1.6,0.4,0.7,0.4,1.2,0.1,0.2,0.04,1,0.5,0.8,0.3,0.4,,
Prunus emarginata,bitter cherry,Prunus,Rosaceae,Btr,species,0.003,0.003,0.5,0.4,0.1,0.15,0.03,0.05,0.06,0.04,1.6,0.4,0.7,0.4,1.2,0.1,0.2,0.04,1,0.5,0.8,0.3,0.4,,
Prunus fasciculata,desert almond,Prunus,Rosaceae,Shrub,species,0.003,0.003,0.5,0.4,0.1,0.15,0.03,0.05,0.06,0.04,1.6,0.4,0.7,0.4,1.2,0.1,0.2,0.04,1,0.5,0.8,0.3,0.4,,
Prunus ilicifolia,hollyleaf cherry,Prunus,Rosaceae,Btr,species,0.003,0.003,0.5,0.4,0.1,0.15,0.03,0.05,0.06,0.04,1.6,0.4,0.7,0.4,1.2,0.1,0.2,0.04,1,0.5,0.8,0.3,0.4,,
Prunus ilicifolia ssp. lyonii,catalina cherry,Prunus,Rosaceae,Btr,species,0.003,0.003,0.5,0.4,0.1,0.15,0.03,0.05,0.06,0.04,1.6,0.4,0.7,0.4,1.2,0.1,0.2,0.04,1,0.5,0.8,0.3,0.4,,
Prunus kawakamii,,Prunus,Rosaceae,Unknown,species,0.003,0.003,0.5,0.4,0.1,0.15,0.03,0.05,0.06,0.04,1.6,0.4,0.7,0.4,1.2,0.1,0.2,0.04,1,0.5,0.8,0.3,0.4,,
Prunus laurocerasus,cherry laurel,Prunus,Rosaceae,Btr,species,0.003,0.003,0.5,0.4,0.1,0.15,0.03,0.05,0.06,0.04,1.6,0.4,0.7,0.4,1.2,0.1,0.2,0.04,1,0.5,0.8,0.3,0.4,,
Prunus lusitanica,Portugal laurel,Prunus,Rosaceae,Btr,species,0.003,0.003,0.5,0.4,0.1,0.15,0.03,0.05,0.06,0.04,1.6,0.4,0.7,0.4,1.2,0.1,0.2,0.04,1,0.5,0.8,0.3,0.4,,
Prunus lyonii,,Prunus,Rosaceae,Btr,species,0.003,0.003,0.5,0.4,0.1,0.15,0.03,0.05,0.06,0.04,1.6,0.4,0.7,0.4,1.2,0.1,0.2,0.04,1,0.5,0.8,0.3,0.4,,
Prunus maritima,beach plum,Prunus,Rosaceae,Shrub,species,0.003,0.003,0.5,0.4,0.1,0.15,0.03,0.05,0.06,0.04,1.6,0.4,0.7,0.4,1.2,0.1,0.2,0.04,1,0.5,0.8,0.3,0.4,,
Prunus maximiwiczii,,Prunus,Rosaceae,Unknown,species,0.003,0.003,0.5,0.4,0.1,0.15,0.03,0.05,0.06,0.04,1.6,0.4,0.7,0.4,1.2,0.1,0.2,0.04,1,0.5,0.8,0.3,0.4,,
Prunus mume,Japanese apricot,Prunus,Rosaceae,Unknown,species,0.003,0.003,0.5,0.4,0.1,0.15,0.03,0.05,0.06,0.04,1.6,0.4,0.7,0.4,1.2,0.1,0.2,0.04,1,0.5,0.8,0.3,0.4,,
Prunus nigra,Canadian plum,Prunus,Rosaceae,Btr,species,0.003,0.003,0.5,0.4,0.1,0.15,0.03,0.05,0.06,0.04,1.6,0.4,0.7,0.4,1.2,0.1,0.2,0.04,1,0.5,0.8,0.3,0.4,,
Prunus pensylvanica,pin cherry,Prunus,Rosaceae,Btr,species,0.003,0.003,0.5,0.4,0.1,0.15,0.03,0.05,0.06,0.04,1.6,0.4,0.7,0.4,1.2,0.1,0.2,0.04,1,0.5,0.8,0.3,0.4,,
Prunus persica,peach,Prunus,Rosaceae,Btr,species,0.003,0.003,0.5,0.4,0.1,0.15,0.03,0.05,0.06,0.04,1.6,0.4,0.7,0.4,1.2,0.1,0.2,0.04,1,0.5,0.8,0.3,0.4,,
Prunus salicina,Japanese plum,Prunus,Rosaceae,Unknown,species,0.003,0.003,0.5,0.4,0.1,0.15,0.03,0.05,0.06,0.04,1.6,0.4,0.7,0.4,1.2,0.1,0.2,0.04,1,0.5,0.8,0.3,0.4,,
Prunus serotina,black cherry,Prunus,Rosaceae,Btr,species,0.003,0.003,0.5,0.4,0.1,0.15,0.03,0.05,0.06,0.04,1.6,0.4,0.7,0.4,1.2,0.1,0.2,0.04,1,0.5,0.8,0.3,0.4,,
Prunus serrulata,Japanese flowering cherry,Prunus,Rosaceae,Btr,species,0.003,0.003,0.5,0.4,0.1,0.15,0.03,0.05,0.06,0.04,1.6,0.4,0.7,0.4,1.2,0.1,0.2,0.04,1,0.5,0.8,0.3,0.4,,
Prunus spinosa,blackthorn,Prunus,Rosaceae,Btr,species,0.003,0.003,0.5,0.4,0.1,0.15,0.03,0.05,0.06,0.04,1.6,0.4,0.7,0.4,1.2,0.1,0.2,0.04,1,0.5,0.8,0.3,0.4,,
Prunus subcordata,Klamath plum,Prunus,Rosaceae,Btr,species,0.003,0.003,0.5,0.4,0.1,0.15,0.03,0.05,0.06,0.04,1.6,0.4,0.7,0.4,1.2,0.1,0.2,0.04,1,0.5,0.8,0.3,0.4,,
Prunus subhirtella,winter-flowering cherry,Prunus,Rosaceae,Btr,species,0.003,0.003,0.5,0.4,0.1,0.15,0.03,0.05,0.06,0.04,1.6,0.4,0.7,0.4,1.2,0.1,0.2,0.04,1,0.5,0.8,0.3,0.4,,
Prunus virginiana,chokecherry,Prunus,Rosaceae,Btr,species,0.003,0.003,0.5,0.4,0.1,0.15,0.03,0.05,0.06,0.04,1.6,0.4,0.7,0.4,1.2,0.1,0.2,0.04,1,0.5,0.8,0.3,0.4,,
Prunus virginiana var. demissa,western chokecherry,Prunus,Rosaceae,Btr,species,0.003,0.003,0.5,0.4,0.1,0.15,0.03,0.05,0.06,0.04,1.6,0.4,0.7,0.4,1.2,0.1,0.2,0.04,1,0.5,0.8,0.3,0.4,,
Prunus x yedoensis,,Prunus,Rosaceae,Btr,species,0.003,0.003,0.5,0.4,0.1,0.15,0.03,0.05,0.06,0.04,1.6,0.4,0.7,0.4,1.2,0.1,0.2,0.04,1,0.5,0.8,0.3,0.4,,
Pseudobombax ellipticum,,Pseudobombax,Bombacaceae,Unknown,species,6,0.01,0.4,0.3,0.18,0.25,0.03,0.05,0.06,0.04,1.4,0.4,0.7,0.4,1.2,0.1,0.2,0.04,1,0.5,0.8,0.3,0.4,,
Pseudobombax septenatum,,Pseudobombax,Bombacaceae,Unknown,species,6,0.01,0.4,0.3,0.18,0.25,0.03,0.05,0.06,0.04,1.4,0.4,0.7,0.4,1.2,0.1,0.2,0.04,1,0.5,0.8,0.3,0.4,,
Pseudolachnostylis maprouneifolia,,Pseudolachnostylis,TBD,Unknown,species,6,0.01,0.4,0.3,0.18,0.25,0.03,0.05,0.06,0.04,1.4,0.4,0.7,0.4,1.2,0.1,0.2,0.04,1,0.5,0.8,0.3,0.4,,
Pseudospondias microcarpa,,Pseudospondias,TBD,Unknown,species,6,0.01,0.4,0.3,0.18,0.25,0.03,0.05,0.06,0.04,1.4,0.4,0.7,0.4,1.2,0.1,0.2,0.04,1,0.5,0.8,0.3,0.4,,
Pseudotsuga,Douglas-fir,Pseudotsuga,Pinaceae,Ntr,genus,0.003,0.003,0.2,0.4,0.03,0.08,0.03,0.05,0.09,0.06,1.6,0.4,0.7,0.4,1.5,0.1,0.2,0.04,1,0.5,0.8,0.3,0.4,,
Pseudotsuga macrocarpa,bigcone Douglas-fir,Pseudotsuga,Pinaceae,Ntr,species,0.003,0.003,0.2,0.4,0.03,0.08,0.03,0.05,0.09,0.06,1.6,0.4,0.7,0.4,1.5,0.1,0.2,0.04,1,0.5,0.8,0.3,0.4,,
Pseudotsuga menziesii,Douglas-fir,Pseudotsuga,Pinaceae,Ntr,species,0.003,0.003,0.2,0.4,0.03,0.08,0.03,0.05,0.09,0.06,1.6,0.4,0.7,0.4,1.5,0.1,0.2,0.04,1,0.5,0.8,0.3,0.4,,
Pseudotsuga menziesii var. glauca,Rocky Mountain Douglas-fir,Pseudotsuga,Pinaceae,Ntr,species,0.003,0.003,0.2,0.4,0.03,0.08,0.03,0.05,0.09,0.06,1.6,0.4,0.7,0.4,1.5,0.1,0.2,0.04,1,0.5,0.8,0.3,0.4,,
Psidium cattleianum,strawberry guava,Psidium,Myrtaceae,Btr,species,6,0.01,0.4,0.3,0.18,0.25,0.03,0.05,0.06,0.04,1.4,0.4,0.7,0.4,1.2,0.1,0.2,0.04,1,0.5,0.8,0.3,0.4,,
Psidium guajava,guava,Psidium,Myrtaceae,Btr,species,6,0.01,0.4,0.3,0.18,0.25,0.03,0.05,0.06,0.04,1.4,0.4,0.7,0.4,1.2,0.1,0.2,0.04,1,0.5,0.8,0.3,0.4,,
Psorothamnus spinosus,smoketree,Psorothamnus,Fabaceae,Btr,species,6,0.01,0.4,0.3,0.18,0.25,0.03,0.05,0.06,0.04,1.4,0.4,0.7,0.4,1.2,0.1,0.2,0.04,1,0.5,0.8,0.3,0.4,,
Pteridium aquilinum,western brackenfern,Pteridium,Dennstaedtiaceae,Herb,species,6,0.01,0.4,0.3,0.18,0.25,0.03,0.05,0.06,0.04,1.4,0.4,0.7,0.4,1.2,0.1,0.2,0.04,1,0.5,0.8,0.3,0.4,,
Pteris cretica,Cretan brake,Pteris,Pteridaceae,Herb,species,6,0.01,0.4,0.3,0.18,0.25,0.03,0.05,0.06,0.04,1.4,0.4,0.7,0.4,1.2,0.1,0.2,0.04,1,0.5,0.8,0.3,0.4,,
Pteris tremula,Australian brake,Pteris,Pteridaceae,Herb,species,6,0.01,0.4,0.3,0.18,0.25,0.03,0.05,0.06,0.04,1.4,0.4,0.7,0.4,1.2,0.1,0.2,0.04,1,0.5,0.8,0.3,0.4,,
Pterocarpus,pterocarpus,Pterocarpus,Fabaceae,Btr,genus,6,0.01,0.4,0.3,0.18,0.25,0.03,0.05,0.06,0.04,1.4,0.4,0.7,0.4,1.2,0.1,0.2,0.04,1,0.5,0.8,0.3,0.4,,
Pterocarpus luscens,,Pterocarpus,Fabaceae,Unknown,species,6,0.01,0.4,0.3,0.18,0.25,0.03,0.05,0.06,0.04,1.4,0.4,0.7,0.4,1.2,0.1,0.2,0.04,1,0.5,0.8,0.3,0.4,,
Pterocarpus officinalis,dragonsblood tree,Pterocarpus,Fabaceae,Btr,species,6,0.01,0.4,0.3,0.18,0.25,0.03,0.05,0.06,0.04,1.4,0.4,0.7,0.4,1.2,0.1,0.2,0.04,1,0.5,0.8,0.3,0.4,,
Pterocarpus rotundifolius,,Pterocarpus,Fabaceae,Unknown,species,6,0.01,0.4,0.3,0.18,0.25,0.03,0.05,0.06,0.04,1.4,0.4,0.7,0.4,1.2,0.1,0.2,0.04,1,0.5,0.8,0.3,0.4,,
Pterocarpus soyauxii,barwood,Pterocarpus,Fabaceae,Unknown,species,6,0.01,0.4,0.3,0.18,0.25,0.03,0.05,0.06,0.04,1.4,0.4,0.7,0.4,1.2,0.1,0.2,0.04,1,0.5,0.8,0.3,0.4,,
Pterocarya fraxinifolia,,Pterocarya,Juglandaceae,Unknown,species,6,0.01,0.4,0.3,0.18,0.25,0.03,0.05,0.06,0.04,1.4,0.4,0.7,0.4,1.2,0.1,0.2,0.04,1,0.5,0.8,0.3,0.4,,
Pterocarya stenoptera,Chinese wingnut,Pterocarya,Juglandaceae,Btr,species,6,0.01,0.4,0.3,0.18,0.25,0.03,0.05,0.06,0.04,1.4,0.4,0.7,0.4,1.2,0.1,0.2,0.04,1,0.5,0.8,0.3,0.4,,
Pterocarya tonkinensis,,Pterocarya,Juglandaceae,Unknown,species,6,0.01,0.4,0.3,0.18,0.25,0.03,0.05,0.06,0.04,1.4,0.4,0.7,0.4,1.2,0.1,0.2,0.04,1,0.5,0.8,0.3,0.4,,
Pterygota bequaertii,,Pterygota,TBD,Unknown,species,6,0.01,0.4,0.3,0.18,0.25,0.03,0.05,0.06,0.04,1.4,0.4,0.7,0.4,1.2,0.1,0.2,0.04,1,0.5,0.8,0.3,0.4,,
Ptilium crista-castrensis,,Ptilium,TBD,Unknown,species,6,0.01,0.4,0.3,0.18,0.25,0.03,0.05,0.06,0.04,1.4,0.4,0.7,0.4,1.2,0.1,0.2,0.04,1,0.5,0.8,0.3,0.4,,
Pueraria,kudzu,Pueraria,Fabaceae,Shrub,genus,24,0.01,0.4,0.3,0.18,0.25,0.03,0.05,0.06,0.04,1.4,0.4,0.7,0.4,1.2,0.1,0.2,0.04,1,0.5,0.8,0.3,0.4,,
Pueraria javanica,,Pueraria,Fabaceae,Unknown,species,24,0.01,0.4,0.3,0.18,0.25,0.03,0.05,0.06,0.04,1.4,0.4,0.7,0.4,1.2,0.1,0.2,0.04,1,0.5,0.8,0.3,0.4,,
Pueraria lobata,,Pueraria,Fabaceae,Unknown,species,24,0.01,0.4,0.3,0.18,0.25,0.03,0.05,0.06,0.04,1.4,0.4,0.7,0.4,1.2,0.1,0.2,0.04,1,0.5,0.8,0.3,0.4,,
Punica granatum,pomegranate,Punica,Punicaceae,Btr,species,6,0.01,0.4,0.3,0.18,0.25,0.03,0.05,0.06,0.04,1.4,0.4,0.7,0.4,1.2,0.1,0.2,0.04,1,0.5,0.8,0.3,0.4,,
Purshia tridentata,antelope bitterbrush,Purshia,Rosaceae,Shrub,species,6,0.01,0.4,0.3,0.18,0.25,0.03,0.05,0.06,0.04,1.4,0.4,0.7,0.4,1.2,0.1,0.2,0.04,1,0.5,0.8,0.3,0.4,,
Pycnanthus angolensis,,Pycnanthus,TBD,Unknown,species,6,0.01,0.4,0.3,0.18,0.25,0.03,0.05,0.06,0.04,1.4,0.4,0.7,0.4,1.2,0.1,0.2,0.04,1,0.5,0.8,0.3,0.4,,
Pyracantha coccinea,scarlet firethorn,Pyracantha,Rosaceae,Shrub,species,6,0.01,0.4,0.3,0.18,0.25,0.03,0.05,0.06,0.04,1.4,0.4,0.7,0.4,1.2,0.1,0.2,0.04,1,0.5,0.8,0.3,0.4,,
Pyrrosia varia,,Pyrrosia,TBD,Unknown,species,6,0.01,0.4,0.3,0.18,0.25,0.03,0.05,0.06,0.04,1.4,0.4,0.7,0.4,1.2,0.1,0.2,0.04,1,0.5,0.8,0.3,0.4,,
Pyrus,pear,Pyrus,Rosaceae,Btr,genus,0.003,0.003,0.2,0.2,0.1,0.15,0.03,0.05,0.06,0.04,1.6,0.4,0.7,0.4,1.2,0.1,0.2,0.04,1,0.5,0.8,0.3,0.4,,
Pyrus betulifolia,pear,Pyrus,Rosaceae,Btr,species,0.003,0.003,0.2,0.2,0.1,0.15,0.03,0.05,0.06,0.04,1.6,0.4,0.7,0.4,1.2,0.1,0.2,0.04,1,0.5,0.8,0.3,0.4,,
Pyrus calleryana,Callery pear,Pyrus,Rosaceae,Btr,species,0.003,0.003,0.2,0.2,0.1,0.15,0.03,0.05,0.06,0.04,1.6,0.4,0.7,0.4,1.2,0.1,0.2,0.04,1,0.5,0.8,0.3,0.4,,
Pyrus communis,common pear,Pyrus,Rosaceae,Btr,species,0.003,0.003,0.2,0.2,0.1,0.15,0.03,0.05,0.06,0.04,1.6,0.4,0.7,0.4,1.2,0.1,0.2,0.04,1,0.5,0.8,0.3,0.4,,
Pyrus coronaria,,Pyrus,Rosaceae,Unknown,species,0.003,0.003,0.2,0.2,0.1,0.15,0.03,0.05,0.06,0.04,1.6,0.4,0.7,0.4,1.2,0.1,0.2,0.04,1,0.5,0.8,0.3,0.4,,
Pyrus kawakamii,,Pyrus,Rosaceae,Unknown,species,0.003,0.003,0.2,0.2,0.1,0.15,0.03,0.05,0.06,0.04,1.6,0.4,0.7,0.4,1.2,0.1,0.2,0.04,1,0.5,0.8,0.3,0.4,,
Pyrus pyrifolia,Chinese pear,Pyrus,Rosaceae,Btr,species,0.003,0.003,0.2,0.2,0.1,0.15,0.03,0.05,0.06,0.04,1.6,0.4,0.7,0.4,1.2,0.1,0.2,0.04,1,0.5,0.8,0.3,0.4,,
Quercus,oak,Quercus,Fagaceae,Btr,genus,24,0.003,0.3,0.3,0.2,0.2,0.03,0.05,0.06,0.04,1.6,0.4,0.7,0.4,1.2,0.1,0.2,0.04,1,0.5,0.8,0.3,0.4,,
Quercus acutissima,sawtooth oak,Quercus_NT,Fagaceae,Btr,species,0.1,0.003,0.6,0.6,0.4,0.4,0.03,0.05,0.06,0.04,1.6,0.4,0.7,0.4,1.2,0.1,0.2,0.04,1,0.5,0.8,0.3,0.4,,
Quercus afares,,Quercus_MT,Fagaceae,Btr,species,0.1,0.003,3,3,2,2,0.03,0.05,0.06,0.04,1.6,0.4,0.7,0.4,1.2,0.1,0.2,0.04,1,0.5,0.8,0.3,0.4,,
Quercus agrifolia,California live oak,Quercus_Iso,Fagaceae,Btr,species,34,0.003,0.3,0.3,0.2,0.2,0.03,0.05,0.06,0.04,1.6,0.4,0.7,0.4,1.2,0.1,0.2,0.04,1,0.5,0.8,0.3,0.4,,
Quercus alba,white oak,Quercus_Iso,Fagaceae,Btr,species,34,0.003,0.3,0.3,0.2,0.2,0.03,0.05,0.06,0.04,1.6,0.4,0.7,0.4,1.2,0.1,0.2,0.04,1,0.5,0.8,0.3,0.4,,
Quercus alvordiana,,Quercus,Fagaceae,Btr,species,34,0.003,0.3,0.3,0.2,0.2,0.03,0.05,0.06,0.04,1.6,0.4,0.7,0.4,1.2,0.1,0.2,0.04,1,0.5,0.8,0.3,0.4,,
Quercus aucheri,,Quercus,Fagaceae,Btr,species,34,0.003,0.3,0.3,0.2,0.2,0.03,0.05,0.06,0.04,1.6,0.4,0.7,0.4,1.2,0.1,0.2,0.04,1,0.5,0.8,0.3,0.4,,
Quercus berberidifolia,scrub oak,Quercus_Iso,Fagaceae,Btr,species,34,0.003,0.3,0.3,0.2,0.2,0.03,0.05,0.06,0.04,1.6,0.4,0.7,0.4,1.2,0.1,0.2,0.04,1,0.5,0.8,0.3,0.4,,
Quercus bicolor,swamp white oak,Quercus_Iso,Fagaceae,Btr,species,34,0.003,0.3,0.3,0.2,0.2,0.03,0.05,0.06,0.04,1.6,0.4,0.7,0.4,1.2,0.1,0.2,0.04,1,0.5,0.8,0.3,0.4,,
Quercus borealis,,Quercus_Iso,Fagaceae,Unknown,species,34,0.003,0.3,0.3,0.2,0.2,0.03,0.05,0.06,0.04,1.6,0.4,0.7,0.4,1.2,0.1,0.2,0.04,1,0.5,0.8,0.3,0.4,,
Quercus buckleyi,,Quercus,Fagaceae,Btr,genus,24,0.003,0.3,0.3,0.2,0.2,0.03,0.05,0.06,0.04,1.6,0.4,0.7,0.4,1.2,0.1,0.2,0.04,1,0.5,0.8,0.3,0.4,,
Quercus bushii,,Quercus,Fagaceae,Unknown,species,34,0.003,0.3,0.3,0.2,0.2,0.03,0.05,0.06,0.04,1.6,0.4,0.7,0.4,1.2,0.1,0.2,0.04,1,0.5,0.8,0.3,0.4,,
Quercus calliprinos,,Quercus_NT,Fagaceae,Unknown,species,0.1,0.003,0.6,0.6,0.4,0.4,0.03,0.05,0.06,0.04,1.6,0.4,0.7,0.4,1.2,0.1,0.2,0.04,1,0.5,0.8,0.3,0.4,,
Quercus canariensis,,Quercus_Iso,Fagaceae,Unknown,species,34,0.003,0.3,0.3,0.2,0.2,0.03,0.05,0.06,0.04,1.6,0.4,0.7,0.4,1.2,0.1,0.2,0.04,1,0.5,0.8,0.3,0.4,,
Quercus castaneifolia,,Quercus_NT,Fagaceae,Unknown,species,0.1,0.003,0.6,0.6,0.4,0.4,0.03,0.05,0.06,0.04,1.6,0.4,0.7,0.4,1.2,0.1,0.2,0.04,1,0.5,0.8,0.3,0.4,,
Quercus cerris,European turkey oak,Quercus_NT,Fagaceae,Btr,species,0.1,0.003,0.6,0.6,0.4,0.4,0.03,0.05,0.06,0.04,1.6,0.4,0.7,0.4,1.2,0.1,0.2,0.04,1,0.5,0.8,0.3,0.4,,
Quercus chapmanii,Chapman oak,Quercus_Iso,Fagaceae,Btr,species,34,0.003,0.3,0.3,0.2,0.2,0.03,0.05,0.06,0.04,1.6,0.4,0.7,0.4,1.2,0.1,0.2,0.04,1,0.5,0.8,0.3,0.4,,
Quercus chenii,xiao ye li,Quercus,Fagaceae,Unknown,species,34,0.003,0.3,0.3,0.2,0.2,0.03,0.05,0.06,0.04,1.6,0.4,0.7,0.4,1.2,0.1,0.2,0.04,1,0.5,0.8,0.3,0.4,,
Quercus chrysolepis,canyon live oak,Quercus_Iso,Fagaceae,Btr,species,34,0.003,0.3,0.3,0.2,0.2,0.03,0.05,0.06,0.04,1.6,0.4,0.7,0.4,1.2,0.1,0.2,0.04,1,0.5,0.8,0.3,0.4,,
Quercus coccifera,,Quercus_MT,Fagaceae,Unknown,species,0.1,0.003,3,3,2,2,0.03,0.05,0.06,0.04,1.6,0.4,0.7,0.4,1.2,0.1,0.2,0.04,1,0.5,0.8,0.3,0.4,,
Quercus coccinea,scarlet oak,Quercus_Iso,Fagaceae,Btr,species,34,0.003,0.3,0.3,0.2,0.2,0.03,0.05,0.06,0.04,1.6,0.4,0.7,0.4,1.2,0.1,0.2,0.04,1,0.5,0.8,0.3,0.4,,
Quercus crispula,,Quercus,Fagaceae,Btr,species,34,0.003,0.3,0.3,0.2,0.2,0.03,0.05,0.06,0.04,1.6,0.4,0.7,0.4,1.2,0.1,0.2,0.04,1,0.5,0.8,0.3,0.4,,
Quercus douglasii,blue oak,Quercus_Iso,Fagaceae,Btr,species,34,0.003,0.3,0.3,0.2,0.2,0.03,0.05,0.06,0.04,1.6,0.4,0.7,0.4,1.2,0.1,0.2,0.04,1,0.5,0.8,0.3,0.4,,
Quercus dumosa,coastal sage scrub oak,Quercus_Iso,Fagaceae,Btr,species,34,0.003,0.3,0.3,0.2,0.2,0.03,0.05,0.06,0.04,1.6,0.4,0.7,0.4,1.2,0.1,0.2,0.04,1,0.5,0.8,0.3,0.4,,
Quercus durandii,,Quercus,Fagaceae,Btr,species,34,0.003,0.3,0.3,0.2,0.2,0.03,0.05,0.06,0.04,1.6,0.4,0.7,0.4,1.2,0.1,0.2,0.04,1,0.5,0.8,0.3,0.4,,
Quercus durandii var. breviloba,,Quercus,Fagaceae,Btr,species,34,0.003,0.3,0.3,0.2,0.2,0.03,0.05,0.06,0.04,1.6,0.4,0.7,0.4,1.2,0.1,0.2,0.04,1,0.5,0.8,0.3,0.4,,
Quercus durata,leather oak,Quercus_Iso,Fagaceae,Btr,species,34,0.003,0.3,0.3,0.2,0.2,0.03,0.05,0.06,0.04,1.6,0.4,0.7,0.4,1.2,0.1,0.2,0.04,1,0.5,0.8,0.3,0.4,,
Quercus ellipsoidalis,northern pin oak,Quercus_Iso,Fagaceae,Btr,species,34,0.003,0.3,0.3,0.2,0.2,0.03,0.05,0.06,0.04,1.6,0.4,0.7,0.4,1.2,0.1,0.2,0.04,1,0.5,0.8,0.3,0.4,,
Quercus emoryi,Emory oak,Quercus_Iso,Fagaceae,Btr,species,34,0.003,0.3,0.3,0.2,0.2,0.03,0.05,0.06,0.04,1.6,0.4,0.7,0.4,1.2,0.1,0.2,0.04,1,0.5,0.8,0.3,0.4,,
Quercus engelmanii,,Quercus_Iso,Fagaceae,Unknown,species,34,0.003,0.3,0.3,0.2,0.2,0.03,0.05,0.06,0.04,1.6,0.4,0.7,0.4,1.2,0.1,0.2,0.04,1,0.5,0.8,0.3,0.4,,
Quercus engelmannii,Engelmann oak,Quercus_Iso,Fagaceae,Btr,species,34,0.003,0.3,0.3,0.2,0.2,0.03,0.05,0.06,0.04,1.6,0.4,0.7,0.4,1.2,0.1,0.2,0.04,1,0.5,0.8,0.3,0.4,,
Quercus faginea,,Quercus_Iso,Fagaceae,Unknown,species,34,0.003,0.3,0.3,0.2,0.2,0.03,0.05,0.06,0.04,1.6,0.4,0.7,0.4,1.2,0.1,0.2,0.04,1,0.5,0.8,0.3,0.4,,
Quercus falcata,southern red oak,Quercus_Iso,Fagaceae,Btr,species,34,0.003,0.3,0.3,0.2,0.2,0.03,0.05,0.06,0.04,1.6,0.4,0.7,0.4,1.2,0.1,0.2,0.04,1,0.5,0.8,0.3,0.4,,
Quercus frainetto,Italian oak,Quercus_Iso,Fagaceae,Unknown,species,34,0.003,0.3,0.3,0.2,0.2,0.03,0.05,0.06,0.04,1.6,0.4,0.7,0.4,1.2,0.1,0.2,0.04,1,0.5,0.8,0.3,0.4,,
Quercus fusiformis,Texas live oak,Quercus_Iso,Fagaceae,Btr,species,34,0.003,0.3,0.3,0.2,0.2,0.03,0.05,0.06,0.04,1.6,0.4,0.7,0.4,1.2,0.1,0.2,0.04,1,0.5,0.8,0.3,0.4,,
Quercus gambelii,Gambel oak,Quercus_Iso,Fagaceae,Btr,species,34,0.003,0.3,0.3,0.2,0.2,0.03,0.05,0.06,0.04,1.6,0.4,0.7,0.4,1.2,0.1,0.2,0.04,1,0.5,0.8,0.3,0.4,,
Quercus garryana,Oregon white oak,Quercus_Iso,Fagaceae,Btr,species,34,0.003,0.3,0.3,0.2,0.2,0.03,0.05,0.06,0.04,1.6,0.4,0.7,0.4,1.2,0.1,0.2,0.04,1,0.5,0.8,0.3,0.4,,
Quercus garryana var. breweri,,Quercus_Iso,Fagaceae,Btr,species,34,0.003,0.3,0.3,0.2,0.2,0.03,0.05,0.06,0.04,1.6,0.4,0.7,0.4,1.2,0.1,0.2,0.04,1,0.5,0.8,0.3,0.4,,
Quercus geminata,sand live oak,Quercus_Iso,Fagaceae,Btr,species,34,0.003,0.3,0.3,0.2,0.2,0.03,0.05,0.06,0.04,1.6,0.4,0.7,0.4,1.2,0.1,0.2,0.04,1,0.5,0.8,0.3,0.4,,
Quercus glabra,,Quercus,Fagaceae,Unknown,species,34,0.003,0.3,0.3,0.2,0.2,0.03,0.05,0.06,0.04,1.6,0.4,0.7,0.4,1.2,0.1,0.2,0.04,1,0.5,0.8,0.3,0.4,,
Quercus glandulifera,,Quercus,Fagaceae,Unknown,species,34,0.003,0.3,0.3,0.2,0.2,0.03,0.05,0.06,0.04,1.6,0.4,0.7,0.4,1.2,0.1,0.2,0.04,1,0.5,0.8,0.3,0.4,,
Quercus glauca,ring-cup oak,Quercus,Fagaceae,Unknown,species,34,0.003,0.3,0.3,0.2,0.2,0.03,0.05,0.06,0.04,1.6,0.4,0.7,0.4,1.2,0.1,0.2,0.04,1,0.5,0.8,0.3,0.4,,
Quercus grisea,gray oak,Quercus_Iso,Fagaceae,Btr,species,34,0.003,0.3,0.3,0.2,0.2,0.03,0.05,0.06,0.04,1.6,0.4,0.7,0.4,1.2,0.1,0.2,0.04,1,0.5,0.8,0.3,0.4,,
Quercus havardii,Havard oak,Quercus_Iso,Fagaceae,Btr,species,34,0.003,0.3,0.3,0.2,0.2,0.03,0.05,0.06,0.04,1.6,0.4,0.7,0.4,1.2,0.1,0.2,0.04,1,0.5,0.8,0.3,0.4,,
Quercus hypoleucoides,silverleaf oak,Quercus_Iso,Fagaceae,Btr,species,34,0.003,0.3,0.3,0.2,0.2,0.03,0.05,0.06,0.04,1.6,0.4,0.7,0.4,1.2,0.1,0.2,0.04,1,0.5,0.8,0.3,0.4,,
Quercus ilex,holly oak,Quercus_MT,Fagaceae,Btr,species,0.1,0.003,3,3,2,2,0.03,0.05,0.06,0.04,1.6,0.4,0.7,0.4,1.2,0.1,0.2,0.04,1,0.5,0.8,0.3,0.4,,
Quercus ilicifolia,bear oak,Quercus_Iso,Fagaceae,Btr,species,34,0.003,0.3,0.3,0.2,0.2,0.03,0.05,0.06,0.04,1.6,0.4,0.7,0.4,1.2,0.1,0.2,0.04,1,0.5,0.8,0.3,0.4,,
Quercus imbricaria,shingle oak,Quercus_Iso,Fagaceae,Btr,species,34,0.003,0.3,0.3,0.2,0.2,0.03,0.05,0.06,0.04,1.6,0.4,0.7,0.4,1.2,0.1,0.2,0.04,1,0.5,0.8,0.3,0.4,,
Quercus incana,bluejack oak,Quercus_Iso,Fagaceae,Btr,species,34,0.003,0.3,0.3,0.2,0.2,0.03,0.05,0.06,0.04,1.6,0.4,0.7,0.4,1.2,0.1,0.2,0.04,1,0.5,0.8,0.3,0.4,,
Quercus Iso,isoprene emitting oak,Quercus,Fagaceae,Btr,genus,34,0.003,0.3,0.3,0.2,0.2,0.03,0.05,0.06,0.04,1.6,0.4,0.7,0.4,1.2,0.1,0.2,0.04,1,0.5,0.8,0.3,0.4,,
Quercus ithaburiensis,,Quercus_MT,Fagaceae,Unknown,species,0.1,0.003,3,3,2,2,0.03,0.05,0.06,0.04,1.6,0.4,0.7,0.4,1.2,0.1,0.2,0.04,1,0.5,0.8,0.3,0.4,,
Quercus kelloggii,California black oak,Quercus_Iso,Fagaceae,Btr,species,34,0.003,0.3,0.3,0.2,0.2,0.03,0.05,0.06,0.04,1.6,0.4,0.7,0.4,1.2,0.1,0.2,0.04,1,0.5,0.8,0.3,0.4,,
Quercus laceyi,,Quercus,Fagaceae,Btr,genus,24,0.003,0.3,0.3,0.2,0.2,0.03,0.05,0.06,0.04,1.6,0.4,0.7,0.4,1.2,0.1,0.2,0.04,1,0.5,0.8,0.3,0.4,,
Quercus laevis,turkey oak,Quercus_Iso,Fagaceae,Btr,species,34,0.003,0.3,0.3,0.2,0.2,0.03,0.05,0.06,0.04,1.6,0.4,0.7,0.4,1.2,0.1,0.2,0.04,1,0.5,0.8,0.3,0.4,,
Quercus laurifolia,laurel oak,Quercus_Iso,Fagaceae,Btr,species,34,0.003,0.3,0.3,0.2,0.2,0.03,0.05,0.06,0.04,1.6,0.4,0.7,0.4,1.2,0.1,0.2,0.04,1,0.5,0.8,0.3,0.4,,
Quercus liaotungensis,,Quercus,Fagaceae,Unknown,species,34,0.003,0.3,0.3,0.2,0.2,0.03,0.05,0.06,0.04,1.6,0.4,0.7,0.4,1.2,0.1,0.2,0.04,1,0.5,0.8,0.3,0.4,,
Quercus libani,,Quercus_Iso,Fagaceae,Unknown,species,34,0.003,0.3,0.3,0.2,0.2,0.03,0.05,0.06,0.04,1.6,0.4,0.7,0.4,1.2,0.1,0.2,0.04,1,0.5,0.8,0.3,0.4,,
Quercus lobata,valley oak,Quercus_Iso,Fagaceae,Btr,species,34,0.003,0.3,0.3,0.2,0.2,0.03,0.05,0.06,0.04,1.6,0.4,0.7,0.4,1.2,0.1,0.2,0.04,1,0.5,0.8,0.3,0.4,,
Quercus lyrata,overcup oak,Quercus_Iso,Fagaceae,Btr,species,34,0.003,0.3,0.3,0.2,0.2,0.03,0.05,0.06,0.04,1.6,0.4,0.7,0.4,1.2,0.1,0.2,0.04,1,0.5,0.8,0.3,0.4,,
Quercus macranthera,Ispir oak,Quercus,Fagaceae,Btr,species,34,0.003,0.3,0.3,0.2,0.2,0.03,0.05,0.06,0.04,1.6,0.4,0.7,0.4,1.2,0.1,0.2,0.04,1,0.5,0.8,0.3,0.4,,
Quercus macrocarpa,bur oak,Quercus_Iso,Fagaceae,Btr,species,34,0.003,0.3,0.3,0.2,0.2,0.03,0.05,0.06,0.04,1.6,0.4,0.7,0.4,1.2,0.1,0.2,0.04,1,0.5,0.8,0.3,0.4,,
Quercus macrolepis,Vallonea oak,Quercus_NT,Fagaceae,Unknown,species,0.1,0.003,0.6,0.6,0.4,0.4,0.03,0.05,0.06,0.04,1.6,0.4,0.7,0.4,1.2,0.1,0.2,0.04,1,0.5,0.8,0.3,0.4,,
Quercus marilandica,blackjack oak,Quercus_Iso,Fagaceae,Btr,species,34,0.003,0.3,0.3,0.2,0.2,0.03,0.05,0.06,0.04,1.6,0.4,0.7,0.4,1.2,0.1,0.2,0.04,1,0.5,0.8,0.3,0.4,,
Quercus mexicana,,Quercus_Iso,Fagaceae,Unknown,species,34,0.003,0.3,0.3,0.2,0.2,0.03,0.05,0.06,0.04,1.6,0.4,0.7,0.4,1.2,0.1,0.2,0.04,1,0.5,0.8,0.3,0.4,,
Quercus michauxii,swamp chestnut oak,Quercus_Iso,Fagaceae,Btr,species,34,0.003,0.3,0.3,0.2,0.2,0.03,0.05,0.06,0.04,1.6,0.4,0.7,0.4,1.2,0.1,0.2,0.04,1,0.5,0.8,0.3,0.4,,
Quercus mongolica,mongolian oak,Quercus_Iso,Fagaceae,Btr,species,34,0.003,0.3,0.3,0.2,0.2,0.03,0.05,0.06,0.04,1.6,0.4,0.7,0.4,1.2,0.1,0.2,0.04,1,0.5,0.8,0.3,0.4,,
Quercus morehus,,Quercus,Fagaceae,Unknown,species,34,0.003,0.3,0.3,0.2,0.2,0.03,0.05,0.06,0.04,1.6,0.4,0.7,0.4,1.2,0.1,0.2,0.04,1,0.5,0.8,0.3,0.4,,
Quercus MT,High monoterpene emitting oak,Quercus,Fagaceae,Btr,genus,0.1,0.003,2,2,2,4,0.03,0.05,0.06,0.04,1.6,0.4,0.7,0.4,1.2,0.1,0.2,0.04,1,0.5,0.8,0.3,0.4,,
Quercus muehlenbergii,chinkapin oak,Quercus_Iso,Fagaceae,Btr,species,34,0.003,0.3,0.3,0.2,0.2,0.03,0.05,0.06,0.04,1.6,0.4,0.7,0.4,1.2,0.1,0.2,0.04,1,0.5,0.8,0.3,0.4,,
Quercus myrsinaefolia,,Quercus,Fagaceae,Btr,species,34,0.003,0.3,0.3,0.2,0.2,0.03,0.05,0.06,0.04,1.6,0.4,0.7,0.4,1.2,0.1,0.2,0.04,1,0.5,0.8,0.3,0.4,,
Quercus myrtiflora,,Quercus,Fagaceae,Unknown,species,34,0.003,0.3,0.3,0.2,0.2,0.03,0.05,0.06,0.04,1.6,0.4,0.7,0.4,1.2,0.1,0.2,0.04,1,0.5,0.8,0.3,0.4,,
Quercus nigra,water oak,Quercus_Iso,Fagaceae,Btr,species,34,0.003,0.3,0.3,0.2,0.2,0.03,0.05,0.06,0.04,1.6,0.4,0.7,0.4,1.2,0.1,0.2,0.04,1,0.5,0.8,0.3,0.4,,
Quercus nuttallii,,Quercus_Iso,Fagaceae,Btr,species,34,0.003,0.3,0.3,0.2,0.2,0.03,0.05,0.06,0.04,1.6,0.4,0.7,0.4,1.2,0.1,0.2,0.04,1,0.5,0.8,0.3,0.4,,
Quercus oblongifolia,Mexican blue oak,Quercus_Iso,Fagaceae,Btr,species,34,0.003,0.3,0.3,0.2,0.2,0.03,0.05,0.06,0.04,1.6,0.4,0.7,0.4,1.2,0.1,0.2,0.04,1,0.5,0.8,0.3,0.4,,
Quercus pagoda,,Quercus,Fagaceae,Btr,genus,24,0.003,0.3,0.3,0.2,0.2,0.03,0.05,0.06,0.04,1.6,0.4,0.7,0.4,1.2,0.1,0.2,0.04,1,0.5,0.8,0.3,0.4,,
Quercus palmeri,Palmer oak,Quercus_Iso,Fagaceae,Btr,species,34,0.003,0.3,0.3,0.2,0.2,0.03,0.05,0.06,0.04,1.6,0.4,0.7,0.4,1.2,0.1,0.2,0.04,1,0.5,0.8,0.3,0.4,,
Quercus palustris,pin oak,Quercus_Iso,Fagaceae,Btr,species,34,0.003,0.3,0.3,0.2,0.2,0.03,0.05,0.06,0.04,1.6,0.4,0.7,0.4,1.2,0.1,0.2,0.04,1,0.5,0.8,0.3,0.4,,
Quercus petraea,durmast oak,Quercus_Iso,Fagaceae,Unknown,species,34,0.003,0.3,0.3,0.2,0.2,0.03,0.05,0.06,0.04,1.6,0.4,0.7,0.4,1.2,0.1,0.2,0.04,1,0.5,0.8,0.3,0.4,,
Quercus phellos,willow oak,Quercus_Iso,Fagaceae,Btr,species,34,0.003,0.3,0.3,0.2,0.2,0.03,0.05,0.06,0.04,1.6,0.4,0.7,0.4,1.2,0.1,0.2,0.04,1,0.5,0.8,0.3,0.4,,
Quercus phillyraeoides,,Quercus,Fagaceae,Unknown,species,34,0.003,0.3,0.3,0.2,0.2,0.03,0.05,0.06,0.04,1.6,0.4,0.7,0.4,1.2,0.1,0.2,0.04,1,0.5,0.8,0.3,0.4,,
Quercus polymorpha,,Quercus,Fagaceae,Btr,genus,24,0.003,0.3,0.3,0.2,0.2,0.03,0.05,0.06,0.04,1.6,0.4,0.7,0.4,1.2,0.1,0.2,0.04,1,0.5,0.8,0.3,0.4,,
Quercus prinus,chestnut oak,Quercus_Iso,Fagaceae,Btr,species,34,0.003,0.3,0.3,0.2,0.2,0.03,0.05,0.06,0.04,1.6,0.4,0.7,0.4,1.2,0.1,0.2,0.04,1,0.5,0.8,0.3,0.4,,
Quercus pubescens,,Quercus_Iso,Fagaceae,Unknown,species,34,0.003,0.3,0.3,0.2,0.2,0.03,0.05,0.06,0.04,1.6,0.4,0.7,0.4,1.2,0.1,0.2,0.04,1,0.5,0.8,0.3,0.4,,
Quercus pumila,running oak,Quercus_Iso,Fagaceae,Shrub,species,34,0.003,0.3,0.3,0.2,0.2,0.03,0.05,0.06,0.04,1.6,0.4,0.7,0.4,1.2,0.1,0.2,0.04,1,0.5,0.8,0.3,0.4,,
Quercus pyrenaica,,Quercus_Iso,Fagaceae,Unknown,species,34,0.003,0.3,0.3,0.2,0.2,0.03,0.05,0.06,0.04,1.6,0.4,0.7,0.4,1.2,0.1,0.2,0.04,1,0.5,0.8,0.3,0.4,,
Quercus robur,English oak,Quercus_Iso,Fagaceae,Btr,species,34,0.003,0.3,0.3,0.2,0.2,0.03,0.05,0.06,0.04,1.6,0.4,0.7,0.4,1.2,0.1,0.2,0.04,1,0.5,0.8,0.3,0.4,,
Quercus rotundifolia,,Quercus_MT,Fagaceae,Unknown,species,0.1,0.003,3,3,2,2,0.03,0.05,0.06,0.04,1.6,0.4,0.7,0.4,1.2,0.1,0.2,0.04,1,0.5,0.8,0.3,0.4,,
Quercus rubra,northern red oak,Quercus_Iso,Fagaceae,Btr,species,34,0.003,0.3,0.3,0.2,0.2,0.03,0.05,0.06,0.04,1.6,0.4,0.7,0.4,1.2,0.1,0.2,0.04,1,0.5,0.8,0.3,0.4,,
Quercus rudkinii,,Quercus,Fagaceae,Unknown,species,34,0.003,0.3,0.3,0.2,0.2,0.03,0.05,0.06,0.04,1.6,0.4,0.7,0.4,1.2,0.1,0.2,0.04,1,0.5,0.8,0.3,0.4,,
Quercus rugosa,netleaf oak,Quercus_Iso,Fagaceae,Btr,species,34,0.003,0.3,0.3,0.2,0.2,0.03,0.05,0.06,0.04,1.6,0.4,0.7,0.4,1.2,0.1,0.2,0.04,1,0.5,0.8,0.3,0.4,,
Quercus serrata,bao li,Quercus_Iso,Fagaceae,Unknown,species,34,0.003,0.3,0.3,0.2,0.2,0.03,0.05,0.06,0.04,1.6,0.4,0.7,0.4,1.2,0.1,0.2,0.04,1,0.5,0.8,0.3,0.4,,
Quercus shumardii,Shumard's oak,Quercus_Iso,Fagaceae,Btr,species,34,0.003,0.3,0.3,0.2,0.2,0.03,0.05,0.06,0.04,1.6,0.4,0.7,0.4,1.2,0.1,0.2,0.04,1,0.5,0.8,0.3,0.4,,
Quercus sinuata,,Quercus,Fagaceae,Btr,genus,24,0.003,0.3,0.3,0.2,0.2,0.03,0.05,0.06,0.04,1.6,0.4,0.7,0.4,1.2,0.1,0.2,0.04,1,0.5,0.8,0.3,0.4,,
Quercus stellata,post oak,Quercus_Iso,Fagaceae,Btr,species,34,0.003,0.3,0.3,0.2,0.2,0.03,0.05,0.06,0.04,1.6,0.4,0.7,0.4,1.2,0.1,0.2,0.04,1,0.5,0.8,0.3,0.4,,
Quercus stellato,,Quercus_Iso,Fagaceae,Btr,species,34,0.003,0.3,0.3,0.2,0.2,0.03,0.05,0.06,0.04,1.6,0.4,0.7,0.4,1.2,0.1,0.2,0.04,1,0.5,0.8,0.3,0.4,,
Quercus suber,cork oak,Quercus_MT,Fagaceae,Btr,species,0.1,0.003,3,3,2,2,0.03,0.05,0.06,0.04,1.6,0.4,0.7,0.4,1.2,0.1,0.2,0.04,1,0.5,0.8,0.3,0.4,,
Quercus texana,,Quercus,Fagaceae,Btr,genus,24,0.003,0.3,0.3,0.2,0.2,0.03,0.05,0.06,0.04,1.6,0.4,0.7,0.4,1.2,0.1,0.2,0.04,1,0.5,0.8,0.3,0.4,,
Quercus tomentella,island live oak,Quercus,Fagaceae,Btr,species,34,0.003,0.3,0.3,0.2,0.2,0.03,0.05,0.06,0.04,1.6,0.4,0.7,0.4,1.2,0.1,0.2,0.04,1,0.5,0.8,0.3,0.4,,
Quercus trojana,,Quercus_NT,Fagaceae,Unknown,species,0.1,0.003,0.6,0.6,0.4,0.4,0.03,0.05,0.06,0.04,1.6,0.4,0.7,0.4,1.2,0.1,0.2,0.04,1,0.5,0.8,0.3,0.4,,
Quercus undulata,,Quercus,Fagaceae,Btr,species,34,0.003,0.3,0.3,0.2,0.2,0.03,0.05,0.06,0.04,1.6,0.4,0.7,0.4,1.2,0.1,0.2,0.04,1,0.5,0.8,0.3,0.4,,
Quercus vacciniifolia,huckleberry oak,Quercus_Iso,Fagaceae,Shrub,species,34,0.003,0.3,0.3,0.2,0.2,0.03,0.05,0.06,0.04,1.6,0.4,0.7,0.4,1.2,0.1,0.2,0.04,1,0.5,0.8,0.3,0.4,,
Quercus variabilis,Chinese cork oak,Quercus_NT,Fagaceae,Unknown,species,0.1,0.003,0.6,0.6,0.4,0.4,0.03,0.05,0.06,0.04,1.6,0.4,0.7,0.4,1.2,0.1,0.2,0.04,1,0.5,0.8,0.3,0.4,,
Quercus velutina,black oak,Quercus_Iso,Fagaceae,Btr,species,34,0.003,0.3,0.3,0.2,0.2,0.03,0.05,0.06,0.04,1.6,0.4,0.7,0.4,1.2,0.1,0.2,0.04,1,0.5,0.8,0.3,0.4,,
Quercus virginiana,live oak,Quercus_Iso,Fagaceae,Btr,species,34,0.003,0.3,0.3,0.2,0.2,0.03,0.05,0.06,0.04,1.6,0.4,0.7,0.4,1.2,0.1,0.2,0.04,1,0.5,0.8,0.3,0.4,,
Quercus vulcanica,oak,Quercus,Fagaceae,Btr,species,34,0.003,0.3,0.3,0.2,0.2,0.03,0.05,0.06,0.04,1.6,0.4,0.7,0.4,1.2,0.1,0.2,0.04,1,0.5,0.8,0.3,0.4,,
Quercus wislizeni,interior live oak,Quercus_Iso,Fagaceae,Btr,species,34,0.003,0.3,0.3,0.2,0.2,0.03,0.05,0.06,0.04,1.6,0.4,0.7,0.4,1.2,0.1,0.2,0.04,1,0.5,0.8,0.3,0.4,,
Quercus wislizenii,,Quercus_Iso,Fagaceae,Btr,species,34,0.003,0.3,0.3,0.2,0.2,0.03,0.05,0.06,0.04,1.6,0.4,0.7,0.4,1.2,0.1,0.2,0.04,1,0.5,0.8,0.3,0.4,,
Quillaja saponaria,soapbark,Quillaja,Rosaceae,Unknown,species,6,0.01,0.4,0.3,0.18,0.25,0.03,0.05,0.06,0.04,1.4,0.4,0.7,0.4,1.2,0.1,0.2,0.04,1,0.5,0.8,0.3,0.4,,
Radermachera sinica,,Radermachera,Bignoniaceae,Btr,species,6,0.01,0.4,0.3,0.18,0.25,0.03,0.05,0.06,0.04,1.4,0.4,0.7,0.4,1.2,0.1,0.2,0.04,1,0.5,0.8,0.3,0.4,,
Raphia farinifera,raffia palm,Raphia,Arecaceae,Unknown,species,6,0.01,0.4,0.3,0.18,0.25,0.03,0.05,0.06,0.04,1.4,0.4,0.7,0.4,1.2,0.1,0.2,0.04,1,0.5,0.8,0.3,0.4,,
Raphia vinifera,West African piassava palm,Raphia,Arecaceae,Unknown,species,6,0.01,0.4,0.3,0.18,0.25,0.03,0.05,0.06,0.04,1.4,0.4,0.7,0.4,1.2,0.1,0.2,0.04,1,0.5,0.8,0.3,0.4,,
Rauvolfia verticillata,,Rauvolfia,Apocynaceae,Unknown,species,6,0.01,0.4,0.3,0.18,0.25,0.03,0.05,0.06,0.04,1.4,0.4,0.7,0.4,1.2,0.1,0.2,0.04,1,0.5,0.8,0.3,0.4,,
Rauvolfia vomitoria,poison devil's-pepper,Rauvolfia,Apocynaceae,Btr,species,6,0.01,0.4,0.3,0.18,0.25,0.03,0.05,0.06,0.04,1.4,0.4,0.7,0.4,1.2,0.1,0.2,0.04,1,0.5,0.8,0.3,0.4,,
Ravenala madagascariensis,traveler's tree,Ravenala,Strelitziaceae,Btr,species,6,0.01,0.4,0.3,0.18,0.25,0.03,0.05,0.06,0.04,1.4,0.4,0.7,0.4,1.2,0.1,0.2,0.04,1,0.5,0.8,0.3,0.4,,
Ravenea rivularis,,Ravenea,Arecaceae,Btr,species,6,0.01,0.4,0.3,0.18,0.25,0.03,0.05,0.06,0.04,1.4,0.4,0.7,0.4,1.2,0.1,0.2,0.04,1,0.5,0.8,0.3,0.4,,
Reynosia guama,guama,Reynosia,Rhamnaceae,Btr,species,6,0.01,0.4,0.3,0.18,0.25,0.03,0.05,0.06,0.04,1.4,0.4,0.7,0.4,1.2,0.1,0.2,0.04,1,0.5,0.8,0.3,0.4,,
Reynosia mangle,,Reynosia,Rhamnaceae,Unknown,species,6,0.01,0.4,0.3,0.18,0.25,0.03,0.05,0.06,0.04,1.4,0.4,0.7,0.4,1.2,0.1,0.2,0.04,1,0.5,0.8,0.3,0.4,,
Rhamnaceae,,Rhamnaceae,Rhamnaceae,Unknown,family,6,0.01,0.4,0.3,0.18,0.25,0.03,0.05,0.06,0.04,1.4,0.4,0.7,0.4,1.2,0.1,0.2,0.04,1,0.5,0.8,0.3,0.4,,
Rhamnus,buckthorn,Rhamnus,Rhamnaceae,Btr,genus,20,0.003,0.08,0.1,0.04,0.06,0.03,0.05,0.06,0.04,1.6,0.4,0.7,0.4,1.2,0.1,0.2,0.04,1,0.5,0.8,0.3,0.4,,
Rhamnus alaternus,Italian buckthorn,Rhamnus,Rhamnaceae,Unknown,species,20,0.003,0.08,0.1,0.04,0.06,0.03,0.05,0.06,0.04,1.6,0.4,0.7,0.4,1.2,0.1,0.2,0.04,1,0.5,0.8,0.3,0.4,,
Rhamnus californica,,Rhamnus,Rhamnaceae,Unknown,species,20,0.003,0.08,0.1,0.04,0.06,0.03,0.05,0.06,0.04,1.6,0.4,0.7,0.4,1.2,0.1,0.2,0.04,1,0.5,0.8,0.3,0.4,,
Rhamnus crocea,redberry buckthorn,Rhamnus,Rhamnaceae,Btr,species,20,0.003,0.08,0.1,0.04,0.06,0.03,0.05,0.06,0.04,1.6,0.4,0.7,0.4,1.2,0.1,0.2,0.04,1,0.5,0.8,0.3,0.4,,
Rhamnus lycioides,,Rhamnus,Rhamnaceae,Unknown,species,20,0.003,0.08,0.1,0.04,0.06,0.03,0.05,0.06,0.04,1.6,0.4,0.7,0.4,1.2,0.1,0.2,0.04,1,0.5,0.8,0.3,0.4,,
Rhamnus purshiana,,Rhamnus,Rhamnaceae,Unknown,species,20,0.003,0.08,0.1,0.04,0.06,0.03,0.05,0.06,0.04,1.6,0.4,0.7,0.4,1.2,0.1,0.2,0.04,1,0.5,0.8,0.3,0.4,,
Rhaphiolepis indica,,Rhaphiolepis,Rosaceae,Unknown,species,6,0.01,0.4,0.3,0.18,0.25,0.03,0.05,0.06,0.04,1.4,0.4,0.7,0.4,1.2,0.1,0.2,0.04,1,0.5,0.8,0.3,0.4,,
Rhaphiolepis 'Majestic Beauty',,Rhaphiolepis,Rosaceae,Unknown,species,6,0.01,0.4,0.3,0.18,0.25,0.03,0.05,0.06,0.04,1.4,0.4,0.7,0.4,1.2,0.1,0.2,0.04,1,0.5,0.8,0.3,0.4,,
Rhapidophyllum hystrix,needle palm,Rhapidophyllum,Arecaceae,Shrub,species,6,0.01,0.4,0.3,0.18,0.25,0.03,0.05,0.06,0.04,1.4,0.4,0.7,0.4,1.2,0.1,0.2,0.04,1,0.5,0.8,0.3,0.4,,
Rhapis humilis,,Rhapis,TBD,Unknown,species,6,0.01,0.4,0.3,0.18,0.25,0.03,0.05,0.06,0.04,1.4,0.4,0.7,0.4,1.2,0.1,0.2,0.04,1,0.5,0.8,0.3,0.4,,
Rhizophora mangle,red mangrove,Rhizophora,Rhizophoraceae,Btr,species,6,0.01,0.4,0.3,0.18,0.25,0.03,0.05,0.06,0.04,1.4,0.4,0.7,0.4,1.2,0.1,0.2,0.04,1,0.5,0.8,0.3,0.4,,
Rhizophoraceae,,Rhizophoraceae,Rhizophoraceae,Unknown,family,6,0.01,0.4,0.3,0.18,0.25,0.03,0.05,0.06,0.04,1.4,0.4,0.7,0.4,1.2,0.1,0.2,0.04,1,0.5,0.8,0.3,0.4,,
Rhododendron chrysanthum,,Rhododendron,Ericaceae,Unknown,species,6,0.01,0.4,0.3,0.18,0.25,0.03,0.05,0.06,0.04,1.4,0.4,0.7,0.4,1.2,0.1,0.2,0.04,1,0.5,0.8,0.3,0.4,,
Rhododendron dahurica,,Rhododendron,Ericaceae,Unknown,species,6,0.01,0.4,0.3,0.18,0.25,0.03,0.05,0.06,0.04,1.4,0.4,0.7,0.4,1.2,0.1,0.2,0.04,1,0.5,0.8,0.3,0.4,,
Rhododendron decorum,,Rhododendron,Ericaceae,Unknown,species,6,0.01,0.4,0.3,0.18,0.25,0.03,0.05,0.06,0.04,1.4,0.4,0.7,0.4,1.2,0.1,0.2,0.04,1,0.5,0.8,0.3,0.4,,
Rhododendron delavayi,,Rhododendron,Ericaceae,Unknown,species,6,0.01,0.4,0.3,0.18,0.25,0.03,0.05,0.06,0.04,1.4,0.4,0.7,0.4,1.2,0.1,0.2,0.04,1,0.5,0.8,0.3,0.4,,
Rhododendron irroratrum,,Rhododendron,Ericaceae,Unknown,species,6,0.01,0.4,0.3,0.18,0.25,0.03,0.05,0.06,0.04,1.4,0.4,0.7,0.4,1.2,0.1,0.2,0.04,1,0.5,0.8,0.3,0.4,,
Rhododendron leptothrium,,Rhododendron,Ericaceae,Unknown,species,6,0.01,0.4,0.3,0.18,0.25,0.03,0.05,0.06,0.04,1.4,0.4,0.7,0.4,1.2,0.1,0.2,0.04,1,0.5,0.8,0.3,0.4,,
Rhododendron maximum,great laurel,Rhododendron,Ericaceae,Btr,species,6,0.01,0.4,0.3,0.18,0.25,0.03,0.05,0.06,0.04,1.4,0.4,0.7,0.4,1.2,0.1,0.2,0.04,1,0.5,0.8,0.3,0.4,,
Rhododendron racemosum,,Rhododendron,Ericaceae,Unknown,species,6,0.01,0.4,0.3,0.18,0.25,0.03,0.05,0.06,0.04,1.4,0.4,0.7,0.4,1.2,0.1,0.2,0.04,1,0.5,0.8,0.3,0.4,,
Rhodosphaera rhodanthema,,Rhodosphaera,Anacardiaceae,Btr,species,6,0.01,0.4,0.3,0.18,0.25,0.03,0.05,0.06,0.04,1.4,0.4,0.7,0.4,1.2,0.1,0.2,0.04,1,0.5,0.8,0.3,0.4,,
Rhopalostylis baueri,,Rhopalostylis,Arecaceae,Btr,species,6,0.01,0.4,0.3,0.18,0.25,0.03,0.05,0.06,0.04,1.4,0.4,0.7,0.4,1.2,0.1,0.2,0.04,1,0.5,0.8,0.3,0.4,,
Rhumohra adiantiformis,,Rhumohra,TBD,Unknown,species,6,0.01,0.4,0.3,0.18,0.25,0.03,0.05,0.06,0.04,1.4,0.4,0.7,0.4,1.2,0.1,0.2,0.04,1,0.5,0.8,0.3,0.4,,
Rhus,sumac,Rhus,Anacardiaceae,Btr,genus,2,0.003,0.6,0.2,0.4,0.1,0.03,0.05,0.06,0.04,1.6,0.4,0.7,0.4,1.2,0.1,0.2,0.04,1,0.5,0.8,0.3,0.4,,
Rhus aromatica,fragrant sumac,Rhus,Anacardiaceae,Shrub,species,6,0.003,0.6,0.2,0.4,0.1,0.03,0.05,0.06,0.04,1.6,0.4,0.7,0.4,1.2,0.1,0.2,0.04,1,0.5,0.8,0.3,0.4,,
Rhus chinensis,Chinese sumac,Rhus,Anacardiaceae,Unknown,species,2,0.003,0.6,0.2,0.4,0.1,0.03,0.05,0.06,0.04,1.6,0.4,0.7,0.4,1.2,0.1,0.2,0.04,1,0.5,0.8,0.3,0.4,,
Rhus choriophylla,,Rhus,Anacardiaceae,Btr,species,6,0.003,0.6,0.2,0.4,0.1,0.03,0.05,0.06,0.04,1.6,0.4,0.7,0.4,1.2,0.1,0.2,0.04,1,0.5,0.8,0.3,0.4,,
Rhus copallinum,winged sumac,Rhus,Anacardiaceae,Btr,species,6,0.003,0.6,0.2,0.4,0.1,0.03,0.05,0.06,0.04,1.6,0.4,0.7,0.4,1.2,0.1,0.2,0.04,1,0.5,0.8,0.3,0.4,,
Rhus glabra,smooth sumac,Rhus,Anacardiaceae,Btr,species,2,0.003,0.6,0.2,0.4,0.1,0.03,0.05,0.06,0.04,1.6,0.4,0.7,0.4,1.2,0.1,0.2,0.04,1,0.5,0.8,0.3,0.4,,
Rhus gueinzii,,Rhus,Anacardiaceae,Unknown,species,2,0.003,0.6,0.2,0.4,0.1,0.03,0.05,0.06,0.04,1.6,0.4,0.7,0.4,1.2,0.1,0.2,0.04,1,0.5,0.8,0.3,0.4,,
Rhus hirta,,Rhus,Anacardiaceae,BTr,species,3,0.003,0.6,0.2,0.4,0.1,0.03,0.05,0.06,0.04,1.6,0.4,0.7,0.4,1.2,0.1,0.2,0.04,1,0.5,0.8,0.3,0.4,,
Rhus integrifolia,lemonade sumac,Rhus,Anacardiaceae,Btr,species,2,0.003,0.6,0.2,0.4,0.1,0.03,0.05,0.06,0.04,1.6,0.4,0.7,0.4,1.2,0.1,0.2,0.04,1,0.5,0.8,0.3,0.4,,
Rhus lancea,African sumac,Rhus,Anacardiaceae,Btr,species,2,0.003,0.6,0.2,0.4,0.1,0.03,0.05,0.06,0.04,1.6,0.4,0.7,0.4,1.2,0.1,0.2,0.04,1,0.5,0.8,0.3,0.4,,
Rhus lanceolata,,Rhus,Anacardiaceae,Btr,species,2,0.003,0.6,0.2,0.4,0.1,0.03,0.05,0.06,0.04,1.6,0.4,0.7,0.4,1.2,0.1,0.2,0.04,1,0.5,0.8,0.3,0.4,,
Rhus laurina,,Rhus,Anacardiaceae,Btr,species,2,0.003,0.6,0.2,0.4,0.1,0.03,0.05,0.06,0.04,1.6,0.4,0.7,0.4,1.2,0.1,0.2,0.04,1,0.5,0.8,0.3,0.4,,
Rhus leptodictya,,Rhus,Anacardiaceae,Unknown,species,2,0.003,0.6,0.2,0.4,0.1,0.03,0.05,0.06,0.04,1.6,0.4,0.7,0.4,1.2,0.1,0.2,0.04,1,0.5,0.8,0.3,0.4,,
Rhus microphylla,littleleaf sumac,Rhus,Anacardiaceae,Btr,species,6,0.003,0.6,0.2,0.4,0.1,0.03,0.05,0.06,0.04,1.6,0.4,0.7,0.4,1.2,0.1,0.2,0.04,1,0.5,0.8,0.3,0.4,,
Rhus ovata,sumac,Rhus,Anacardiaceae,Btr,species,2,0.003,0.6,0.2,0.4,0.1,0.03,0.05,0.06,0.04,1.6,0.4,0.7,0.4,1.2,0.1,0.2,0.04,1,0.5,0.8,0.3,0.4,,
Rhus pyroides,,Rhus,Anacardiaceae,Unknown,species,2,0.003,0.6,0.2,0.4,0.1,0.03,0.05,0.06,0.04,1.6,0.4,0.7,0.4,1.2,0.1,0.2,0.04,1,0.5,0.8,0.3,0.4,,
Rhus typhina,staghorn sumac,Rhus,Anacardiaceae,Btr,species,2,0.003,0.6,0.2,0.4,0.1,0.03,0.05,0.06,0.04,1.6,0.4,0.7,0.4,1.2,0.1,0.2,0.04,1,0.5,0.8,0.3,0.4,,
Rhusáovata,sugar sumac,Rhus,Anacardiaceae,Btr,genus,2,0.003,0.6,0.2,0.4,0.1,0.03,0.05,0.06,0.04,1.6,0.4,0.7,0.4,1.2,0.1,0.2,0.04,1,0.5,0.8,0.3,0.4,,
Ribes nigrum,European black currant,Ribes,Grossulariaceae,Shrub,species,6,0.01,0.4,0.3,0.18,0.25,0.03,0.05,0.06,0.04,1.4,0.4,0.7,0.4,1.2,0.1,0.2,0.04,1,0.5,0.8,0.3,0.4,,
Ricinodendron heudelotii,,Ricinodendron,Euphorbiaceae,Unknown,species,6,0.01,0.4,0.3,0.18,0.25,0.03,0.05,0.06,0.04,1.4,0.4,0.7,0.4,1.2,0.1,0.2,0.04,1,0.5,0.8,0.3,0.4,,
Ricinus communis,castorbean,Ricinus,Euphorbiaceae,Btr,species,6,0.01,0.4,0.3,0.18,0.25,0.03,0.05,0.06,0.04,1.4,0.4,0.7,0.4,1.2,0.1,0.2,0.04,1,0.5,0.8,0.3,0.4,,
Rinorea,,Rinorea,TBD,Unknown,genus,6,0.01,0.4,0.3,0.18,0.25,0.03,0.05,0.06,0.04,1.4,0.4,0.7,0.4,1.2,0.1,0.2,0.04,1,0.5,0.8,0.3,0.4,,
Robinia,locust,Robinia,Fabaceae,Btr,genus,20,0.003,0.05,0.05,0.05,0.05,0.03,0.05,0.06,0.04,1.6,0.4,0.7,0.4,1.2,0.1,0.2,0.04,1,0.5,0.8,0.3,0.4,,
Robinia neomexicana,New Mexico locust,Robinia,Fabaceae,Btr,species,20,0.003,0.05,0.05,0.05,0.05,0.03,0.05,0.06,0.04,1.6,0.4,0.7,0.4,1.2,0.1,0.2,0.04,1,0.5,0.8,0.3,0.4,,
Robinia pseudoacacia,black locust,Robinia,Fabaceae,Btr,species,20,0.003,0.05,0.05,0.05,0.05,0.03,0.05,0.06,0.04,1.6,0.4,0.7,0.4,1.2,0.1,0.2,0.04,1,0.5,0.8,0.3,0.4,,
Robinia x ambigua,,Robinia,Fabaceae,Btr,species,20,0.003,0.05,0.05,0.05,0.05,0.03,0.05,0.06,0.04,1.6,0.4,0.7,0.4,1.2,0.1,0.2,0.04,1,0.5,0.8,0.3,0.4,,
Rochefortia acanthoplora,,Rochefortia,Boraginaceae,Unknown,species,6,0.01,0.4,0.3,0.18,0.25,0.03,0.05,0.06,0.04,1.4,0.4,0.7,0.4,1.2,0.1,0.2,0.04,1,0.5,0.8,0.3,0.4,,
Romneya coulteri,Coulter's Matilija poppy,Romneya,Papaveraceae,Shrub,species,6,0.01,0.4,0.3,0.18,0.25,0.03,0.05,0.06,0.04,1.4,0.4,0.7,0.4,1.2,0.1,0.2,0.04,1,0.5,0.8,0.3,0.4,,
Romneya trichocalyx,bristly Matilija poppy,Romneya,Papaveraceae,Shrub,species,6,0.01,0.4,0.3,0.18,0.25,0.03,0.05,0.06,0.04,1.4,0.4,0.7,0.4,1.2,0.1,0.2,0.04,1,0.5,0.8,0.3,0.4,,
Rosa,rose,Rosa,Rosaceae,Shrub,genus,6,0.01,0.4,0.3,0.18,0.25,0.03,0.05,0.06,0.04,1.4,0.4,0.7,0.4,1.2,0.1,0.2,0.04,1,0.5,0.8,0.3,0.4,,
Rosa acicularis,prickly rose,Rosa,Rosaceae,Shrub,species,6,0.01,0.4,0.3,0.18,0.25,0.03,0.05,0.06,0.04,1.4,0.4,0.7,0.4,1.2,0.1,0.2,0.04,1,0.5,0.8,0.3,0.4,,
Rosa banksiae,rose,Rosa,Rosaceae,Shrub,species,6,0.01,0.4,0.3,0.18,0.25,0.03,0.05,0.06,0.04,1.4,0.4,0.7,0.4,1.2,0.1,0.2,0.04,1,0.5,0.8,0.3,0.4,,
Rosa hybrida,,Rosa,Rosaceae,Unknown,species,6,0.01,0.4,0.3,0.18,0.25,0.03,0.05,0.06,0.04,1.4,0.4,0.7,0.4,1.2,0.1,0.2,0.04,1,0.5,0.8,0.3,0.4,,
Rosa longicuspis,,Rosa,Rosaceae,Unknown,species,6,0.01,0.4,0.3,0.18,0.25,0.03,0.05,0.06,0.04,1.4,0.4,0.7,0.4,1.2,0.1,0.2,0.04,1,0.5,0.8,0.3,0.4,,
Rosaceae,,Rosaceae,Rosaceae,Unknown,family,6,0.01,0.4,0.3,0.18,0.25,0.03,0.05,0.06,0.04,1.4,0.4,0.7,0.4,1.2,0.1,0.2,0.04,1,0.5,0.8,0.3,0.4,,
Rosmarinus officinalis,rosemary,Rosmarinus,Lamiaceae,Shrub,species,6,0.01,0.4,0.3,0.18,0.25,0.03,0.05,0.06,0.04,1.4,0.4,0.7,0.4,1.2,0.1,0.2,0.04,1,0.5,0.8,0.3,0.4,,
Roystonea elata,Florida royal palm,Roystonea,Arecaceae,Btr,species,6,0.01,0.4,0.3,0.18,0.25,0.03,0.05,0.06,0.04,1.4,0.4,0.7,0.4,1.2,0.1,0.2,0.04,1,0.5,0.8,0.3,0.4,,
Roystonea humilis,,Roystonea,Arecaceae,Unknown,species,6,0.01,0.4,0.3,0.18,0.25,0.03,0.05,0.06,0.04,1.4,0.4,0.7,0.4,1.2,0.1,0.2,0.04,1,0.5,0.8,0.3,0.4,,
Roystonea oleracea,royal palm,Roystonea,Arecaceae,Btr,species,6,0.01,0.4,0.3,0.18,0.25,0.03,0.05,0.06,0.04,1.4,0.4,0.7,0.4,1.2,0.1,0.2,0.04,1,0.5,0.8,0.3,0.4,,
Roystonea regia,royal palm,Roystonea,Arecaceae,Btr,species,6,0.01,0.4,0.3,0.18,0.25,0.03,0.05,0.06,0.04,1.4,0.4,0.7,0.4,1.2,0.1,0.2,0.04,1,0.5,0.8,0.3,0.4,,
Rubiaceae,,Rubiaceae,Rubiaceae,Unknown,family,6,0.01,0.4,0.3,0.18,0.25,0.03,0.05,0.06,0.04,1.4,0.4,0.7,0.4,1.2,0.1,0.2,0.04,1,0.5,0.8,0.3,0.4,,
Rubus,blackberry,Rubus,Rosaceae,Shrub,genus,6,0.01,0.4,0.3,0.18,0.25,0.03,0.05,0.06,0.04,1.4,0.4,0.7,0.4,1.2,0.1,0.2,0.04,1,0.5,0.8,0.3,0.4,,
Rubus crataegifolius,,Rubus,Rosaceae,Unknown,species,6,0.01,0.4,0.3,0.18,0.25,0.03,0.05,0.06,0.04,1.4,0.4,0.7,0.4,1.2,0.1,0.2,0.04,1,0.5,0.8,0.3,0.4,,
Rubus fruticosus,shrubby blackberry,Rubus,Rosaceae,Shrub,species,6,0.01,0.4,0.3,0.18,0.25,0.03,0.05,0.06,0.04,1.4,0.4,0.7,0.4,1.2,0.1,0.2,0.04,1,0.5,0.8,0.3,0.4,,
Rubus ideaus,,Rubus,Rosaceae,Unknown,species,6,0.01,0.4,0.3,0.18,0.25,0.03,0.05,0.06,0.04,1.4,0.4,0.7,0.4,1.2,0.1,0.2,0.04,1,0.5,0.8,0.3,0.4,,
Rubus occidentalis,black raspberry,Rubus,Rosaceae,Shrub,species,6,0.01,0.4,0.3,0.18,0.25,0.03,0.05,0.06,0.04,1.4,0.4,0.7,0.4,1.2,0.1,0.2,0.04,1,0.5,0.8,0.3,0.4,,
Rubus parviflorus,thimbleberry,Rubus,Rosaceae,Shrub,species,6,0.01,0.4,0.3,0.18,0.25,0.03,0.05,0.06,0.04,1.4,0.4,0.7,0.4,1.2,0.1,0.2,0.04,1,0.5,0.8,0.3,0.4,,
Rubus ulmifolius,elmleaf blackberry,Rubus,Rosaceae,Shrub,species,6,0.01,0.4,0.3,0.18,0.25,0.03,0.05,0.06,0.04,1.4,0.4,0.7,0.4,1.2,0.1,0.2,0.04,1,0.5,0.8,0.3,0.4,,
Rubus ursinus,California blackberry,Rubus,Rosaceae,Shrub,species,6,0.01,0.4,0.3,0.18,0.25,0.03,0.05,0.06,0.04,1.4,0.4,0.7,0.4,1.2,0.1,0.2,0.04,1,0.5,0.8,0.3,0.4,,
Rutaceae,,Rutaceae,Rutaceae,Unknown,family,6,0.01,0.4,0.3,0.18,0.25,0.03,0.05,0.06,0.04,1.4,0.4,0.7,0.4,1.2,0.1,0.2,0.04,1,0.5,0.8,0.3,0.4,,
Sabal,palmetto,Sabal,Arecaceae,Btr,genus,8,0.003,0.15,0.15,0.04,0.01,0.03,0.05,0.06,0.04,1.6,0.4,0.7,0.4,1.2,0.1,0.2,0.04,1,0.5,0.8,0.3,0.4,,
Sabal causiarum,Puerto Rico palmetto,Sabal,Arecaceae,Btr,species,8,0.003,0.15,0.15,0.04,0.01,0.03,0.05,0.06,0.04,1.6,0.4,0.7,0.4,1.2,0.1,0.2,0.04,1,0.5,0.8,0.3,0.4,,
Sabal mexicana,Rio Grande palmetto,Sabal,Arecaceae,Btr,species,8,0.003,0.15,0.15,0.04,0.01,0.03,0.05,0.06,0.04,1.6,0.4,0.7,0.4,1.2,0.1,0.2,0.04,1,0.5,0.8,0.3,0.4,,
Sabal minor,dwarf palmetto,Sabal,Arecaceae,Btr,species,8,0.003,0.15,0.15,0.04,0.01,0.03,0.05,0.06,0.04,1.6,0.4,0.7,0.4,1.2,0.1,0.2,0.04,1,0.5,0.8,0.3,0.4,,
Sabal palmetto,cabbage palmetto,Sabal,Arecaceae,Btr,species,8,0.003,0.15,0.15,0.04,0.01,0.03,0.05,0.06,0.04,1.6,0.4,0.7,0.4,1.2,0.1,0.2,0.04,1,0.5,0.8,0.3,0.4,,
Saccharum,sugarcane,Saccharum,Poaceae,Herb,genus,6,0.01,0.4,0.3,0.18,0.25,0.03,0.05,0.06,0.04,1.4,0.4,0.7,0.4,1.2,0.1,0.2,0.04,1,0.5,0.8,0.3,0.4,,
Salicaceae,,Salicaceae,Salicaceae,Unknown,family,37,0.003,0.1,0.15,0.05,0.05,0.03,0.05,0.06,0.04,1.6,0.4,0.7,0.4,1.2,0.1,0.2,0.04,1,0.5,0.8,0.3,0.4,,
Salix,willow,Salix,Salicaceae,Btr,genus,37,0.003,0.1,0.15,0.05,0.05,0.03,0.05,0.06,0.04,1.6,0.4,0.7,0.4,1.2,0.1,0.2,0.04,1,0.5,0.8,0.3,0.4,,
Salix alba,white willow,Salix,Salicaceae,Btr,species,37,0.003,0.1,0.15,0.05,0.05,0.03,0.05,0.06,0.04,1.6,0.4,0.7,0.4,1.2,0.1,0.2,0.04,1,0.5,0.8,0.3,0.4,,
Salix amygdaloides,peachleaf willow,Salix,Salicaceae,Btr,species,37,0.003,0.1,0.15,0.05,0.05,0.03,0.05,0.06,0.04,1.6,0.4,0.7,0.4,1.2,0.1,0.2,0.04,1,0.5,0.8,0.3,0.4,,
Salix arctica,arctic willow,Salix,Salicaceae,Shrub,species,37,0.003,0.1,0.15,0.05,0.05,0.03,0.05,0.06,0.04,1.6,0.4,0.7,0.4,1.2,0.1,0.2,0.04,1,0.5,0.8,0.3,0.4,,
Salix arctophila,northern willow,Salix,Salicaceae,Shrub,species,37,0.003,0.1,0.15,0.05,0.05,0.03,0.05,0.06,0.04,1.6,0.4,0.7,0.4,1.2,0.1,0.2,0.04,1,0.5,0.8,0.3,0.4,,
Salix atrocineria,,Salix,Salicaceae,Unknown,species,37,0.003,0.1,0.15,0.05,0.05,0.03,0.05,0.06,0.04,1.6,0.4,0.7,0.4,1.2,0.1,0.2,0.04,1,0.5,0.8,0.3,0.4,,
Salix babylonica,,Salix,Salicaceae,Unknown,species,37,0.003,0.1,0.15,0.05,0.05,0.03,0.05,0.06,0.04,1.6,0.4,0.7,0.4,1.2,0.1,0.2,0.04,1,0.5,0.8,0.3,0.4,,
Salix caprea,goat willow,Salix,Salicaceae,Shrub,species,37,0.003,0.1,0.15,0.05,0.05,0.03,0.05,0.06,0.04,1.6,0.4,0.7,0.4,1.2,0.1,0.2,0.04,1,0.5,0.8,0.3,0.4,,
Salix caroliniana,coastal plain willow,Salix,Salicaceae,Btr,species,37,0.003,0.1,0.15,0.05,0.05,0.03,0.05,0.06,0.04,1.6,0.4,0.7,0.4,1.2,0.1,0.2,0.04,1,0.5,0.8,0.3,0.4,,
salix chaenomeloides,,Salix,Salicaceae,Btr,species,37,0.003,0.1,0.15,0.05,0.05,0.03,0.05,0.06,0.04,1.6,0.4,0.7,0.4,1.2,0.1,0.2,0.04,1,0.5,0.8,0.3,0.4,,
Salix cinerea,large gray willow,Salix,Salicaceae,Btr,species,37,0.003,0.1,0.15,0.05,0.05,0.03,0.05,0.06,0.04,1.6,0.4,0.7,0.4,1.2,0.1,0.2,0.04,1,0.5,0.8,0.3,0.4,,
Salix commutata,undergreen willow,Salix,Salicaceae,Shrub,species,37,0.003,0.1,0.15,0.05,0.05,0.03,0.05,0.06,0.04,1.6,0.4,0.7,0.4,1.2,0.1,0.2,0.04,1,0.5,0.8,0.3,0.4,,
Salix discolor,pussy willow,Salix,Salicaceae,Btr,species,37,0.003,0.1,0.15,0.05,0.05,0.03,0.05,0.06,0.04,1.6,0.4,0.7,0.4,1.2,0.1,0.2,0.04,1,0.5,0.8,0.3,0.4,,
Salix exigua,narrowleaf willow,Salix,Salicaceae,Btr,species,37,0.003,0.1,0.15,0.05,0.05,0.03,0.05,0.06,0.04,1.6,0.4,0.7,0.4,1.2,0.1,0.2,0.04,1,0.5,0.8,0.3,0.4,,
Salix glauca,grayleaf willow,Salix,Salicaceae,Btr,species,37,0.003,0.1,0.15,0.05,0.05,0.03,0.05,0.06,0.04,1.6,0.4,0.7,0.4,1.2,0.1,0.2,0.04,1,0.5,0.8,0.3,0.4,,
Salix hindsiana,,Salix,Salicaceae,Unknown,species,37,0.003,0.1,0.15,0.05,0.05,0.03,0.05,0.06,0.04,1.6,0.4,0.7,0.4,1.2,0.1,0.2,0.04,1,0.5,0.8,0.3,0.4,,
Salix interior,sandbar willow,Salix,Salicaceae,Btr,species,37,0.003,0.1,0.15,0.05,0.05,0.03,0.05,0.06,0.04,1.6,0.4,0.7,0.4,1.2,0.1,0.2,0.04,1,0.5,0.8,0.3,0.4,,
Salix laevigata,red willow,Salix,Salicaceae,Shrub,species,37,0.003,0.1,0.15,0.05,0.05,0.03,0.05,0.06,0.04,1.6,0.4,0.7,0.4,1.2,0.1,0.2,0.04,1,0.5,0.8,0.3,0.4,,
Salix lasiandra,,Salix,Salicaceae,Unknown,species,37,0.003,0.1,0.15,0.05,0.05,0.03,0.05,0.06,0.04,1.6,0.4,0.7,0.4,1.2,0.1,0.2,0.04,1,0.5,0.8,0.3,0.4,,
Salix lasiolepis,arroyo willow,Salix,Salicaceae,Btr,species,37,0.003,0.1,0.15,0.05,0.05,0.03,0.05,0.06,0.04,1.6,0.4,0.7,0.4,1.2,0.1,0.2,0.04,1,0.5,0.8,0.3,0.4,,
Salix lutea,yellow willow,Salix,Salicaceae,Btr,species,37,0.003,0.1,0.15,0.05,0.05,0.03,0.05,0.06,0.04,1.6,0.4,0.7,0.4,1.2,0.1,0.2,0.04,1,0.5,0.8,0.3,0.4,,
Salix matsudana,corkscrew willow,Salix,Salicaceae,Shrub,species,37,0.003,0.1,0.15,0.05,0.05,0.03,0.05,0.06,0.04,1.6,0.4,0.7,0.4,1.2,0.1,0.2,0.04,1,0.5,0.8,0.3,0.4,,
Salix nigra,black willow,Salix,Salicaceae,Btr,species,37,0.003,0.1,0.15,0.05,0.05,0.03,0.05,0.06,0.04,1.6,0.4,0.7,0.4,1.2,0.1,0.2,0.04,1,0.5,0.8,0.3,0.4,,
Salix pedicellaris,bog willow,Salix,Salicaceae,Shrub,species,37,0.003,0.1,0.15,0.05,0.05,0.03,0.05,0.06,0.04,1.6,0.4,0.7,0.4,1.2,0.1,0.2,0.04,1,0.5,0.8,0.3,0.4,,
Salix pentandra,laurel willow,Salix,Salicaceae,Btr,species,37,0.003,0.1,0.15,0.05,0.05,0.03,0.05,0.06,0.04,1.6,0.4,0.7,0.4,1.2,0.1,0.2,0.04,1,0.5,0.8,0.3,0.4,,
Salix phylicifolia,,Salix,Salicaceae,Unknown,species,37,0.003,0.1,0.15,0.05,0.05,0.03,0.05,0.06,0.04,1.6,0.4,0.7,0.4,1.2,0.1,0.2,0.04,1,0.5,0.8,0.3,0.4,,
Salix pulchra,tealeaf willow,Salix,Salicaceae,Btr,species,37,0.003,0.1,0.15,0.05,0.05,0.03,0.05,0.06,0.04,1.6,0.4,0.7,0.4,1.2,0.1,0.2,0.04,1,0.5,0.8,0.3,0.4,,
Salix scouleriana,Scouler's willow,Salix,Salicaceae,Btr,species,37,0.003,0.1,0.15,0.05,0.05,0.03,0.05,0.06,0.04,1.6,0.4,0.7,0.4,1.2,0.1,0.2,0.04,1,0.5,0.8,0.3,0.4,,
Salix viminalis,basket willow,Salix,Salicaceae,Btr,species,37,0.003,0.1,0.15,0.05,0.05,0.03,0.05,0.06,0.04,1.6,0.4,0.7,0.4,1.2,0.1,0.2,0.04,1,0.5,0.8,0.3,0.4,,
Salvadora angustifolia,,Salvadora,Salvadoraceae,Unknown,species,6,0.01,0.4,0.3,0.18,0.25,0.03,0.05,0.06,0.04,1.4,0.4,0.7,0.4,1.2,0.1,0.2,0.04,1,0.5,0.8,0.3,0.4,,
Salvadora persica,,Salvadora,Salvadoraceae,Unknown,species,6,0.01,0.4,0.3,0.18,0.25,0.03,0.05,0.06,0.04,1.4,0.4,0.7,0.4,1.2,0.1,0.2,0.04,1,0.5,0.8,0.3,0.4,,
Salvia,sage,Salvia,Lamiaceae,Shrub,genus,6,0.01,0.4,0.3,0.18,0.25,0.03,0.05,0.06,0.04,1.4,0.4,0.7,0.4,1.2,0.1,0.2,0.04,1,0.5,0.8,0.3,0.4,,
Salvia ballotaeflora,,Salvia,Lamiaceae,Unknown,species,6,0.01,0.4,0.3,0.18,0.25,0.03,0.05,0.06,0.04,1.4,0.4,0.7,0.4,1.2,0.1,0.2,0.04,1,0.5,0.8,0.3,0.4,,
Salvia greggii,autumn sage,Salvia,Lamiaceae,Shrub,species,6,0.01,0.4,0.3,0.18,0.25,0.03,0.05,0.06,0.04,1.4,0.4,0.7,0.4,1.2,0.1,0.2,0.04,1,0.5,0.8,0.3,0.4,,
Salvia mellifera,black sage,Salvia,Lamiaceae,Shrub,species,6,0.01,0.4,0.3,0.18,0.25,0.03,0.05,0.06,0.04,1.4,0.4,0.7,0.4,1.2,0.1,0.2,0.04,1,0.5,0.8,0.3,0.4,,
Samanea saman,,Samanea,Fabaceae,Unknown,species,6,0.01,0.4,0.3,0.18,0.25,0.03,0.05,0.06,0.04,1.4,0.4,0.7,0.4,1.2,0.1,0.2,0.04,1,0.5,0.8,0.3,0.4,,
Sambucus caerulea var neomexicana,,Sambucus,Caprifoliaceae,Btr,species,6,0.01,0.4,0.3,0.18,0.25,0.03,0.05,0.06,0.04,1.4,0.4,0.7,0.4,1.2,0.1,0.2,0.04,1,0.5,0.8,0.3,0.4,,
Sambucus canadensis,,Sambucus,Caprifoliaceae,Unknown,species,6,0.01,0.4,0.3,0.18,0.25,0.03,0.05,0.06,0.04,1.4,0.4,0.7,0.4,1.2,0.1,0.2,0.04,1,0.5,0.8,0.3,0.4,,
Sambucus cerulea,elderberry,Sambucus,Caprifoliaceae,Btr,species,6,0.01,0.4,0.3,0.18,0.25,0.03,0.05,0.06,0.04,1.4,0.4,0.7,0.4,1.2,0.1,0.2,0.04,1,0.5,0.8,0.3,0.4,,
Sambucus nigra,black elderberry,Sambucus,Caprifoliaceae,Btr,species,6,0.01,0.4,0.3,0.18,0.25,0.03,0.05,0.06,0.04,1.4,0.4,0.7,0.4,1.2,0.1,0.2,0.04,1,0.5,0.8,0.3,0.4,,
Sambucus nigra ssp. cerulea,blue elderberry,Sambucus,Caprifoliaceae,Btr,species,6,0.01,0.4,0.3,0.18,0.25,0.03,0.05,0.06,0.04,1.4,0.4,0.7,0.4,1.2,0.1,0.2,0.04,1,0.5,0.8,0.3,0.4,,
Sambucus simponii,,Sambucus,Caprifoliaceae,Unknown,species,6,0.01,0.4,0.3,0.18,0.25,0.03,0.05,0.06,0.04,1.4,0.4,0.7,0.4,1.2,0.1,0.2,0.04,1,0.5,0.8,0.3,0.4,,
Sanchezia nobilis,,Sanchezia,Acanthaceae,Unknown,species,6,0.01,0.4,0.3,0.18,0.25,0.03,0.05,0.06,0.04,1.4,0.4,0.7,0.4,1.2,0.1,0.2,0.04,1,0.5,0.8,0.3,0.4,,
Santiria trimera,,Santiria,TBD,Unknown,species,6,0.01,0.4,0.3,0.18,0.25,0.03,0.05,0.06,0.04,1.4,0.4,0.7,0.4,1.2,0.1,0.2,0.04,1,0.5,0.8,0.3,0.4,,
Sapindaceae,,Sapindaceae,Sapindaceae,Unknown,family,6,0.01,0.4,0.3,0.18,0.25,0.03,0.05,0.06,0.04,1.4,0.4,0.7,0.4,1.2,0.1,0.2,0.04,1,0.5,0.8,0.3,0.4,,
Sapindus drummondii,,Sapindus,Sapindaceae,Btr,species,0.003,0.003,0.05,0.2,0.02,0.03,0.03,0.05,0.06,0.04,1.6,0.4,0.7,0.4,1.2,0.1,0.2,0.04,1,0.5,0.8,0.3,0.4,,
Sapindus mukorossi,Chinese soapberry,Sapindus,Sapindaceae,Btr,species,0.003,0.003,0.05,0.2,0.02,0.03,0.03,0.05,0.06,0.04,1.6,0.4,0.7,0.4,1.2,0.1,0.2,0.04,1,0.5,0.8,0.3,0.4,,
Sapindus saponaria,wingleaf soapberry,Sapindus,Sapindaceae,Btr,species,0.003,0.003,0.05,0.2,0.02,0.03,0.03,0.05,0.06,0.04,1.6,0.4,0.7,0.4,1.2,0.1,0.2,0.04,1,0.5,0.8,0.3,0.4,,
Sapium baccatum,,Sapium,Euphorbiaceae,Unknown,species,0.003,0.003,0.15,0.2,0.08,0.12,0.03,0.05,0.06,0.04,1.6,0.4,0.7,0.4,1.2,0.1,0.2,0.04,1,0.5,0.8,0.3,0.4,,
Sapium eugeniaefolium,,Sapium,Euphorbiaceae,Unknown,species,0.003,0.003,0.15,0.2,0.08,0.12,0.03,0.05,0.06,0.04,1.6,0.4,0.7,0.4,1.2,0.1,0.2,0.04,1,0.5,0.8,0.3,0.4,,
Sapium sebiferum,,Sapium,Euphorbiaceae,Unknown,species,0.003,0.003,0.15,0.2,0.08,0.12,0.03,0.05,0.06,0.04,1.6,0.4,0.7,0.4,1.2,0.1,0.2,0.04,1,0.5,0.8,0.3,0.4,,
Sapotaceae,,Sapotaceae,Sapotaceae,Unknown,family,6,0.01,0.4,0.3,0.18,0.25,0.03,0.05,0.06,0.04,1.4,0.4,0.7,0.4,1.2,0.1,0.2,0.04,1,0.5,0.8,0.3,0.4,,
Saraca declimata,,Saraca,TBD,Unknown,species,6,0.01,0.4,0.3,0.18,0.25,0.03,0.05,0.06,0.04,1.4,0.4,0.7,0.4,1.2,0.1,0.2,0.04,1,0.5,0.8,0.3,0.4,,
Sasa palmata,broadleaf bamboo,Sasa,Poaceae,Shrub,species,6,0.01,0.4,0.3,0.18,0.25,0.03,0.05,0.06,0.04,1.4,0.4,0.7,0.4,1.2,0.1,0.2,0.04,1,0.5,0.8,0.3,0.4,,
Sassafras,sassafras,Sassafras,Lauraceae,Btr,genus,6,0.01,0.4,0.3,0.18,0.25,0.03,0.05,0.06,0.04,1.4,0.4,0.7,0.4,1.2,0.1,0.2,0.04,1,0.5,0.8,0.3,0.4,,
Sassafras albidum,sassafras,Sassafras,Lauraceae,Btr,species,0.003,0.003,0.03,0.03,0.04,0.05,0.03,0.05,0.06,0.04,1.6,0.4,0.7,0.4,1.2,0.1,0.2,0.04,1,0.5,0.8,0.3,0.4,,
Saxifragaceae,,Saxifragaceae,Saxifragaceae,btr,family,6,0.01,0.4,0.3,0.18,0.25,0.03,0.05,0.06,0.04,1.4,0.4,0.7,0.4,1.2,0.1,0.2,0.04,1,0.5,0.8,0.3,0.4,,
Schefflera,schefflera,Schefflera,Araliaceae,Btr,genus,6,0.01,0.4,0.3,0.18,0.25,0.03,0.05,0.06,0.04,1.4,0.4,0.7,0.4,1.2,0.1,0.2,0.04,1,0.5,0.8,0.3,0.4,,
Schefflera actinophylla,octopus tree,Schefflera,Araliaceae,Btr,species,6,0.01,0.4,0.3,0.18,0.25,0.03,0.05,0.06,0.04,1.4,0.4,0.7,0.4,1.2,0.1,0.2,0.04,1,0.5,0.8,0.3,0.4,,
Schefflera arboricola,schefflera,Schefflera,Araliaceae,Btr,species,6,0.01,0.4,0.3,0.18,0.25,0.03,0.05,0.06,0.04,1.4,0.4,0.7,0.4,1.2,0.1,0.2,0.04,1,0.5,0.8,0.3,0.4,,
Schefflera morototoni,,Schefflera,Araliaceae,Unknown,species,6,0.01,0.4,0.3,0.18,0.25,0.03,0.05,0.06,0.04,1.4,0.4,0.7,0.4,1.2,0.1,0.2,0.04,1,0.5,0.8,0.3,0.4,,
Schefflera pueckleri,,Schefflera,Araliaceae,Btr,species,6,0.01,0.4,0.3,0.18,0.25,0.03,0.05,0.06,0.04,1.4,0.4,0.7,0.4,1.2,0.1,0.2,0.04,1,0.5,0.8,0.3,0.4,,
Schima argentea,,Schima,Theaceae,Unknown,species,6,0.01,0.4,0.3,0.18,0.25,0.03,0.05,0.06,0.04,1.4,0.4,0.7,0.4,1.2,0.1,0.2,0.04,1,0.5,0.8,0.3,0.4,,
Schima norohae,,Schima,Theaceae,Unknown,species,6,0.01,0.4,0.3,0.18,0.25,0.03,0.05,0.06,0.04,1.4,0.4,0.7,0.4,1.2,0.1,0.2,0.04,1,0.5,0.8,0.3,0.4,,
Schima wallichii,,Schima,Theaceae,Unknown,species,6,0.01,0.4,0.3,0.18,0.25,0.03,0.05,0.06,0.04,1.4,0.4,0.7,0.4,1.2,0.1,0.2,0.04,1,0.5,0.8,0.3,0.4,,
Schinus molle,Peruvian peppertree,Schinus,Anacardiaceae,Btr,species,6,0.01,0.4,0.3,0.18,0.25,0.03,0.05,0.06,0.04,1.4,0.4,0.7,0.4,1.2,0.1,0.2,0.04,1,0.5,0.8,0.3,0.4,,
Schinus polygamus,Hardee peppertree,Schinus,Anacardiaceae,Btr,species,6,0.01,0.4,0.3,0.18,0.25,0.03,0.05,0.06,0.04,1.4,0.4,0.7,0.4,1.2,0.1,0.2,0.04,1,0.5,0.8,0.3,0.4,,
Schinus terebinthifolius,Brazilian peppertree,Schinus,Anacardiaceae,Btr,species,6,0.01,0.4,0.3,0.18,0.25,0.03,0.05,0.06,0.04,1.4,0.4,0.7,0.4,1.2,0.1,0.2,0.04,1,0.5,0.8,0.3,0.4,,
Schizachyrium scop.,,Schizachyrium,Poaceae,Unknown,species,6,0.01,0.4,0.3,0.18,0.25,0.03,0.05,0.06,0.04,1.4,0.4,0.7,0.4,1.2,0.1,0.2,0.04,1,0.5,0.8,0.3,0.4,,
Schizolobium amazonicum,,Schizolobium,Fabaceae,Unknown,species,6,0.01,0.4,0.3,0.18,0.25,0.03,0.05,0.06,0.04,1.4,0.4,0.7,0.4,1.2,0.1,0.2,0.04,1,0.5,0.8,0.3,0.4,,
Schizolobium parahyba,Brazilian firetree,Schizolobium,Fabaceae,Btr,species,6,0.01,0.4,0.3,0.18,0.25,0.03,0.05,0.06,0.04,1.4,0.4,0.7,0.4,1.2,0.1,0.2,0.04,1,0.5,0.8,0.3,0.4,,
Schizomussaenda dehiscens,,Schizomussaenda,TBD,Unknown,species,6,0.01,0.4,0.3,0.18,0.25,0.03,0.05,0.06,0.04,1.4,0.4,0.7,0.4,1.2,0.1,0.2,0.04,1,0.5,0.8,0.3,0.4,,
Schotia brachypetala,,Schotia,TBD,Unknown,species,6,0.01,0.4,0.3,0.18,0.25,0.03,0.05,0.06,0.04,1.4,0.4,0.7,0.4,1.2,0.1,0.2,0.04,1,0.5,0.8,0.3,0.4,,
Schotia capitata,,Schotia,TBD,Unknown,species,6,0.01,0.4,0.3,0.18,0.25,0.03,0.05,0.06,0.04,1.4,0.4,0.7,0.4,1.2,0.1,0.2,0.04,1,0.5,0.8,0.3,0.4,,
Sciadopitys verticillata,Japanese umbrella-pine,Sciadopitys,Sciadopityaceae,Ntr,species,6,0.01,0.4,0.3,0.18,0.25,0.03,0.05,0.06,0.04,1.4,0.4,0.7,0.4,1.2,0.1,0.2,0.04,1,0.5,0.8,0.3,0.4,,
Sclerocarya birrea,marula,Sclerocarya,Anacardiaceae,Unknown,species,6,0.01,0.4,0.3,0.18,0.25,0.03,0.05,0.06,0.04,1.4,0.4,0.7,0.4,1.2,0.1,0.2,0.04,1,0.5,0.8,0.3,0.4,,
Scleronema micranthum,,Scleronema,TBD,Unknown,species,6,0.01,0.4,0.3,0.18,0.25,0.03,0.05,0.06,0.04,1.4,0.4,0.7,0.4,1.2,0.1,0.2,0.04,1,0.5,0.8,0.3,0.4,,
Scrophulariaceae,,Scrophulariaceae,Scrophulariaceae,Unknown,family,6,0.01,0.4,0.3,0.18,0.25,0.03,0.05,0.06,0.04,1.4,0.4,0.7,0.4,1.2,0.1,0.2,0.04,1,0.5,0.8,0.3,0.4,,
Secale cereale,cereal rye,Secale,Poaceae,Herb,species,6,0.01,0.4,0.3,0.18,0.25,0.03,0.05,0.06,0.04,1.4,0.4,0.7,0.4,1.2,0.1,0.2,0.04,1,0.5,0.8,0.3,0.4,,
Securinega virosa,,Securinega,Euphorbiaceae,Btr,species,6,0.01,0.4,0.3,0.18,0.25,0.03,0.05,0.06,0.04,1.4,0.4,0.7,0.4,1.2,0.1,0.2,0.04,1,0.5,0.8,0.3,0.4,,
Senecio mikanioides,,Senecio,Asteraceae,Unknown,species,6,0.01,0.4,0.3,0.18,0.25,0.03,0.05,0.06,0.04,1.4,0.4,0.7,0.4,1.2,0.1,0.2,0.04,1,0.5,0.8,0.3,0.4,,
Senecio vulgaris,old-man-in-the-Spring,Senecio,Asteraceae,Herb,species,6,0.01,0.4,0.3,0.18,0.25,0.03,0.05,0.06,0.04,1.4,0.4,0.7,0.4,1.2,0.1,0.2,0.04,1,0.5,0.8,0.3,0.4,,
Senegalia,Previously Acacias,Senegalia,Fabaceae,Btr,genus,10,0.003,0.05,0.05,0.04,0.04,0.03,0.05,0.06,0.04,1.6,0.4,0.7,0.4,1.2,0.1,0.2,0.04,1,0.5,0.8,0.3,0.4,,
SenegaliaIso,Previously Acacias,SenegaliaIso,Fabaceae,Btr,genus,20,0.003,0.05,0.05,0.04,0.04,0.03,0.05,0.06,0.04,1.6,0.4,0.7,0.4,1.2,0.1,0.2,0.04,1,0.5,0.8,0.3,0.4,,
SenegaliaNoIso,Previously Acacias,SenegaliaNoIso,Fabaceae,Btr,genus,0.003,0.003,0.05,0.05,0.04,0.04,0.03,0.05,0.06,0.04,1.6,0.4,0.7,0.4,1.2,0.1,0.2,0.04,1,0.5,0.8,0.3,0.4,,
Senna corymbosa,Argentine senna,Senna,Fabaceae,Btr,species,6,0.01,0.4,0.3,0.18,0.25,0.03,0.05,0.06,0.04,1.4,0.4,0.7,0.4,1.2,0.1,0.2,0.04,1,0.5,0.8,0.3,0.4,,
Senna didymobotrya,African senna,Senna,Fabaceae,Shrub,species,6,0.01,0.4,0.3,0.18,0.25,0.03,0.05,0.06,0.04,1.4,0.4,0.7,0.4,1.2,0.1,0.2,0.04,1,0.5,0.8,0.3,0.4,,
Senna multiglandulosa,glandular senna,Senna,Fabaceae,Btr,species,6,0.01,0.4,0.3,0.18,0.25,0.03,0.05,0.06,0.04,1.4,0.4,0.7,0.4,1.2,0.1,0.2,0.04,1,0.5,0.8,0.3,0.4,,
Senna spectabilis,casia amarilla,Senna,Fabaceae,Btr,species,6,0.01,0.4,0.3,0.18,0.25,0.03,0.05,0.06,0.04,1.4,0.4,0.7,0.4,1.2,0.1,0.2,0.04,1,0.5,0.8,0.3,0.4,,
Sequoia sempervirens,redwood,Sequoia,Cupressaceae,Ntr,species,0.003,0.003,0.1,0.08,0.06,0.06,0.03,0.05,0.09,0.06,1.6,0.4,0.7,0.4,1.5,0.1,0.2,0.04,1,0.5,0.8,0.3,0.4,,
Sequoiadendron giganteum,giant sequoia,Sequoiadendron,Cupressaceae,Ntr,species,0.003,0.003,0.1,0.08,0.06,0.06,0.03,0.05,0.09,0.06,1.6,0.4,0.7,0.4,1.5,0.1,0.2,0.04,1,0.5,0.8,0.3,0.4,,
Serenoa repens,saw palmetto,Serenoa,Arecaceae,Btr,species,6,0.01,0.4,0.3,0.18,0.25,0.03,0.05,0.06,0.04,1.4,0.4,0.7,0.4,1.2,0.1,0.2,0.04,1,0.5,0.8,0.3,0.4,,
Serjania mexicana,,Serjania,Sapindaceae,Unknown,species,6,0.01,0.4,0.3,0.18,0.25,0.03,0.05,0.06,0.04,1.4,0.4,0.7,0.4,1.2,0.1,0.2,0.04,1,0.5,0.8,0.3,0.4,,
Setaria texana,Texas bristlegrass,Setaria,Poaceae,Herb,species,6,0.01,0.4,0.3,0.18,0.25,0.03,0.05,0.06,0.04,1.4,0.4,0.7,0.4,1.2,0.1,0.2,0.04,1,0.5,0.8,0.3,0.4,,
Shorea wangtanshuea,,Shorea,Dipterocarpaceae,Unknown,species,6,0.01,0.4,0.3,0.18,0.25,0.03,0.05,0.06,0.04,1.4,0.4,0.7,0.4,1.2,0.1,0.2,0.04,1,0.5,0.8,0.3,0.4,,
Sideroxylon lanuginosum,gum bully,Sideroxylon,Sapotaceae,Btr,species,6,0.003,0.15,0.2,0.08,0.12,0.03,0.05,0.06,0.04,1.6,0.4,0.7,0.4,1.2,0.1,0.2,0.04,1,0.5,0.8,0.3,0.4,,
Sideroxylon lanuginosum ssp. lanuginosum,gum bully,Sideroxylon,Sapotaceae,Btr,species,6,0.003,0.15,0.2,0.08,0.12,0.03,0.05,0.06,0.04,1.6,0.4,0.7,0.4,1.2,0.1,0.2,0.04,1,0.5,0.8,0.3,0.4,,
Simarouba amara,,Simarouba,Simaroubaceae,Btr,species,6,0.01,0.4,0.3,0.18,0.25,0.03,0.05,0.06,0.04,1.4,0.4,0.7,0.4,1.2,0.1,0.2,0.04,1,0.5,0.8,0.3,0.4,,
Simarouba glauca,paradisetree,Simarouba,Simaroubaceae,Btr,species,6,0.003,0.15,0.2,0.08,0.12,0.03,0.05,0.06,0.04,1.6,0.4,0.7,0.4,1.2,0.1,0.2,0.04,1,0.5,0.8,0.3,0.4,,
Simaroubaceae,,Simaroubaceae,Simaroubaceae,Unknown,family,6,0.01,0.4,0.3,0.18,0.25,0.03,0.05,0.06,0.04,1.4,0.4,0.7,0.4,1.2,0.1,0.2,0.04,1,0.5,0.8,0.3,0.4,,
Simmondsia chinensis,jojoba,Simmondsia,Simmondsiaceae,Shrub,species,16,0.003,0.15,0.2,0.08,0.12,0.03,0.05,0.06,0.04,1.6,0.4,0.7,0.4,1.2,0.1,0.2,0.04,1,0.5,0.8,0.3,0.4,,
Simmondsiaceae,,Simmondsiaceae,Simmondsiaceae,Unknown,family,16,0.003,0.15,0.2,0.08,0.12,0.03,0.05,0.06,0.04,1.6,0.4,0.7,0.4,1.2,0.1,0.2,0.04,1,0.5,0.8,0.3,0.4,,
Sinarundinaria nitida,,Sinarundinaria,TBD,Unknown,species,6,0.01,0.4,0.3,0.18,0.25,0.03,0.05,0.06,0.04,1.4,0.4,0.7,0.4,1.2,0.1,0.2,0.04,1,0.5,0.8,0.3,0.4,,
Sindora glabra,,Sindora,TBD,Unknown,species,6,0.01,0.4,0.3,0.18,0.25,0.03,0.05,0.06,0.04,1.4,0.4,0.7,0.4,1.2,0.1,0.2,0.04,1,0.5,0.8,0.3,0.4,,
Sinobambusa tootsik,,Sinobambusa,TBD,Unknown,species,6,0.01,0.4,0.3,0.18,0.25,0.03,0.05,0.06,0.04,1.4,0.4,0.7,0.4,1.2,0.1,0.2,0.04,1,0.5,0.8,0.3,0.4,,
Siparuna amazonica,,Siparuna,TBD,Unknown,species,6,0.01,0.4,0.3,0.18,0.25,0.03,0.05,0.06,0.04,1.4,0.4,0.7,0.4,1.2,0.1,0.2,0.04,1,0.5,0.8,0.3,0.4,,
Sladeniaceae,,Sladeniaceae,Sladeniaceae,Unknown,family,6,0.01,0.4,0.3,0.18,0.25,0.03,0.05,0.06,0.04,1.4,0.4,0.7,0.4,1.2,0.1,0.2,0.04,1,0.5,0.8,0.3,0.4,,
Smilacaceae,,Smilacaceae,Smilacaceae,Unknown,family,6,0.01,0.4,0.3,0.18,0.25,0.03,0.05,0.06,0.04,1.4,0.4,0.7,0.4,1.2,0.1,0.2,0.04,1,0.5,0.8,0.3,0.4,,
Smilax,greenbrier,Smilax,Smilacaceae,Shrub,genus,6,0.003,0.15,0.2,0.08,0.12,0.03,0.05,0.06,0.04,1.6,0.4,0.7,0.4,1.2,0.1,0.2,0.04,1,0.5,0.8,0.3,0.4,,
Smilax glauca,cat greenbrier,Smilax,Smilacaceae,Shrub,species,6,0.003,0.15,0.2,0.08,0.12,0.03,0.05,0.06,0.04,1.6,0.4,0.7,0.4,1.2,0.1,0.2,0.04,1,0.5,0.8,0.3,0.4,,
Smilax hispida,greenbrier,Smilax,Smilacaceae,Shrub,species,6,0.003,0.15,0.2,0.08,0.12,0.03,0.05,0.06,0.04,1.6,0.4,0.7,0.4,1.2,0.1,0.2,0.04,1,0.5,0.8,0.3,0.4,,
Smilax rotundifolia,roundleaf greenbrier,Smilax,Smilacaceae,Shrub,species,6,0.003,0.15,0.2,0.08,0.12,0.03,0.05,0.06,0.04,1.6,0.4,0.7,0.4,1.2,0.1,0.2,0.04,1,0.5,0.8,0.3,0.4,,
Smilax tamnoides,bristly greenbrier,Smilax,Smilacaceae,Shrub,species,6,0.003,0.15,0.2,0.08,0.12,0.03,0.05,0.06,0.04,1.6,0.4,0.7,0.4,1.2,0.1,0.2,0.04,1,0.5,0.8,0.3,0.4,,
Socratea exorrhiza,,Socratea,Arecaceae,Btr,species,6,0.01,0.4,0.3,0.18,0.25,0.03,0.05,0.06,0.04,1.4,0.4,0.7,0.4,1.2,0.1,0.2,0.04,1,0.5,0.8,0.3,0.4,,
Solanaceae,,Solanaceae,Solanaceae,Unknown,family,6,0.01,0.4,0.3,0.18,0.25,0.03,0.05,0.06,0.04,1.4,0.4,0.7,0.4,1.2,0.1,0.2,0.04,1,0.5,0.8,0.3,0.4,,
Solanum,nightshade,Solanum,Solanaceae,Btr,genus,6,0.01,0.4,0.3,0.18,0.25,0.03,0.05,0.06,0.04,1.4,0.4,0.7,0.4,1.2,0.1,0.2,0.04,1,0.5,0.8,0.3,0.4,,
Solanum lycopersicum,garden tomato,Solanum,Solanaceae,Herb,species,6,0.01,0.4,0.3,0.18,0.25,0.03,0.05,0.06,0.04,1.4,0.4,0.7,0.4,1.2,0.1,0.2,0.04,1,0.5,0.8,0.3,0.4,,
Solanum macranthum,,Solanum,Solanaceae,Unknown,species,6,0.01,0.4,0.3,0.18,0.25,0.03,0.05,0.06,0.04,1.4,0.4,0.7,0.4,1.2,0.1,0.2,0.04,1,0.5,0.8,0.3,0.4,,
Solanum tuberosum,Irish potato,Solanum,Solanaceae,Shrub,species,6,0.01,0.4,0.3,0.18,0.25,0.03,0.05,0.06,0.04,1.4,0.4,0.7,0.4,1.2,0.1,0.2,0.04,1,0.5,0.8,0.3,0.4,,
Solanum verbacifolium,,Solanum,Solanaceae,Unknown,species,6,0.01,0.4,0.3,0.18,0.25,0.03,0.05,0.06,0.04,1.4,0.4,0.7,0.4,1.2,0.1,0.2,0.04,1,0.5,0.8,0.3,0.4,,
Sophora affinis,,Sophora,Fabaceae,Unknown,species,6,0.01,0.4,0.3,0.18,0.25,0.03,0.05,0.06,0.04,1.4,0.4,0.7,0.4,1.2,0.1,0.2,0.04,1,0.5,0.8,0.3,0.4,,
Sophora japonica,,Sophora,Fabaceae,Unknown,species,6,0.01,0.4,0.3,0.18,0.25,0.03,0.05,0.06,0.04,1.4,0.4,0.7,0.4,1.2,0.1,0.2,0.04,1,0.5,0.8,0.3,0.4,,
Sophora secundiflora,mescal bean,Sophora,Fabaceae,Btr,species,6,0.01,0.4,0.3,0.18,0.25,0.03,0.05,0.06,0.04,1.4,0.4,0.7,0.4,1.2,0.1,0.2,0.04,1,0.5,0.8,0.3,0.4,,
Sorbus,mountain ash,Sorbus,Rosaceae,Btr,genus,0.003,0.003,0.05,0.05,0.03,0.05,0.03,0.05,0.06,0.04,1.6,0.4,0.7,0.4,1.2,0.1,0.2,0.04,1,0.5,0.8,0.3,0.4,,
Sorbus americana,American mountain ash,Sorbus,Rosaceae,Btr,species,0.003,0.003,0.05,0.05,0.03,0.05,0.03,0.05,0.06,0.04,1.6,0.4,0.7,0.4,1.2,0.1,0.2,0.04,1,0.5,0.8,0.3,0.4,,
Sorbus aucuparia,European mountain ash,Sorbus,Rosaceae,Btr,species,0.003,0.003,0.05,0.05,0.03,0.05,0.03,0.05,0.06,0.04,1.6,0.4,0.7,0.4,1.2,0.1,0.2,0.04,1,0.5,0.8,0.3,0.4,,
Sorbus aucuparius,,Sorbus,Rosaceae,Unknown,species,0.003,0.003,0.05,0.05,0.03,0.05,0.03,0.05,0.06,0.04,1.6,0.4,0.7,0.4,1.2,0.1,0.2,0.04,1,0.5,0.8,0.3,0.4,,
Sorbus ferruginea,,Sorbus,Rosaceae,Unknown,species,0.003,0.003,0.05,0.05,0.03,0.05,0.03,0.05,0.06,0.04,1.6,0.4,0.7,0.4,1.2,0.1,0.2,0.04,1,0.5,0.8,0.3,0.4,,
Sorbus pohuashanensis,,Sorbus,Rosaceae,Unknown,species,0.003,0.003,0.05,0.05,0.03,0.05,0.03,0.05,0.06,0.04,1.6,0.4,0.7,0.4,1.2,0.1,0.2,0.04,1,0.5,0.8,0.3,0.4,,
Sorbus pubescens,,Sorbus,Rosaceae,Unknown,species,0.003,0.003,0.05,0.05,0.03,0.05,0.03,0.05,0.06,0.04,1.6,0.4,0.7,0.4,1.2,0.1,0.2,0.04,1,0.5,0.8,0.3,0.4,,
Sorbus scopulina,Greene's mountain ash,Sorbus,Rosaceae,Btr,species,0.003,0.003,0.05,0.05,0.03,0.05,0.03,0.05,0.06,0.04,1.6,0.4,0.7,0.4,1.2,0.1,0.2,0.04,1,0.5,0.8,0.3,0.4,,
Sorbus sitchensis,western mountain ash,Sorbus,Rosaceae,Btr,species,0.003,0.003,0.05,0.05,0.03,0.05,0.03,0.05,0.06,0.04,1.6,0.4,0.7,0.4,1.2,0.1,0.2,0.04,1,0.5,0.8,0.3,0.4,,
Sorghum,sorghum,Sorghum,Poaceae,Herb,genus,6,0.01,0.4,0.3,0.18,0.25,0.03,0.05,0.06,0.04,1.4,0.4,0.7,0.4,1.2,0.1,0.2,0.04,1,0.5,0.8,0.3,0.4,,
Sorghum bicolor,sorghum,Sorghum,Poaceae,Herb,species,6,0.01,0.4,0.3,0.18,0.25,0.03,0.05,0.06,0.04,1.4,0.4,0.7,0.4,1.2,0.1,0.2,0.04,1,0.5,0.8,0.3,0.4,,
Sorghum vulga,,Sorghum,Poaceae,Unknown,species,6,0.01,0.4,0.3,0.18,0.25,0.03,0.05,0.06,0.04,1.4,0.4,0.7,0.4,1.2,0.1,0.2,0.04,1,0.5,0.8,0.3,0.4,,
Sorghum vulgare,,Sorghum,Poaceae,Unknown,species,6,0.01,0.4,0.3,0.18,0.25,0.03,0.05,0.06,0.04,1.4,0.4,0.7,0.4,1.2,0.1,0.2,0.04,1,0.5,0.8,0.3,0.4,,
Spartium junceum,Spanish broom,Spartium,Fabaceae,Shrub,species,6,0.01,0.4,0.3,0.18,0.25,0.03,0.05,0.06,0.04,1.4,0.4,0.7,0.4,1.2,0.1,0.2,0.04,1,0.5,0.8,0.3,0.4,,
Spathiphyllum patini,,Spathiphyllum,TBD,Unknown,species,6,0.01,0.4,0.3,0.18,0.25,0.03,0.05,0.06,0.04,1.4,0.4,0.7,0.4,1.2,0.1,0.2,0.04,1,0.5,0.8,0.3,0.4,,
Spathodea campanulata,African tuliptree,Spathodea,Bignoniaceae,Btr,species,6,0.01,0.4,0.3,0.18,0.25,0.03,0.05,0.06,0.04,1.4,0.4,0.7,0.4,1.2,0.1,0.2,0.04,1,0.5,0.8,0.3,0.4,,
Sphaeropteris cooperi,,Sphaeropteris,Cyatheaceae,Btr,species,6,0.01,0.4,0.3,0.18,0.25,0.03,0.05,0.06,0.04,1.4,0.4,0.7,0.4,1.2,0.1,0.2,0.04,1,0.5,0.8,0.3,0.4,,
Sphagnum,moss,Sphagnum,Sphagnaceae,Shrub,genus,5,0.01,0.4,0.3,0.18,0.25,0.03,0.05,0.06,0.04,1.4,0.4,0.7,0.4,1.2,0.1,0.2,0.04,1,0.5,0.8,0.3,0.4,,
Sphagnum balticum,moss,Sphagnum,Sphagnaceae,Shrub,species,5,0.01,0.4,0.3,0.18,0.25,0.03,0.05,0.06,0.04,1.4,0.4,0.7,0.4,1.2,0.1,0.2,0.04,1,0.5,0.8,0.3,0.4,,
Sphagnum capillifolium,,Sphagnum,Sphagnaceae,Shrub,species,5,0.01,0.4,0.3,0.18,0.25,0.03,0.05,0.06,0.04,1.4,0.4,0.7,0.4,1.2,0.1,0.2,0.04,1,0.5,0.8,0.3,0.4,,
Sphagnum fuscum,,Sphagnum,Sphagnaceae,Shrub,species,5,0.01,0.4,0.3,0.18,0.25,0.03,0.05,0.06,0.04,1.4,0.4,0.7,0.4,1.2,0.1,0.2,0.04,1,0.5,0.8,0.3,0.4,,
Sphagnum girgensohnii,,Sphagnum,Sphagnaceae,Shrub,species,5,0.01,0.4,0.3,0.18,0.25,0.03,0.05,0.06,0.04,1.4,0.4,0.7,0.4,1.2,0.1,0.2,0.04,1,0.5,0.8,0.3,0.4,,
Sphagnum magellanicum,moss,Sphagnum,Sphagnaceae,Shrub,species,5,0.01,0.4,0.3,0.18,0.25,0.03,0.05,0.06,0.04,1.4,0.4,0.7,0.4,1.2,0.1,0.2,0.04,1,0.5,0.8,0.3,0.4,,
Sphagnum rubbellum,moss,Sphagnum,Sphagnaceae,Shrub,species,5,0.01,0.4,0.3,0.18,0.25,0.03,0.05,0.06,0.04,1.4,0.4,0.7,0.4,1.2,0.1,0.2,0.04,1,0.5,0.8,0.3,0.4,,
Spiraea japonica,Japanese meadowsweet,Spiraea,Rosaceae,Shrub,species,6,0.01,0.4,0.3,0.18,0.25,0.03,0.05,0.06,0.04,1.4,0.4,0.7,0.4,1.2,0.1,0.2,0.04,1,0.5,0.8,0.3,0.4,,
Spirostachys africana,,Spirostachys,TBD,Unknown,species,6,0.01,0.4,0.3,0.18,0.25,0.03,0.05,0.06,0.04,1.4,0.4,0.7,0.4,1.2,0.1,0.2,0.04,1,0.5,0.8,0.3,0.4,,
Spondias mombin,yellow mombin,Spondias,Anacardiaceae,Btr,species,6,0.01,0.4,0.3,0.18,0.25,0.03,0.05,0.06,0.04,1.4,0.4,0.7,0.4,1.2,0.1,0.2,0.04,1,0.5,0.8,0.3,0.4,,
Spondias pinnata,,Spondias,Anacardiaceae,Unknown,species,6,0.01,0.4,0.3,0.18,0.25,0.03,0.05,0.06,0.04,1.4,0.4,0.7,0.4,1.2,0.1,0.2,0.04,1,0.5,0.8,0.3,0.4,,
Spondisa mombin,,Spondisa,TBD,Unknown,species,6,0.01,0.4,0.3,0.18,0.25,0.03,0.05,0.06,0.04,1.4,0.4,0.7,0.4,1.2,0.1,0.2,0.04,1,0.5,0.8,0.3,0.4,,
Staudtia kamerunensis,,Staudtia,TBD,Unknown,species,6,0.01,0.4,0.3,0.18,0.25,0.03,0.05,0.06,0.04,1.4,0.4,0.7,0.4,1.2,0.1,0.2,0.04,1,0.5,0.8,0.3,0.4,,
Steganotaenia araliacea,,Steganotaenia,TBD,Unknown,species,6,0.01,0.4,0.3,0.18,0.25,0.03,0.05,0.06,0.04,1.4,0.4,0.7,0.4,1.2,0.1,0.2,0.04,1,0.5,0.8,0.3,0.4,,
Stenocarpus sinatus,,Stenocarpus,Proteaceae,Unknown,species,6,0.01,0.4,0.3,0.18,0.25,0.03,0.05,0.06,0.04,1.4,0.4,0.7,0.4,1.2,0.1,0.2,0.04,1,0.5,0.8,0.3,0.4,,
Stenocarpus sinuatus,,Stenocarpus,Proteaceae,Unknown,species,6,0.01,0.4,0.3,0.18,0.25,0.03,0.05,0.06,0.04,1.4,0.4,0.7,0.4,1.2,0.1,0.2,0.04,1,0.5,0.8,0.3,0.4,,
Sterculia lanceolata,,Sterculia,Sterculiaceae,Unknown,species,6,0.01,0.4,0.3,0.18,0.25,0.03,0.05,0.06,0.04,1.4,0.4,0.7,0.4,1.2,0.1,0.2,0.04,1,0.5,0.8,0.3,0.4,,
Sterculia murex,,Sterculia,Sterculiaceae,Unknown,species,6,0.01,0.4,0.3,0.18,0.25,0.03,0.05,0.06,0.04,1.4,0.4,0.7,0.4,1.2,0.1,0.2,0.04,1,0.5,0.8,0.3,0.4,,
Sterculia rhinopetala,,Sterculia,Sterculiaceae,Unknown,species,6,0.01,0.4,0.3,0.18,0.25,0.03,0.05,0.06,0.04,1.4,0.4,0.7,0.4,1.2,0.1,0.2,0.04,1,0.5,0.8,0.3,0.4,,
Sterculia setigera,sterculia,Sterculia,Sterculiaceae,Unknown,species,6,0.01,0.4,0.3,0.18,0.25,0.03,0.05,0.06,0.04,1.4,0.4,0.7,0.4,1.2,0.1,0.2,0.04,1,0.5,0.8,0.3,0.4,,
Sterculia tragacantha,sterculia,Sterculia,Sterculiaceae,Unknown,species,6,0.01,0.4,0.3,0.18,0.25,0.03,0.05,0.06,0.04,1.4,0.4,0.7,0.4,1.2,0.1,0.2,0.04,1,0.5,0.8,0.3,0.4,,
Sterculiaceae,,Sterculiaceae,Sterculiaceae,Unknown,family,6,0.01,0.4,0.3,0.18,0.25,0.03,0.05,0.06,0.04,1.4,0.4,0.7,0.4,1.2,0.1,0.2,0.04,1,0.5,0.8,0.3,0.4,,
Stigmaphyllon hypargyreum,,Stigmaphyllon,Malpighiaceae,Unknown,species,6,0.01,0.4,0.3,0.18,0.25,0.03,0.05,0.06,0.04,1.4,0.4,0.7,0.4,1.2,0.1,0.2,0.04,1,0.5,0.8,0.3,0.4,,
Stipa leucotricha,,Stipa,Poaceae,Unknown,species,6,0.01,0.4,0.3,0.18,0.25,0.03,0.05,0.06,0.04,1.4,0.4,0.7,0.4,1.2,0.1,0.2,0.04,1,0.5,0.8,0.3,0.4,,
Stipularia africana,,Stipularia,TBD,Unknown,species,6,0.01,0.4,0.3,0.18,0.25,0.03,0.05,0.06,0.04,1.4,0.4,0.7,0.4,1.2,0.1,0.2,0.04,1,0.5,0.8,0.3,0.4,,
Streblus asper,,Streblus,Moraceae,Unknown,species,6,0.01,0.4,0.3,0.18,0.25,0.03,0.05,0.06,0.04,1.4,0.4,0.7,0.4,1.2,0.1,0.2,0.04,1,0.5,0.8,0.3,0.4,,
Strelitzia nicolai,bird-of-paradise -tree,Strelitzia,Strelitziaceae,Unknown,species,6,0.01,0.4,0.3,0.18,0.25,0.03,0.05,0.06,0.04,1.4,0.4,0.7,0.4,1.2,0.1,0.2,0.04,1,0.5,0.8,0.3,0.4,,
Strombosia grandifolia,,Strombosia,TBD,Unknown,species,6,0.01,0.4,0.3,0.18,0.25,0.03,0.05,0.06,0.04,1.4,0.4,0.7,0.4,1.2,0.1,0.2,0.04,1,0.5,0.8,0.3,0.4,,
Strychnos innocua,,Strychnos,Loganiaceae,Unknown,species,6,0.01,0.4,0.3,0.18,0.25,0.03,0.05,0.06,0.04,1.4,0.4,0.7,0.4,1.2,0.1,0.2,0.04,1,0.5,0.8,0.3,0.4,,
Strychnos pungens,,Strychnos,Loganiaceae,Unknown,species,6,0.01,0.4,0.3,0.18,0.25,0.03,0.05,0.06,0.04,1.4,0.4,0.7,0.4,1.2,0.1,0.2,0.04,1,0.5,0.8,0.3,0.4,,
Strychnos spionosa,,Strychnos,Loganiaceae,Unknown,species,6,0.01,0.4,0.3,0.18,0.25,0.03,0.05,0.06,0.04,1.4,0.4,0.7,0.4,1.2,0.1,0.2,0.04,1,0.5,0.8,0.3,0.4,,
Stryphnodendron microstachyum,,Stryphnodendron,Fabaceae,Unknown,species,6,0.01,0.4,0.3,0.18,0.25,0.03,0.05,0.06,0.04,1.4,0.4,0.7,0.4,1.2,0.1,0.2,0.04,1,0.5,0.8,0.3,0.4,,
Styphnolobium japonicum,Japanese pagoda tree,Styphnolobium,Fabaceae,Btr,species,6,0.01,0.4,0.3,0.18,0.25,0.03,0.05,0.06,0.04,1.4,0.4,0.7,0.4,1.2,0.1,0.2,0.04,1,0.5,0.8,0.3,0.4,,
Styracaceae,,Styracaceae,Styracaceae,Unknown,family,6,0.01,0.4,0.3,0.18,0.25,0.03,0.05,0.06,0.04,1.4,0.4,0.7,0.4,1.2,0.1,0.2,0.04,1,0.5,0.8,0.3,0.4,,
Styrax officinalis,,Styrax,Styracaceae,Unknown,species,6,0.01,0.4,0.3,0.18,0.25,0.03,0.05,0.06,0.04,1.4,0.4,0.7,0.4,1.2,0.1,0.2,0.04,1,0.5,0.8,0.3,0.4,,
Styrax perkinsiae,,Styrax,Styracaceae,Unknown,species,6,0.01,0.4,0.3,0.18,0.25,0.03,0.05,0.06,0.04,1.4,0.4,0.7,0.4,1.2,0.1,0.2,0.04,1,0.5,0.8,0.3,0.4,,
Swartzia,,Swartzia,Fabaceae,Btr,genus,6,0.01,0.4,0.3,0.18,0.25,0.03,0.05,0.06,0.04,1.4,0.4,0.7,0.4,1.2,0.1,0.2,0.04,1,0.5,0.8,0.3,0.4,,
Swietenia mahagoni,West Indian mahogany,Swietenia,Meliaceae,Btr,species,12,0.003,0.15,0.2,0.08,0.12,0.03,0.05,0.06,0.04,1.6,0.4,0.7,0.4,1.2,0.1,0.2,0.04,1,0.5,0.8,0.3,0.4,,
Syagrus romanzoffiana,queen palm,Syagrus,Arecaceae,Btr,species,6,0.003,0.1,0.08,0.06,0.1,0.03,0.05,0.06,0.04,1.4,0.4,0.7,0.4,1.2,0.1,0.2,0.04,1,0.5,0.8,0.3,0.4,,
Syagrus romanzoffianum,,Syagrus,Arecaceae,Unknown,species,6,0.003,0.1,0.08,0.06,0.1,0.03,0.05,0.06,0.04,1.4,0.4,0.7,0.4,1.2,0.1,0.2,0.04,1,0.5,0.8,0.3,0.4,,
Symphonia globulifera,,Symphonia,Clusiaceae,Unknown,species,6,0.01,0.4,0.3,0.18,0.25,0.03,0.05,0.06,0.04,1.4,0.4,0.7,0.4,1.2,0.1,0.2,0.04,1,0.5,0.8,0.3,0.4,,
Symphoricarpus occidentalis,,Symphoricarpus,TBD,Unknown,species,6,0.01,0.4,0.3,0.18,0.25,0.03,0.05,0.06,0.04,1.4,0.4,0.7,0.4,1.2,0.1,0.2,0.04,1,0.5,0.8,0.3,0.4,,
Syncarpia glomulifera,turpentine tree,Syncarpia,Myrtaceae,Btr,species,6,0.01,0.4,0.3,0.18,0.25,0.03,0.05,0.06,0.04,1.4,0.4,0.7,0.4,1.2,0.1,0.2,0.04,1,0.5,0.8,0.3,0.4,,
Syringa reticulata,Japanese tree lilac,Syringa,Oleaceae,Btr,species,6,0.01,0.4,0.3,0.18,0.25,0.03,0.05,0.06,0.04,1.4,0.4,0.7,0.4,1.2,0.1,0.2,0.04,1,0.5,0.8,0.3,0.4,,
Syringa vulgaris,common lilac,Syringa,Oleaceae,Shrub,species,6,0.01,0.4,0.3,0.18,0.25,0.03,0.05,0.06,0.04,1.4,0.4,0.7,0.4,1.2,0.1,0.2,0.04,1,0.5,0.8,0.3,0.4,,
Syzygium australe,syzygium,Syzygium,Myrtaceae,Btr,species,6,0.01,0.4,0.3,0.18,0.25,0.03,0.05,0.06,0.04,1.4,0.4,0.7,0.4,1.2,0.1,0.2,0.04,1,0.5,0.8,0.3,0.4,,
Syzygium balsameum,,Syzygium,Myrtaceae,Unknown,species,6,0.01,0.4,0.3,0.18,0.25,0.03,0.05,0.06,0.04,1.4,0.4,0.7,0.4,1.2,0.1,0.2,0.04,1,0.5,0.8,0.3,0.4,,
Syzygium cordatum,,Syzygium,Myrtaceae,Unknown,species,6,0.01,0.4,0.3,0.18,0.25,0.03,0.05,0.06,0.04,1.4,0.4,0.7,0.4,1.2,0.1,0.2,0.04,1,0.5,0.8,0.3,0.4,,
Syzygium cumini,Java plum,Syzygium,Myrtaceae,Btr,species,6,0.01,0.4,0.3,0.18,0.25,0.03,0.05,0.06,0.04,1.4,0.4,0.7,0.4,1.2,0.1,0.2,0.04,1,0.5,0.8,0.3,0.4,,
Syzygium fluviatile,,Syzygium,Myrtaceae,Unknown,species,6,0.01,0.4,0.3,0.18,0.25,0.03,0.05,0.06,0.04,1.4,0.4,0.7,0.4,1.2,0.1,0.2,0.04,1,0.5,0.8,0.3,0.4,,
Syzygium forrestii,,Syzygium,Myrtaceae,Unknown,species,6,0.01,0.4,0.3,0.18,0.25,0.03,0.05,0.06,0.04,1.4,0.4,0.7,0.4,1.2,0.1,0.2,0.04,1,0.5,0.8,0.3,0.4,,
Syzygium guineense,,Syzygium,Myrtaceae,Unknown,species,6,0.01,0.4,0.3,0.18,0.25,0.03,0.05,0.06,0.04,1.4,0.4,0.7,0.4,1.2,0.1,0.2,0.04,1,0.5,0.8,0.3,0.4,,
Syzygium jambos,Malabar plum,Syzygium,Myrtaceae,Btr,species,6,0.01,0.4,0.3,0.18,0.25,0.03,0.05,0.06,0.04,1.4,0.4,0.7,0.4,1.2,0.1,0.2,0.04,1,0.5,0.8,0.3,0.4,,
Syzygium latilimbum,,Syzygium,Myrtaceae,Unknown,species,6,0.01,0.4,0.3,0.18,0.25,0.03,0.05,0.06,0.04,1.4,0.4,0.7,0.4,1.2,0.1,0.2,0.04,1,0.5,0.8,0.3,0.4,,
Syzygium malaccense,Malaysian apple,Syzygium,Myrtaceae,Btr,species,6,0.01,0.4,0.3,0.18,0.25,0.03,0.05,0.06,0.04,1.4,0.4,0.7,0.4,1.2,0.1,0.2,0.04,1,0.5,0.8,0.3,0.4,,
Syzygium oblatum,,Syzygium,Myrtaceae,Unknown,species,6,0.01,0.4,0.3,0.18,0.25,0.03,0.05,0.06,0.04,1.4,0.4,0.7,0.4,1.2,0.1,0.2,0.04,1,0.5,0.8,0.3,0.4,,
Syzygium paniculatum,brush cherry,Syzygium,Myrtaceae,Unknown,species,6,0.01,0.4,0.3,0.18,0.25,0.03,0.05,0.06,0.04,1.4,0.4,0.7,0.4,1.2,0.1,0.2,0.04,1,0.5,0.8,0.3,0.4,,
Syzygium polypetaloideum,,Syzygium,Myrtaceae,Unknown,species,6,0.01,0.4,0.3,0.18,0.25,0.03,0.05,0.06,0.04,1.4,0.4,0.7,0.4,1.2,0.1,0.2,0.04,1,0.5,0.8,0.3,0.4,,
Syzygium smithii,syzygium,Syzygium,Myrtaceae,Btr,species,6,0.01,0.4,0.3,0.18,0.25,0.03,0.05,0.06,0.04,1.4,0.4,0.7,0.4,1.2,0.1,0.2,0.04,1,0.5,0.8,0.3,0.4,,
Tabebuia avellanadae,,Tabebuia,Bignoniaceae,Btr,species,6,0.01,0.4,0.3,0.18,0.25,0.03,0.05,0.06,0.04,1.4,0.4,0.7,0.4,1.2,0.1,0.2,0.04,1,0.5,0.8,0.3,0.4,,
Tabebuia heterophylla,white cedar,Tabebuia,Bignoniaceae,Btr,species,6,0.01,0.4,0.3,0.18,0.25,0.03,0.05,0.06,0.04,1.4,0.4,0.7,0.4,1.2,0.1,0.2,0.04,1,0.5,0.8,0.3,0.4,,
Tabebuia umbellata,,Tabebuia,Bignoniaceae,Btr,species,6,0.01,0.4,0.3,0.18,0.25,0.03,0.05,0.06,0.04,1.4,0.4,0.7,0.4,1.2,0.1,0.2,0.04,1,0.5,0.8,0.3,0.4,,
Tabernaemontana crassa,,Tabernaemontana,Apocynaceae,Unknown,species,6,0.01,0.4,0.3,0.18,0.25,0.03,0.05,0.06,0.04,1.4,0.4,0.7,0.4,1.2,0.1,0.2,0.04,1,0.5,0.8,0.3,0.4,,
Tabernaemontana elegans,,Tabernaemontana,Apocynaceae,Unknown,species,6,0.01,0.4,0.3,0.18,0.25,0.03,0.05,0.06,0.04,1.4,0.4,0.7,0.4,1.2,0.1,0.2,0.04,1,0.5,0.8,0.3,0.4,,
Tabernaemontana penduliflora,,Tabernaemontana,Apocynaceae,Unknown,species,6,0.01,0.4,0.3,0.18,0.25,0.03,0.05,0.06,0.04,1.4,0.4,0.7,0.4,1.2,0.1,0.2,0.04,1,0.5,0.8,0.3,0.4,,
Taiwania cryptomerioides,Taiwania,Taiwania,Cupressaceae,Ntr,species,6,0.01,0.4,0.3,0.18,0.25,0.03,0.05,0.06,0.04,1.4,0.4,0.7,0.4,1.2,0.1,0.2,0.04,1,0.5,0.8,0.3,0.4,,
Talauma gitingensis,,Talauma,TBD,Unknown,species,6,0.01,0.4,0.3,0.18,0.25,0.03,0.05,0.06,0.04,1.4,0.4,0.7,0.4,1.2,0.1,0.2,0.04,1,0.5,0.8,0.3,0.4,,
Talipariti elatum,,Talipariti,Malvaceae,Btr,species,6,0.01,0.4,0.3,0.18,0.25,0.03,0.05,0.06,0.04,1.4,0.4,0.7,0.4,1.2,0.1,0.2,0.04,1,0.5,0.8,0.3,0.4,,
Tamaricaceae,,Tamaricaceae,Tamaricaceae,Unknown,family,0.003,0.003,0.07,0.1,0.04,0.06,0.03,0.05,0.06,0.04,1.6,0.4,0.7,0.4,1.2,0.1,0.2,0.04,1,0.5,0.8,0.3,0.4,,
Tamarix,tamarisk,Tamarix,Tamaricaceae,Btr,genus,0.003,0.003,0.07,0.1,0.04,0.06,0.03,0.05,0.06,0.04,1.6,0.4,0.7,0.4,1.2,0.1,0.2,0.04,1,0.5,0.8,0.3,0.4,,
Tamarix africana,African tamarisk,Tamarix,Tamaricaceae,Btr,species,0.003,0.003,0.07,0.1,0.04,0.06,0.03,0.05,0.06,0.04,1.6,0.4,0.7,0.4,1.2,0.1,0.2,0.04,1,0.5,0.8,0.3,0.4,,
Tamarix aphylla,Athel tamarisk,Tamarix,Tamaricaceae,Btr,species,0.003,0.003,0.07,0.1,0.04,0.06,0.03,0.05,0.06,0.04,1.6,0.4,0.7,0.4,1.2,0.1,0.2,0.04,1,0.5,0.8,0.3,0.4,,
Tamarix chinensis,five-stamen tamarisk,Tamarix,Tamaricaceae,Btr,species,0.003,0.003,0.07,0.1,0.04,0.06,0.03,0.05,0.06,0.04,1.6,0.4,0.7,0.4,1.2,0.1,0.2,0.04,1,0.5,0.8,0.3,0.4,,
Tamarix parviflora,smallflower tamarisk,Tamarix,Tamaricaceae,Btr,species,0.003,0.003,0.07,0.1,0.04,0.06,0.03,0.05,0.06,0.04,1.6,0.4,0.7,0.4,1.2,0.1,0.2,0.04,1,0.5,0.8,0.3,0.4,,
Tamarix ramosissima,saltcedar,Tamarix,Tamaricaceae,Btr,species,0.003,0.003,0.07,0.1,0.04,0.06,0.03,0.05,0.06,0.04,1.6,0.4,0.7,0.4,1.2,0.1,0.2,0.04,1,0.5,0.8,0.3,0.4,,
Tapinanthus,,Tapinanthus,TBD,Unknown,genus,6,0.01,0.4,0.3,0.18,0.25,0.03,0.05,0.06,0.04,1.4,0.4,0.7,0.4,1.2,0.1,0.2,0.04,1,0.5,0.8,0.3,0.4,,
Tapirira guianensis,,Tapirira,Anacardiaceae,Btr,species,6,0.01,0.4,0.3,0.18,0.25,0.03,0.05,0.06,0.04,1.4,0.4,0.7,0.4,1.2,0.1,0.2,0.04,1,0.5,0.8,0.3,0.4,,
Taxaceae,,Taxaceae,Taxaceae,Unknown,family,6,0.01,0.4,0.3,0.18,0.25,0.03,0.05,0.06,0.04,1.4,0.4,0.7,0.4,1.2,0.1,0.2,0.04,1,0.5,0.8,0.3,0.4,,
Taxodium,bald cypress,Taxodium,Cupressaceae,Ntr,genus,0.003,0.003,0.45,1,1,0.8,0.03,0.05,0.09,0.06,1.6,0.4,0.7,0.4,1.5,0.1,0.2,0.04,1,0.5,0.8,0.3,0.4,,
Taxodium distichum,bald cypress,Taxodium,Cupressaceae,Ntr,species,0.003,0.003,0.45,1,1,0.8,0.03,0.05,0.09,0.06,1.6,0.4,0.7,0.4,1.5,0.1,0.2,0.04,1,0.5,0.8,0.3,0.4,,
Taxodium huegelii,,Taxodium,Cupressaceae,Ntr,species,0.003,0.003,0.45,1,1,0.8,0.03,0.05,0.09,0.06,1.6,0.4,0.7,0.4,1.5,0.1,0.2,0.04,1,0.5,0.8,0.3,0.4,,
Taxodium mucronatum,Montezuma bald cypress,Taxodium,Cupressaceae,Ntr,species,0.003,0.003,0.45,1,1,0.8,0.03,0.05,0.09,0.06,1.6,0.4,0.7,0.4,1.5,0.1,0.2,0.04,1,0.5,0.8,0.3,0.4,,
Taxus,yew,Taxus,Taxaceae,Ntr,genus,6,0.01,0.4,0.3,0.18,0.25,0.03,0.05,0.06,0.04,1.4,0.4,0.7,0.4,1.2,0.1,0.2,0.04,1,0.5,0.8,0.3,0.4,,
Taxus baccata,English yew,Taxus,Taxaceae,Ntr,species,6,0.01,0.4,0.3,0.18,0.25,0.03,0.05,0.06,0.04,1.4,0.4,0.7,0.4,1.2,0.1,0.2,0.04,1,0.5,0.8,0.3,0.4,,
Taxus brevifolia,Pacific yew,Taxus,Taxaceae,Ntr,species,6,0.003,0.15,0.2,0.08,0.12,0.03,0.05,0.09,0.06,1.6,0.4,0.7,0.4,1.5,0.1,0.2,0.04,1,0.5,0.8,0.3,0.4,,
Taxus canadensis,Canada yew,Taxus,Taxaceae,Shrub,species,6,0.003,0.15,0.2,0.08,0.12,0.03,0.05,0.06,0.04,1.6,0.4,0.7,0.4,1.2,0.1,0.2,0.04,1,0.5,0.8,0.3,0.4,,
Tecoma,trumpetbush,Tecoma,Bignoniaceae,Btr,genus,6,0.01,0.4,0.3,0.18,0.25,0.03,0.05,0.06,0.04,1.4,0.4,0.7,0.4,1.2,0.1,0.2,0.04,1,0.5,0.8,0.3,0.4,,
Tecoma capensis,Cape honeysuckle,Tecoma,Bignoniaceae,Shrub,species,6,0.01,0.4,0.3,0.18,0.25,0.03,0.05,0.06,0.04,1.4,0.4,0.7,0.4,1.2,0.1,0.2,0.04,1,0.5,0.8,0.3,0.4,,
Tecoma stans,yellow trumpetbush,Tecoma,Bignoniaceae,Btr,species,6,0.01,0.4,0.3,0.18,0.25,0.03,0.05,0.06,0.04,1.4,0.4,0.7,0.4,1.2,0.1,0.2,0.04,1,0.5,0.8,0.3,0.4,,
Tecomaria capensis,,Tecomaria,Bignoniaceae,Unknown,species,6,0.01,0.4,0.3,0.18,0.25,0.03,0.05,0.06,0.04,1.4,0.4,0.7,0.4,1.2,0.1,0.2,0.04,1,0.5,0.8,0.3,0.4,,
Tectaria cicutaria,button fern,Tectaria,Dryopteridaceae,Herb,species,6,0.01,0.4,0.3,0.18,0.25,0.03,0.05,0.06,0.04,1.4,0.4,0.7,0.4,1.2,0.1,0.2,0.04,1,0.5,0.8,0.3,0.4,,
Templetonia retusa,,Templetonia,TBD,Unknown,species,6,0.01,0.4,0.3,0.18,0.25,0.03,0.05,0.06,0.04,1.4,0.4,0.7,0.4,1.2,0.1,0.2,0.04,1,0.5,0.8,0.3,0.4,,
TEOWBtr5001,Broadleaf tree,Btr,GF,Btr,GFET,0.65,0.003,0.027,0.02,0.011,0.014,0.03,0.05,0.06,0.04,0.8,0.4,0.7,0.4,1.2,0.1,0.2,0.04,1,0.5,0.8,0.3,0.4,,
TEOWBtr5002,Broadleaf tree,Btr,GF,Btr,GFET,4.794,0.003,0.055,0.041,0.023,0.028,0.03,0.05,0.06,0.04,0.8,0.4,0.7,0.4,1.2,0.1,0.2,0.04,1,0.5,0.8,0.3,0.4,,
TEOWBtr5003,Broadleaf tree,Btr,GF,Btr,GFET,13.251,0.003,0.305,0.229,0.127,0.153,0.03,0.05,0.06,0.04,0.8,0.4,0.7,0.4,1.2,0.1,0.2,0.04,1,0.5,0.8,0.3,0.4,,
TEOWBtr5004,Broadleaf tree,Btr,GF,Btr,GFET,15.579,0.003,0.305,0.229,0.127,0.153,0.03,0.05,0.06,0.04,0.8,0.4,0.7,0.4,1.2,0.1,0.2,0.04,1,0.5,0.8,0.3,0.4,,
TEOWBtr5005,Broadleaf tree,Btr,GF,Btr,GFET,16.41,0.003,0.305,0.229,0.127,0.153,0.03,0.05,0.06,0.04,0.8,0.4,0.7,0.4,1.2,0.1,0.2,0.04,1,0.5,0.8,0.3,0.4,,
TEOWBtr5006,Broadleaf tree,Btr,GF,Btr,GFET,14.966,0.003,0.305,0.229,0.127,0.153,0.03,0.05,0.06,0.04,0.8,0.4,0.7,0.4,1.2,0.1,0.2,0.04,1,0.5,0.8,0.3,0.4,,
TEOWBtr5007,Broadleaf tree,Btr,GF,Btr,GFET,12.246,0.003,0.305,0.229,0.127,0.153,0.03,0.05,0.06,0.04,0.8,0.4,0.7,0.4,1.2,0.1,0.2,0.04,1,0.5,0.8,0.3,0.4,,
TEOWBtr5008,Broadleaf tree,Btr,GF,Btr,GFET,16.314,0.003,0.305,0.229,0.127,0.153,0.03,0.05,0.06,0.04,0.8,0.4,0.7,0.4,1.2,0.1,0.2,0.04,1,0.5,0.8,0.3,0.4,,
TEOWBtr5009,Broadleaf tree,Btr,GF,Btr,GFET,13.277,0.003,0.305,0.229,0.127,0.153,0.03,0.05,0.06,0.04,0.8,0.4,0.7,0.4,1.2,0.1,0.2,0.04,1,0.5,0.8,0.3,0.4,,
TEOWBtr5010,Broadleaf tree,Btr,GF,Btr,GFET,16.511,0.003,0.305,0.229,0.127,0.153,0.03,0.05,0.06,0.04,0.8,0.4,0.7,0.4,1.2,0.1,0.2,0.04,1,0.5,0.8,0.3,0.4,,
TEOWBtr5011,Broadleaf tree,Btr,GF,Btr,GFET,0.01,0.003,0.012,0.009,0.005,0.006,0.03,0.05,0.06,0.04,0.8,0.4,0.7,0.4,1.2,0.1,0.2,0.04,1,0.5,0.8,0.3,0.4,,
TEOWBtr5012,Broadleaf tree,Btr,GF,Btr,GFET,14.684,0.003,0.305,0.229,0.127,0.153,0.03,0.05,0.06,0.04,0.8,0.4,0.7,0.4,1.2,0.1,0.2,0.04,1,0.5,0.8,0.3,0.4,,
TEOWBtr5013,Broadleaf tree,Btr,GF,Btr,GFET,14.696,0.003,0.305,0.229,0.127,0.153,0.03,0.05,0.06,0.04,0.8,0.4,0.7,0.4,1.2,0.1,0.2,0.04,1,0.5,0.8,0.3,0.4,,
TEOWBtr5014,Broadleaf tree,Btr,GF,Btr,GFET,10.283,0.003,0.305,0.229,0.127,0.153,0.03,0.05,0.06,0.04,0.8,0.4,0.7,0.4,1.2,0.1,0.2,0.04,1,0.5,0.8,0.3,0.4,,
TEOWBtr5015,Broadleaf tree,Btr,GF,Btr,GFET,13.385,0.003,0.305,0.229,0.127,0.153,0.03,0.05,0.06,0.04,0.8,0.4,0.7,0.4,1.2,0.1,0.2,0.04,1,0.5,0.8,0.3,0.4,,
TEOWBtr5016,Broadleaf tree,Btr,GF,Btr,GFET,0.01,0.003,0.012,0.009,0.005,0.006,0.03,0.05,0.06,0.04,0.8,0.4,0.7,0.4,1.2,0.1,0.2,0.04,1,0.5,0.8,0.3,0.4,,
TEOWBtr5017,Broadleaf tree,Btr,GF,Btr,GFET,16.261,0.003,0.305,0.229,0.127,0.153,0.03,0.05,0.06,0.04,0.8,0.4,0.7,0.4,1.2,0.1,0.2,0.04,1,0.5,0.8,0.3,0.4,,
TEOWBtr5018,Broadleaf tree,Btr,GF,Btr,GFET,14.996,0.003,0.305,0.229,0.127,0.153,0.03,0.05,0.06,0.04,0.8,0.4,0.7,0.4,1.2,0.1,0.2,0.04,1,0.5,0.8,0.3,0.4,,
TEOWBtr5019,Broadleaf tree,Btr,GF,Btr,GFET,18.895,0.003,0.44,0.33,0.183,0.22,0.03,0.05,0.06,0.04,0.8,0.4,0.7,0.4,1.2,0.1,0.2,0.04,1,0.5,0.8,0.3,0.4,,
TEOWBtr5020,Broadleaf tree,Btr,GF,Btr,GFET,15.969,0.003,0.305,0.229,0.127,0.153,0.03,0.05,0.06,0.04,0.8,0.4,0.7,0.4,1.2,0.1,0.2,0.04,1,0.5,0.8,0.3,0.4,,
TEOWBtr5021,Broadleaf tree,Btr,GF,Btr,GFET,14.761,0.003,0.305,0.229,0.127,0.153,0.03,0.05,0.06,0.04,0.8,0.4,0.7,0.4,1.2,0.1,0.2,0.04,1,0.5,0.8,0.3,0.4,,
TEOWBtr5022,Broadleaf tree,Btr,GF,Btr,GFET,14.506,0.003,0.305,0.229,0.127,0.153,0.03,0.05,0.06,0.04,0.8,0.4,0.7,0.4,1.2,0.1,0.2,0.04,1,0.5,0.8,0.3,0.4,,
TEOWBtr5023,Broadleaf tree,Btr,GF,Btr,GFET,14.759,0.003,0.305,0.229,0.127,0.153,0.03,0.05,0.06,0.04,0.8,0.4,0.7,0.4,1.2,0.1,0.2,0.04,1,0.5,0.8,0.3,0.4,,
TEOWBtr5024,Broadleaf tree,Btr,GF,Btr,GFET,15.701,0.003,0.305,0.229,0.127,0.153,0.03,0.05,0.06,0.04,0.8,0.4,0.7,0.4,1.2,0.1,0.2,0.04,1,0.5,0.8,0.3,0.4,,
TEOWBtr5025,Broadleaf tree,Btr,GF,Btr,GFET,14.498,0.003,0.305,0.229,0.127,0.153,0.03,0.05,0.06,0.04,0.8,0.4,0.7,0.4,1.2,0.1,0.2,0.04,1,0.5,0.8,0.3,0.4,,
TEOWBtr5026,Broadleaf tree,Btr,GF,Btr,GFET,14.326,0.003,0.305,0.229,0.127,0.153,0.03,0.05,0.06,0.04,0.8,0.4,0.7,0.4,1.2,0.1,0.2,0.04,1,0.5,0.8,0.3,0.4,,
TEOWBtr5027,Broadleaf tree,Btr,GF,Btr,GFET,15.632,0.003,0.305,0.229,0.127,0.153,0.03,0.05,0.06,0.04,0.8,0.4,0.7,0.4,1.2,0.1,0.2,0.04,1,0.5,0.8,0.3,0.4,,
TEOWBtr5028,Broadleaf tree,Btr,GF,Btr,GFET,14.037,0.003,0.305,0.229,0.127,0.153,0.03,0.05,0.06,0.04,0.8,0.4,0.7,0.4,1.2,0.1,0.2,0.04,1,0.5,0.8,0.3,0.4,,
TEOWBtr5029,Broadleaf tree,Btr,GF,Btr,GFET,14.701,0.003,0.305,0.229,0.127,0.153,0.03,0.05,0.06,0.04,0.8,0.4,0.7,0.4,1.2,0.1,0.2,0.04,1,0.5,0.8,0.3,0.4,,
TEOWBtr5030,Broadleaf tree,Btr,GF,Btr,GFET,16.674,0.003,0.305,0.229,0.127,0.153,0.03,0.05,0.06,0.04,0.8,0.4,0.7,0.4,1.2,0.1,0.2,0.04,1,0.5,0.8,0.3,0.4,,
TEOWBtr5031,Broadleaf tree,Btr,GF,Btr,GFET,13.909,0.003,0.306,0.229,0.127,0.153,0.03,0.05,0.06,0.04,0.8,0.4,0.7,0.4,1.2,0.1,0.2,0.04,1,0.5,0.8,0.3,0.4,,
TEOWBtr5032,Broadleaf tree,Btr,GF,Btr,GFET,10.013,0.003,0.305,0.229,0.127,0.153,0.03,0.05,0.06,0.04,0.8,0.4,0.7,0.4,1.2,0.1,0.2,0.04,1,0.5,0.8,0.3,0.4,,
TEOWBtr5033,Broadleaf tree,Btr,GF,Btr,GFET,11.661,0.003,0.306,0.229,0.127,0.153,0.03,0.05,0.06,0.04,0.8,0.4,0.7,0.4,1.2,0.1,0.2,0.04,1,0.5,0.8,0.3,0.4,,
TEOWBtr5034,Broadleaf tree,Btr,GF,Btr,GFET,12.351,0.003,0.427,0.32,0.178,0.213,0.03,0.05,0.06,0.04,0.8,0.4,0.7,0.4,1.2,0.1,0.2,0.04,1,0.5,0.8,0.3,0.4,,
TEOWBtr5035,Broadleaf tree,Btr,GF,Btr,GFET,0.01,0.003,0.012,0.009,0.005,0.006,0.03,0.05,0.06,0.04,0.8,0.4,0.7,0.4,1.2,0.1,0.2,0.04,1,0.5,0.8,0.3,0.4,,
TEOWBtr5036,Broadleaf tree,Btr,GF,Btr,GFET,28.192,0.003,0.761,0.571,0.317,0.381,0.03,0.05,0.06,0.04,0.8,0.4,0.7,0.4,1.2,0.1,0.2,0.04,1,0.5,0.8,0.3,0.4,,
TEOWBtr5037,Broadleaf tree,Btr,GF,Btr,GFET,6.404,0.003,0.305,0.229,0.127,0.153,0.03,0.05,0.06,0.04,0.8,0.4,0.7,0.4,1.2,0.1,0.2,0.04,1,0.5,0.8,0.3,0.4,,
TEOWBtr5038,Broadleaf tree,Btr,GF,Btr,GFET,4.005,0.003,0.305,0.229,0.127,0.153,0.03,0.05,0.06,0.04,0.8,0.4,0.7,0.4,1.2,0.1,0.2,0.04,1,0.5,0.8,0.3,0.4,,
TEOWBtr5039,Broadleaf tree,Btr,GF,Btr,GFET,11.614,0.003,0.306,0.229,0.127,0.153,0.03,0.05,0.06,0.04,0.8,0.4,0.7,0.4,1.2,0.1,0.2,0.04,1,0.5,0.8,0.3,0.4,,
TEOWBtr5040,Broadleaf tree,Btr,GF,Btr,GFET,14.399,0.003,0.306,0.229,0.127,0.153,0.03,0.05,0.06,0.04,0.8,0.4,0.7,0.4,1.2,0.1,0.2,0.04,1,0.5,0.8,0.3,0.4,,
TEOWBtr5041,Broadleaf tree,Btr,GF,Btr,GFET,3.454,0.003,0.305,0.229,0.127,0.153,0.03,0.05,0.06,0.04,0.8,0.4,0.7,0.4,1.2,0.1,0.2,0.04,1,0.5,0.8,0.3,0.4,,
TEOWBtr5042,Broadleaf tree,Btr,GF,Btr,GFET,5.52,0.003,0.305,0.229,0.127,0.153,0.03,0.05,0.06,0.04,0.8,0.4,0.7,0.4,1.2,0.1,0.2,0.04,1,0.5,0.8,0.3,0.4,,
TEOWBtr5043,Broadleaf tree,Btr,GF,Btr,GFET,29.277,0.003,0.813,0.61,0.339,0.407,0.03,0.05,0.06,0.04,0.8,0.4,0.7,0.4,1.2,0.1,0.2,0.04,1,0.5,0.8,0.3,0.4,,
TEOWBtr5044,Broadleaf tree,Btr,GF,Btr,GFET,13.587,0.003,0.305,0.229,0.127,0.153,0.03,0.05,0.06,0.04,0.8,0.4,0.7,0.4,1.2,0.1,0.2,0.04,1,0.5,0.8,0.3,0.4,,
TEOWBtr5045,Broadleaf tree,Btr,GF,Btr,GFET,29.892,0.003,0.773,0.58,0.322,0.387,0.03,0.05,0.06,0.04,0.8,0.4,0.7,0.4,1.2,0.1,0.2,0.04,1,0.5,0.8,0.3,0.4,,
TEOWBtr5046,Broadleaf tree,Btr,GF,Btr,GFET,28.607,0.003,0.79,0.592,0.329,0.395,0.03,0.05,0.06,0.04,0.8,0.4,0.7,0.4,1.2,0.1,0.2,0.04,1,0.5,0.8,0.3,0.4,,
TEOWBtr5047,Broadleaf tree,Btr,GF,Btr,GFET,29.145,0.003,0.712,0.534,0.297,0.356,0.03,0.05,0.06,0.04,0.8,0.4,0.7,0.4,1.2,0.1,0.2,0.04,1,0.5,0.8,0.3,0.4,,
TEOWBtr5048,Broadleaf tree,Btr,GF,Btr,GFET,5.493,0.003,0.305,0.229,0.127,0.153,0.03,0.05,0.06,0.04,0.8,0.4,0.7,0.4,1.2,0.1,0.2,0.04,1,0.5,0.8,0.3,0.4,,
TEOWBtr5049,Broadleaf tree,Btr,GF,Btr,GFET,24.868,0.003,0.75,0.563,0.313,0.375,0.03,0.05,0.06,0.04,0.8,0.4,0.7,0.4,1.2,0.1,0.2,0.04,1,0.5,0.8,0.3,0.4,,
TEOWBtr5050,Broadleaf tree,Btr,GF,Btr,GFET,24.381,0.003,0.807,0.605,0.336,0.403,0.03,0.05,0.06,0.04,0.8,0.4,0.7,0.4,1.2,0.1,0.2,0.04,1,0.5,0.8,0.3,0.4,,
TEOWBtr5051,Broadleaf tree,Btr,GF,Btr,GFET,21.857,0.003,0.702,0.526,0.292,0.351,0.03,0.05,0.06,0.04,0.8,0.4,0.7,0.4,1.2,0.1,0.2,0.04,1,0.5,0.8,0.3,0.4,,
TEOWBtr5052,Broadleaf tree,Btr,GF,Btr,GFET,26.512,0.003,0.766,0.574,0.319,0.383,0.03,0.05,0.06,0.04,0.8,0.4,0.7,0.4,1.2,0.1,0.2,0.04,1,0.5,0.8,0.3,0.4,,
TEOWBtr5053,Broadleaf tree,Btr,GF,Btr,GFET,25.351,0.003,0.806,0.604,0.336,0.403,0.03,0.05,0.06,0.04,0.8,0.4,0.7,0.4,1.2,0.1,0.2,0.04,1,0.5,0.8,0.3,0.4,,
TEOWBtr5054,Broadleaf tree,Btr,GF,Btr,GFET,27.15,0.003,0.797,0.597,0.332,0.398,0.03,0.05,0.06,0.04,0.8,0.4,0.7,0.4,1.2,0.1,0.2,0.04,1,0.5,0.8,0.3,0.4,,
TEOWBtr5055,Broadleaf tree,Btr,GF,Btr,GFET,29.809,0.003,0.846,0.634,0.352,0.423,0.03,0.05,0.06,0.04,0.8,0.4,0.7,0.4,1.2,0.1,0.2,0.04,1,0.5,0.8,0.3,0.4,,
TEOWBtr5056,Broadleaf tree,Btr,GF,Btr,GFET,20.112,0.003,0.817,0.613,0.34,0.408,0.03,0.05,0.06,0.04,0.8,0.4,0.7,0.4,1.2,0.1,0.2,0.04,1,0.5,0.8,0.3,0.4,,
TEOWBtr5057,Broadleaf tree,Btr,GF,Btr,GFET,26.294,0.003,0.821,0.615,0.342,0.41,0.03,0.05,0.06,0.04,0.8,0.4,0.7,0.4,1.2,0.1,0.2,0.04,1,0.5,0.8,0.3,0.4,,
TEOWBtr5058,Broadleaf tree,Btr,GF,Btr,GFET,22.475,0.003,0.82,0.615,0.342,0.41,0.03,0.05,0.06,0.04,0.8,0.4,0.7,0.4,1.2,0.1,0.2,0.04,1,0.5,0.8,0.3,0.4,,
TEOWBtr5059,Broadleaf tree,Btr,GF,Btr,GFET,27.842,0.003,0.878,0.658,0.366,0.439,0.03,0.05,0.06,0.04,0.8,0.4,0.7,0.4,1.2,0.1,0.2,0.04,1,0.5,0.8,0.3,0.4,,
TEOWBtr5060,Broadleaf tree,Btr,GF,Btr,GFET,27.218,0.003,0.833,0.625,0.347,0.416,0.03,0.05,0.06,0.04,0.8,0.4,0.7,0.4,1.2,0.1,0.2,0.04,1,0.5,0.8,0.3,0.4,,
TEOWBtr5061,Broadleaf tree,Btr,GF,Btr,GFET,33.529,0.003,0.811,0.608,0.338,0.405,0.03,0.05,0.06,0.04,0.8,0.4,0.7,0.4,1.2,0.1,0.2,0.04,1,0.5,0.8,0.3,0.4,,
TEOWBtr5062,Broadleaf tree,Btr,GF,Btr,GFET,18.544,0.003,0.817,0.613,0.34,0.408,0.03,0.05,0.06,0.04,0.8,0.4,0.7,0.4,1.2,0.1,0.2,0.04,1,0.5,0.8,0.3,0.4,,
TEOWBtr5063,Broadleaf tree,Btr,GF,Btr,GFET,12.34,0.003,0.817,0.613,0.341,0.409,0.03,0.05,0.06,0.04,0.8,0.4,0.7,0.4,1.2,0.1,0.2,0.04,1,0.5,0.8,0.3,0.4,,
TEOWBtr5064,Broadleaf tree,Btr,GF,Btr,GFET,0.01,0.003,0.012,0.009,0.005,0.006,0.03,0.05,0.06,0.04,0.8,0.4,0.7,0.4,1.2,0.1,0.2,0.04,1,0.5,0.8,0.3,0.4,,
TEOWBtr5065,Broadleaf tree,Btr,GF,Btr,GFET,26.587,0.003,0.816,0.612,0.34,0.408,0.03,0.05,0.06,0.04,0.8,0.4,0.7,0.4,1.2,0.1,0.2,0.04,1,0.5,0.8,0.3,0.4,,
TEOWBtr5066,Broadleaf tree,Btr,GF,Btr,GFET,29.436,0.003,0.894,0.671,0.373,0.447,0.03,0.05,0.06,0.04,0.8,0.4,0.7,0.4,1.2,0.1,0.2,0.04,1,0.5,0.8,0.3,0.4,,
TEOWBtr5067,Broadleaf tree,Btr,GF,Btr,GFET,31.475,0.003,0.947,0.71,0.395,0.474,0.03,0.05,0.06,0.04,0.8,0.4,0.7,0.4,1.2,0.1,0.2,0.04,1,0.5,0.8,0.3,0.4,,
TEOWBtr5068,Broadleaf tree,Btr,GF,Btr,GFET,31.32,0.003,0.81,0.607,0.337,0.405,0.03,0.05,0.06,0.04,0.8,0.4,0.7,0.4,1.2,0.1,0.2,0.04,1,0.5,0.8,0.3,0.4,,
TEOWBtr5069,Broadleaf tree,Btr,GF,Btr,GFET,23.943,0.003,0.81,0.607,0.337,0.405,0.03,0.05,0.06,0.04,0.8,0.4,0.7,0.4,1.2,0.1,0.2,0.04,1,0.5,0.8,0.3,0.4,,
TEOWBtr5070,Broadleaf tree,Btr,GF,Btr,GFET,28.104,0.003,0.84,0.63,0.35,0.42,0.03,0.05,0.06,0.04,0.8,0.4,0.7,0.4,1.2,0.1,0.2,0.04,1,0.5,0.8,0.3,0.4,,
TEOWBtr5071,Broadleaf tree,Btr,GF,Btr,GFET,30.286,0.003,0.851,0.638,0.355,0.426,0.03,0.05,0.06,0.04,0.8,0.4,0.7,0.4,1.2,0.1,0.2,0.04,1,0.5,0.8,0.3,0.4,,
TEOWBtr5072,Broadleaf tree,Btr,GF,Btr,GFET,25.581,0.003,0.763,0.572,0.318,0.381,0.03,0.05,0.06,0.04,0.8,0.4,0.7,0.4,1.2,0.1,0.2,0.04,1,0.5,0.8,0.3,0.4,,
TEOWBtr5073,Broadleaf tree,Btr,GF,Btr,GFET,29.285,0.003,0.906,0.68,0.378,0.453,0.03,0.05,0.06,0.04,0.8,0.4,0.7,0.4,1.2,0.1,0.2,0.04,1,0.5,0.8,0.3,0.4,,
TEOWBtr5074,Broadleaf tree,Btr,GF,Btr,GFET,28.737,0.003,0.858,0.644,0.358,0.429,0.03,0.05,0.06,0.04,0.8,0.4,0.7,0.4,1.2,0.1,0.2,0.04,1,0.5,0.8,0.3,0.4,,
TEOWBtr5075,Broadleaf tree,Btr,GF,Btr,GFET,34.922,0.003,0.863,0.647,0.359,0.431,0.03,0.05,0.06,0.04,0.8,0.4,0.7,0.4,1.2,0.1,0.2,0.04,1,0.5,0.8,0.3,0.4,,
TEOWBtr5076,Broadleaf tree,Btr,GF,Btr,GFET,31.859,0.003,0.816,0.612,0.34,0.408,0.03,0.05,0.06,0.04,0.8,0.4,0.7,0.4,1.2,0.1,0.2,0.04,1,0.5,0.8,0.3,0.4,,
TEOWBtr5077,Broadleaf tree,Btr,GF,Btr,GFET,33.445,0.003,0.818,0.614,0.341,0.409,0.03,0.05,0.06,0.04,0.8,0.4,0.7,0.4,1.2,0.1,0.2,0.04,1,0.5,0.8,0.3,0.4,,
TEOWBtr5078,Broadleaf tree,Btr,GF,Btr,GFET,32.961,0.003,0.818,0.614,0.341,0.409,0.03,0.05,0.06,0.04,0.8,0.4,0.7,0.4,1.2,0.1,0.2,0.04,1,0.5,0.8,0.3,0.4,,
TEOWBtr5079,Broadleaf tree,Btr,GF,Btr,GFET,33.693,0.003,0.835,0.626,0.348,0.418,0.03,0.05,0.06,0.04,0.8,0.4,0.7,0.4,1.2,0.1,0.2,0.04,1,0.5,0.8,0.3,0.4,,
TEOWBtr5080,Broadleaf tree,Btr,GF,Btr,GFET,32.136,0.003,0.831,0.623,0.346,0.416,0.03,0.05,0.06,0.04,0.8,0.4,0.7,0.4,1.2,0.1,0.2,0.04,1,0.5,0.8,0.3,0.4,,
TEOWBtr5081,Broadleaf tree,Btr,GF,Btr,GFET,32.298,0.003,0.817,0.613,0.34,0.408,0.03,0.05,0.06,0.04,0.8,0.4,0.7,0.4,1.2,0.1,0.2,0.04,1,0.5,0.8,0.3,0.4,,
TEOWBtr5082,Broadleaf tree,Btr,GF,Btr,GFET,33.258,0.003,0.842,0.631,0.351,0.421,0.03,0.05,0.06,0.04,0.8,0.4,0.7,0.4,1.2,0.1,0.2,0.04,1,0.5,0.8,0.3,0.4,,
TEOWBtr5083,Broadleaf tree,Btr,GF,Btr,GFET,31.596,0.003,0.913,0.685,0.381,0.457,0.03,0.05,0.06,0.04,0.8,0.4,0.7,0.4,1.2,0.1,0.2,0.04,1,0.5,0.8,0.3,0.4,,
TEOWBtr5084,Broadleaf tree,Btr,GF,Btr,GFET,31.138,0.003,0.91,0.683,0.379,0.455,0.03,0.05,0.06,0.04,0.8,0.4,0.7,0.4,1.2,0.1,0.2,0.04,1,0.5,0.8,0.3,0.4,,
TEOWBtr5085,Broadleaf tree,Btr,GF,Btr,GFET,0.003,0.003,0.011,0.009,0.005,0.006,0.03,0.05,0.06,0.04,0.8,0.4,0.7,0.4,1.2,0.1,0.2,0.04,1,0.5,0.8,0.3,0.4,,
TEOWBtr5086,Broadleaf tree,Btr,GF,Btr,GFET,0.01,0.003,0.012,0.009,0.005,0.006,0.03,0.05,0.06,0.04,0.8,0.4,0.7,0.4,1.2,0.1,0.2,0.04,1,0.5,0.8,0.3,0.4,,
TEOWBtr5087,Broadleaf tree,Btr,GF,Btr,GFET,0.01,0.003,0.012,0.009,0.005,0.006,0.03,0.05,0.06,0.04,0.8,0.4,0.7,0.4,1.2,0.1,0.2,0.04,1,0.5,0.8,0.3,0.4,,
TEOWBtr5088,Broadleaf tree,Btr,GF,Btr,GFET,0.01,0.003,0.012,0.009,0.005,0.006,0.03,0.05,0.06,0.04,0.8,0.4,0.7,0.4,1.2,0.1,0.2,0.04,1,0.5,0.8,0.3,0.4,,
TEOWBtr5089,Broadleaf tree,Btr,GF,Btr,GFET,0.01,0.003,0.012,0.009,0.005,0.006,0.03,0.05,0.06,0.04,0.8,0.4,0.7,0.4,1.2,0.1,0.2,0.04,1,0.5,0.8,0.3,0.4,,
TEOWBtr5090,Broadleaf tree,Btr,GF,Btr,GFET,5.014,0.003,0.062,0.047,0.026,0.031,0.03,0.05,0.06,0.04,0.8,0.4,0.7,0.4,1.2,0.1,0.2,0.04,1,0.5,0.8,0.3,0.4,,
TEOWBtr5091,Broadleaf tree,Btr,GF,Btr,GFET,7.665,0.003,0.253,0.19,0.105,0.127,0.03,0.05,0.06,0.04,0.8,0.4,0.7,0.4,1.2,0.1,0.2,0.04,1,0.5,0.8,0.3,0.4,,
TEOWBtr5092,Broadleaf tree,Btr,GF,Btr,GFET,6.976,0.003,0.306,0.229,0.127,0.153,0.03,0.05,0.06,0.04,0.8,0.4,0.7,0.4,1.2,0.1,0.2,0.04,1,0.5,0.8,0.3,0.4,,
TEOWBtr5093,Broadleaf tree,Btr,GF,Btr,GFET,7.718,0.003,0.231,0.173,0.096,0.116,0.03,0.05,0.06,0.04,0.8,0.4,0.7,0.4,1.2,0.1,0.2,0.04,1,0.5,0.8,0.3,0.4,,
TEOWBtr5094,Broadleaf tree,Btr,GF,Btr,GFET,5.759,0.003,0.305,0.229,0.127,0.153,0.03,0.05,0.06,0.04,0.8,0.4,0.7,0.4,1.2,0.1,0.2,0.04,1,0.5,0.8,0.3,0.4,,
TEOWBtr5095,Broadleaf tree,Btr,GF,Btr,GFET,6.466,0.003,0.305,0.229,0.127,0.153,0.03,0.05,0.06,0.04,0.8,0.4,0.7,0.4,1.2,0.1,0.2,0.04,1,0.5,0.8,0.3,0.4,,
TEOWBtr5096,Broadleaf tree,Btr,GF,Btr,GFET,6.454,0.003,0.305,0.229,0.127,0.153,0.03,0.05,0.06,0.04,0.8,0.4,0.7,0.4,1.2,0.1,0.2,0.04,1,0.5,0.8,0.3,0.4,,
TEOWBtr5097,Broadleaf tree,Btr,GF,Btr,GFET,4.93,0.003,0.093,0.07,0.039,0.047,0.03,0.05,0.06,0.04,0.8,0.4,0.7,0.4,1.2,0.1,0.2,0.04,1,0.5,0.8,0.3,0.4,,
TEOWBtr5098,Broadleaf tree,Btr,GF,Btr,GFET,4.811,0.003,0.104,0.078,0.043,0.052,0.03,0.05,0.06,0.04,0.8,0.4,0.7,0.4,1.2,0.1,0.2,0.04,1,0.5,0.8,0.3,0.4,,
TEOWBtr5099,Broadleaf tree,Btr,GF,Btr,GFET,11.72,0.003,0.101,0.076,0.042,0.05,0.03,0.05,0.06,0.04,0.8,0.4,0.7,0.4,1.2,0.1,0.2,0.04,1,0.5,0.8,0.3,0.4,,
TEOWBtr5100,Broadleaf tree,Btr,GF,Btr,GFET,6.173,0.003,0.305,0.229,0.127,0.153,0.03,0.05,0.06,0.04,0.8,0.4,0.7,0.4,1.2,0.1,0.2,0.04,1,0.5,0.8,0.3,0.4,,
TEOWBtr5101,Broadleaf tree,Btr,GF,Btr,GFET,7.049,0.003,0.307,0.231,0.128,0.154,0.03,0.05,0.06,0.04,0.8,0.4,0.7,0.4,1.2,0.1,0.2,0.04,1,0.5,0.8,0.3,0.4,,
TEOWBtr5102,Broadleaf tree,Btr,GF,Btr,GFET,0.01,0.003,0.012,0.009,0.005,0.006,0.03,0.05,0.06,0.04,0.8,0.4,0.7,0.4,1.2,0.1,0.2,0.04,1,0.5,0.8,0.3,0.4,,
TEOWBtr5103,Broadleaf tree,Btr,GF,Btr,GFET,6.375,0.003,0.305,0.229,0.127,0.153,0.03,0.05,0.06,0.04,0.8,0.4,0.7,0.4,1.2,0.1,0.2,0.04,1,0.5,0.8,0.3,0.4,,
TEOWBtr5104,Broadleaf tree,Btr,GF,Btr,GFET,17.966,0.003,0.252,0.189,0.105,0.126,0.03,0.05,0.06,0.04,0.8,0.4,0.7,0.4,1.2,0.1,0.2,0.04,1,0.5,0.8,0.3,0.4,,
TEOWBtr5105,Broadleaf tree,Btr,GF,Btr,GFET,7.503,0.003,0.214,0.161,0.089,0.107,0.03,0.05,0.06,0.04,0.8,0.4,0.7,0.4,1.2,0.1,0.2,0.04,1,0.5,0.8,0.3,0.4,,
TEOWBtr5106,Broadleaf tree,Btr,GF,Btr,GFET,7.514,0.003,0.305,0.229,0.127,0.153,0.03,0.05,0.06,0.04,0.8,0.4,0.7,0.4,1.2,0.1,0.2,0.04,1,0.5,0.8,0.3,0.4,,
TEOWBtr5107,Broadleaf tree,Btr,GF,Btr,GFET,7.358,0.003,0.305,0.229,0.127,0.153,0.03,0.05,0.06,0.04,0.8,0.4,0.7,0.4,1.2,0.1,0.2,0.04,1,0.5,0.8,0.3,0.4,,
TEOWBtr5108,Broadleaf tree,Btr,GF,Btr,GFET,7.076,0.003,0.254,0.191,0.106,0.127,0.03,0.05,0.06,0.04,0.8,0.4,0.7,0.4,1.2,0.1,0.2,0.04,1,0.5,0.8,0.3,0.4,,
TEOWBtr5109,Broadleaf tree,Btr,GF,Btr,GFET,0.01,0.003,0.012,0.009,0.005,0.006,0.03,0.05,0.06,0.04,0.8,0.4,0.7,0.4,1.2,0.1,0.2,0.04,1,0.5,0.8,0.3,0.4,,
TEOWBtr5110,Broadleaf tree,Btr,GF,Btr,GFET,7.618,0.003,0.305,0.229,0.127,0.153,0.03,0.05,0.06,0.04,0.8,0.4,0.7,0.4,1.2,0.1,0.2,0.04,1,0.5,0.8,0.3,0.4,,
TEOWBtr5111,Broadleaf tree,Btr,GF,Btr,GFET,4.82,0.003,0.305,0.229,0.127,0.153,0.03,0.05,0.06,0.04,0.8,0.4,0.7,0.4,1.2,0.1,0.2,0.04,1,0.5,0.8,0.3,0.4,,
TEOWBtr5112,Broadleaf tree,Btr,GF,Btr,GFET,6.212,0.003,0.306,0.229,0.127,0.153,0.03,0.05,0.06,0.04,0.8,0.4,0.7,0.4,1.2,0.1,0.2,0.04,1,0.5,0.8,0.3,0.4,,
TEOWBtr5113,Broadleaf tree,Btr,GF,Btr,GFET,8.113,0.003,0.296,0.222,0.123,0.148,0.03,0.05,0.06,0.04,0.8,0.4,0.7,0.4,1.2,0.1,0.2,0.04,1,0.5,0.8,0.3,0.4,,
TEOWBtr5114,Broadleaf tree,Btr,GF,Btr,GFET,2.764,0.003,0.09,0.067,0.037,0.045,0.03,0.05,0.06,0.04,0.8,0.4,0.7,0.4,1.2,0.1,0.2,0.04,1,0.5,0.8,0.3,0.4,,
TEOWBtr5115,Broadleaf tree,Btr,GF,Btr,GFET,7.876,0.003,0.278,0.208,0.116,0.139,0.03,0.05,0.06,0.04,0.8,0.4,0.7,0.4,1.2,0.1,0.2,0.04,1,0.5,0.8,0.3,0.4,,
TEOWBtr5116,Broadleaf tree,Btr,GF,Btr,GFET,3.346,0.003,0.305,0.229,0.127,0.153,0.03,0.05,0.06,0.04,0.8,0.4,0.7,0.4,1.2,0.1,0.2,0.04,1,0.5,0.8,0.3,0.4,,
TEOWBtr5117,Broadleaf tree,Btr,GF,Btr,GFET,5.281,0.003,0.073,0.055,0.031,0.037,0.03,0.05,0.06,0.04,0.8,0.4,0.7,0.4,1.2,0.1,0.2,0.04,1,0.5,0.8,0.3,0.4,,
TEOWBtr5118,Broadleaf tree,Btr,GF,Btr,GFET,14.325,0.003,0.183,0.138,0.076,0.092,0.03,0.05,0.06,0.04,0.8,0.4,0.7,0.4,1.2,0.1,0.2,0.04,1,0.5,0.8,0.3,0.4,,
TEOWBtr5119,Broadleaf tree,Btr,GF,Btr,GFET,6.355,0.003,0.305,0.229,0.127,0.153,0.03,0.05,0.06,0.04,0.8,0.4,0.7,0.4,1.2,0.1,0.2,0.04,1,0.5,0.8,0.3,0.4,,
TEOWBtr5120,Broadleaf tree,Btr,GF,Btr,GFET,0.01,0.003,0.012,0.009,0.005,0.006,0.03,0.05,0.06,0.04,0.8,0.4,0.7,0.4,1.2,0.1,0.2,0.04,1,0.5,0.8,0.3,0.4,,
TEOWBtr5121,Broadleaf tree,Btr,GF,Btr,GFET,12.157,0.003,0.305,0.229,0.127,0.153,0.03,0.05,0.06,0.04,0.8,0.4,0.7,0.4,1.2,0.1,0.2,0.04,1,0.5,0.8,0.3,0.4,,
TEOWBtr5122,Broadleaf tree,Btr,GF,Btr,GFET,6.64,0.003,0.154,0.115,0.064,0.077,0.03,0.05,0.06,0.04,0.8,0.4,0.7,0.4,1.2,0.1,0.2,0.04,1,0.5,0.8,0.3,0.4,,
TEOWBtr5123,Broadleaf tree,Btr,GF,Btr,GFET,7.479,0.003,0.071,0.053,0.03,0.035,0.03,0.05,0.06,0.04,0.8,0.4,0.7,0.4,1.2,0.1,0.2,0.04,1,0.5,0.8,0.3,0.4,,
TEOWBtr5124,Broadleaf tree,Btr,GF,Btr,GFET,4.71,0.003,1.36,1.02,0.567,0.68,0.03,0.05,0.06,0.04,0.8,0.4,0.7,0.4,1.2,0.1,0.2,0.04,1,0.5,0.8,0.3,0.4,,
TEOWBtr5125,Broadleaf tree,Btr,GF,Btr,GFET,0.01,0.003,0.012,0.009,0.005,0.006,0.03,0.05,0.06,0.04,0.8,0.4,0.7,0.4,1.2,0.1,0.2,0.04,1,0.5,0.8,0.3,0.4,,
TEOWBtr5126,Broadleaf tree,Btr,GF,Btr,GFET,4.427,0.003,0.057,0.043,0.024,0.029,0.03,0.05,0.06,0.04,0.8,0.4,0.7,0.4,1.2,0.1,0.2,0.04,1,0.5,0.8,0.3,0.4,,
TEOWBtr5127,Broadleaf tree,Btr,GF,Btr,GFET,14.105,0.003,0.122,0.091,0.051,0.061,0.03,0.05,0.06,0.04,0.8,0.4,0.7,0.4,1.2,0.1,0.2,0.04,1,0.5,0.8,0.3,0.4,,
TEOWBtr5128,Broadleaf tree,Btr,GF,Btr,GFET,5.311,0.003,0.039,0.029,0.016,0.02,0.03,0.05,0.06,0.04,0.8,0.4,0.7,0.4,1.2,0.1,0.2,0.04,1,0.5,0.8,0.3,0.4,,
TEOWBtr5129,Broadleaf tree,Btr,GF,Btr,GFET,10.871,0.003,0.305,0.229,0.127,0.153,0.03,0.05,0.06,0.04,0.8,0.4,0.7,0.4,1.2,0.1,0.2,0.04,1,0.5,0.8,0.3,0.4,,
TEOWBtr5130,Broadleaf tree,Btr,GF,Btr,GFET,11.463,0.003,0.069,0.052,0.029,0.035,0.03,0.05,0.06,0.04,0.8,0.4,0.7,0.4,1.2,0.1,0.2,0.04,1,0.5,0.8,0.3,0.4,,
TEOWBtr5131,Broadleaf tree,Btr,GF,Btr,GFET,3.698,0.003,0.583,0.438,0.243,0.292,0.03,0.05,0.06,0.04,0.8,0.4,0.7,0.4,1.2,0.1,0.2,0.04,1,0.5,0.8,0.3,0.4,,
TEOWBtr5132,Broadleaf tree,Btr,GF,Btr,GFET,13.908,0.003,0.311,0.233,0.129,0.155,0.03,0.05,0.06,0.04,0.8,0.4,0.7,0.4,1.2,0.1,0.2,0.04,1,0.5,0.8,0.3,0.4,,
TEOWBtr5133,Broadleaf tree,Btr,GF,Btr,GFET,2.046,0.003,1.002,0.751,0.417,0.501,0.03,0.05,0.06,0.04,0.8,0.4,0.7,0.4,1.2,0.1,0.2,0.04,1,0.5,0.8,0.3,0.4,,
TEOWBtr5134,Broadleaf tree,Btr,GF,Btr,GFET,10.656,0.003,0.174,0.131,0.073,0.087,0.03,0.05,0.06,0.04,0.8,0.4,0.7,0.4,1.2,0.1,0.2,0.04,1,0.5,0.8,0.3,0.4,,
TEOWBtr5135,Broadleaf tree,Btr,GF,Btr,GFET,13.032,0.003,0.233,0.175,0.097,0.116,0.03,0.05,0.06,0.04,0.8,0.4,0.7,0.4,1.2,0.1,0.2,0.04,1,0.5,0.8,0.3,0.4,,
TEOWBtr5136,Broadleaf tree,Btr,GF,Btr,GFET,5.322,0.003,0.066,0.05,0.028,0.033,0.03,0.05,0.06,0.04,0.8,0.4,0.7,0.4,1.2,0.1,0.2,0.04,1,0.5,0.8,0.3,0.4,,
TEOWBtr5137,Broadleaf tree,Btr,GF,Btr,GFET,1.872,0.003,1.114,0.836,0.464,0.557,0.03,0.05,0.06,0.04,0.8,0.4,0.7,0.4,1.2,0.1,0.2,0.04,1,0.5,0.8,0.3,0.4,,
TEOWBtr5138,Broadleaf tree,Btr,GF,Btr,GFET,2.769,0.003,0.921,0.69,0.384,0.46,0.03,0.05,0.06,0.04,0.8,0.4,0.7,0.4,1.2,0.1,0.2,0.04,1,0.5,0.8,0.3,0.4,,
TEOWBtr5139,Broadleaf tree,Btr,GF,Btr,GFET,5.507,0.003,0.805,0.604,0.335,0.402,0.03,0.05,0.06,0.04,0.8,0.4,0.7,0.4,1.2,0.1,0.2,0.04,1,0.5,0.8,0.3,0.4,,
TEOWBtr5140,Broadleaf tree,Btr,GF,Btr,GFET,6.691,0.003,0.107,0.08,0.045,0.054,0.03,0.05,0.06,0.04,0.8,0.4,0.7,0.4,1.2,0.1,0.2,0.04,1,0.5,0.8,0.3,0.4,,
TEOWBtr5141,Broadleaf tree,Btr,GF,Btr,GFET,5.562,0.003,0.181,0.136,0.075,0.091,0.03,0.05,0.06,0.04,0.8,0.4,0.7,0.4,1.2,0.1,0.2,0.04,1,0.5,0.8,0.3,0.4,,
TEOWBtr5142,Broadleaf tree,Btr,GF,Btr,GFET,0.01,0.003,0.012,0.009,0.005,0.006,0.03,0.05,0.06,0.04,0.8,0.4,0.7,0.4,1.2,0.1,0.2,0.04,1,0.5,0.8,0.3,0.4,,
TEOWBtr5143,Broadleaf tree,Btr,GF,Btr,GFET,2.643,0.003,0.125,0.094,0.052,0.062,0.03,0.05,0.06,0.04,0.8,0.4,0.7,0.4,1.2,0.1,0.2,0.04,1,0.5,0.8,0.3,0.4,,
TEOWBtr5144,Broadleaf tree,Btr,GF,Btr,GFET,11.143,0.003,0.159,0.119,0.066,0.079,0.03,0.05,0.06,0.04,0.8,0.4,0.7,0.4,1.2,0.1,0.2,0.04,1,0.5,0.8,0.3,0.4,,
TEOWBtr5145,Broadleaf tree,Btr,GF,Btr,GFET,6.71,0.003,0.096,0.072,0.04,0.048,0.03,0.05,0.06,0.04,0.8,0.4,0.7,0.4,1.2,0.1,0.2,0.04,1,0.5,0.8,0.3,0.4,,
TEOWBtr5146,Broadleaf tree,Btr,GF,Btr,GFET,5.979,0.003,0.098,0.074,0.041,0.049,0.03,0.05,0.06,0.04,0.8,0.4,0.7,0.4,1.2,0.1,0.2,0.04,1,0.5,0.8,0.3,0.4,,
TEOWBtr5147,Broadleaf tree,Btr,GF,Btr,GFET,4.661,0.003,0.926,0.695,0.386,0.463,0.03,0.05,0.06,0.04,0.8,0.4,0.7,0.4,1.2,0.1,0.2,0.04,1,0.5,0.8,0.3,0.4,,
TEOWBtr5148,Broadleaf tree,Btr,GF,Btr,GFET,7.905,0.003,0.211,0.158,0.088,0.106,0.03,0.05,0.06,0.04,0.8,0.4,0.7,0.4,1.2,0.1,0.2,0.04,1,0.5,0.8,0.3,0.4,,
TEOWBtr5149,Broadleaf tree,Btr,GF,Btr,GFET,16.418,0.003,0.306,0.23,0.128,0.153,0.03,0.05,0.06,0.04,0.8,0.4,0.7,0.4,1.2,0.1,0.2,0.04,1,0.5,0.8,0.3,0.4,,
TEOWBtr5150,Broadleaf tree,Btr,GF,Btr,GFET,0.01,0.003,0.012,0.009,0.005,0.006,0.03,0.05,0.06,0.04,0.8,0.4,0.7,0.4,1.2,0.1,0.2,0.04,1,0.5,0.8,0.3,0.4,,
TEOWBtr5151,Broadleaf tree,Btr,GF,Btr,GFET,0.01,0.003,0.012,0.009,0.005,0.006,0.03,0.05,0.06,0.04,0.8,0.4,0.7,0.4,1.2,0.1,0.2,0.04,1,0.5,0.8,0.3,0.4,,
TEOWBtr5152,Broadleaf tree,Btr,GF,Btr,GFET,4.438,0.003,0.515,0.386,0.215,0.258,0.03,0.05,0.06,0.04,0.8,0.4,0.7,0.4,1.2,0.1,0.2,0.04,1,0.5,0.8,0.3,0.4,,
TEOWBtr5153,Broadleaf tree,Btr,GF,Btr,GFET,8.711,0.003,0.898,0.674,0.374,0.449,0.03,0.05,0.06,0.04,0.8,0.4,0.7,0.4,1.2,0.1,0.2,0.04,1,0.5,0.8,0.3,0.4,,
TEOWBtr5154,Broadleaf tree,Btr,GF,Btr,GFET,16.628,0.003,0.321,0.241,0.134,0.161,0.03,0.05,0.06,0.04,0.8,0.4,0.7,0.4,1.2,0.1,0.2,0.04,1,0.5,0.8,0.3,0.4,,
TEOWBtr5155,Broadleaf tree,Btr,GF,Btr,GFET,15.912,0.003,0.316,0.237,0.132,0.158,0.03,0.05,0.06,0.04,0.8,0.4,0.7,0.4,1.2,0.1,0.2,0.04,1,0.5,0.8,0.3,0.4,,
TEOWBtr5156,Broadleaf tree,Btr,GF,Btr,GFET,13.767,0.003,0.306,0.23,0.128,0.153,0.03,0.05,0.06,0.04,0.8,0.4,0.7,0.4,1.2,0.1,0.2,0.04,1,0.5,0.8,0.3,0.4,,
TEOWBtr5157,Broadleaf tree,Btr,GF,Btr,GFET,4.534,0.003,0.61,0.458,0.254,0.305,0.03,0.05,0.06,0.04,0.8,0.4,0.7,0.4,1.2,0.1,0.2,0.04,1,0.5,0.8,0.3,0.4,,
TEOWBtr5158,Broadleaf tree,Btr,GF,Btr,GFET,7.164,0.003,0.18,0.135,0.075,0.09,0.03,0.05,0.06,0.04,0.8,0.4,0.7,0.4,1.2,0.1,0.2,0.04,1,0.5,0.8,0.3,0.4,,
TEOWBtr5159,Broadleaf tree,Btr,GF,Btr,GFET,6.182,0.003,0.799,0.599,0.333,0.399,0.03,0.05,0.06,0.04,0.8,0.4,0.7,0.4,1.2,0.1,0.2,0.04,1,0.5,0.8,0.3,0.4,,
TEOWBtr5160,Broadleaf tree,Btr,GF,Btr,GFET,10.132,0.003,0.021,0.016,0.009,0.011,0.03,0.05,0.06,0.04,0.8,0.4,0.7,0.4,1.2,0.1,0.2,0.04,1,0.5,0.8,0.3,0.4,,
TEOWBtr5161,Broadleaf tree,Btr,GF,Btr,GFET,5.206,0.003,0.106,0.079,0.044,0.053,0.03,0.05,0.06,0.04,0.8,0.4,0.7,0.4,1.2,0.1,0.2,0.04,1,0.5,0.8,0.3,0.4,,
TEOWBtr5162,Broadleaf tree,Btr,GF,Btr,GFET,16.463,0.003,0.241,0.181,0.1,0.12,0.03,0.05,0.06,0.04,0.8,0.4,0.7,0.4,1.2,0.1,0.2,0.04,1,0.5,0.8,0.3,0.4,,
TEOWBtr5163,Broadleaf tree,Btr,GF,Btr,GFET,12.633,0.003,0.285,0.213,0.119,0.142,0.03,0.05,0.06,0.04,0.8,0.4,0.7,0.4,1.2,0.1,0.2,0.04,1,0.5,0.8,0.3,0.4,,
TEOWBtr5164,Broadleaf tree,Btr,GF,Btr,GFET,5.632,0.003,0.093,0.069,0.039,0.046,0.03,0.05,0.06,0.04,0.8,0.4,0.7,0.4,1.2,0.1,0.2,0.04,1,0.5,0.8,0.3,0.4,,
TEOWBtr5165,Broadleaf tree,Btr,GF,Btr,GFET,5.48,0.003,0.085,0.064,0.035,0.043,0.03,0.05,0.06,0.04,0.8,0.4,0.7,0.4,1.2,0.1,0.2,0.04,1,0.5,0.8,0.3,0.4,,
TEOWBtr5166,Broadleaf tree,Btr,GF,Btr,GFET,12.037,0.003,0.307,0.23,0.128,0.153,0.03,0.05,0.06,0.04,0.8,0.4,0.7,0.4,1.2,0.1,0.2,0.04,1,0.5,0.8,0.3,0.4,,
TEOWBtr5167,Broadleaf tree,Btr,GF,Btr,GFET,11.798,0.003,0.306,0.23,0.128,0.153,0.03,0.05,0.06,0.04,0.8,0.4,0.7,0.4,1.2,0.1,0.2,0.04,1,0.5,0.8,0.3,0.4,,
TEOWBtr5168,Broadleaf tree,Btr,GF,Btr,GFET,16.58,0.003,0.252,0.189,0.105,0.126,0.03,0.05,0.06,0.04,0.8,0.4,0.7,0.4,1.2,0.1,0.2,0.04,1,0.5,0.8,0.3,0.4,,
TEOWBtr5169,Broadleaf tree,Btr,GF,Btr,GFET,13.406,0.003,0.309,0.232,0.129,0.155,0.03,0.05,0.06,0.04,0.8,0.4,0.7,0.4,1.2,0.1,0.2,0.04,1,0.5,0.8,0.3,0.4,,
TEOWBtr5170,Broadleaf tree,Btr,GF,Btr,GFET,13.63,0.003,0.305,0.229,0.127,0.153,0.03,0.05,0.06,0.04,0.8,0.4,0.7,0.4,1.2,0.1,0.2,0.04,1,0.5,0.8,0.3,0.4,,
TEOWBtr5171,Broadleaf tree,Btr,GF,Btr,GFET,6.592,0.003,0.321,0.24,0.134,0.16,0.03,0.05,0.06,0.04,0.8,0.4,0.7,0.4,1.2,0.1,0.2,0.04,1,0.5,0.8,0.3,0.4,,
TEOWBtr5172,Broadleaf tree,Btr,GF,Btr,GFET,13.488,0.003,0.236,0.177,0.098,0.118,0.03,0.05,0.06,0.04,0.8,0.4,0.7,0.4,1.2,0.1,0.2,0.04,1,0.5,0.8,0.3,0.4,,
TEOWBtr5173,Broadleaf tree,Btr,GF,Btr,GFET,8.026,0.003,0.169,0.127,0.07,0.085,0.03,0.05,0.06,0.04,0.8,0.4,0.7,0.4,1.2,0.1,0.2,0.04,1,0.5,0.8,0.3,0.4,,
TEOWBtr5174,Broadleaf tree,Btr,GF,Btr,GFET,4.305,0.003,0.048,0.036,0.02,0.024,0.03,0.05,0.06,0.04,0.8,0.4,0.7,0.4,1.2,0.1,0.2,0.04,1,0.5,0.8,0.3,0.4,,
TEOWBtr5175,Broadleaf tree,Btr,GF,Btr,GFET,10.061,0.003,0.23,0.172,0.096,0.115,0.03,0.05,0.06,0.04,0.8,0.4,0.7,0.4,1.2,0.1,0.2,0.04,1,0.5,0.8,0.3,0.4,,
TEOWBtr5176,Broadleaf tree,Btr,GF,Btr,GFET,14.297,0.003,0.281,0.211,0.117,0.14,0.03,0.05,0.06,0.04,0.8,0.4,0.7,0.4,1.2,0.1,0.2,0.04,1,0.5,0.8,0.3,0.4,,
TEOWBtr5177,Broadleaf tree,Btr,GF,Btr,GFET,16.412,0.003,0.274,0.205,0.114,0.137,0.03,0.05,0.06,0.04,0.8,0.4,0.7,0.4,1.2,0.1,0.2,0.04,1,0.5,0.8,0.3,0.4,,
TEOWBtr5179,Broadleaf tree,Btr,GF,Btr,GFET,17.16,0.003,0.304,0.228,0.127,0.152,0.03,0.05,0.06,0.04,0.8,0.4,0.7,0.4,1.2,0.1,0.2,0.04,1,0.5,0.8,0.3,0.4,,
TEOWBtr5180,Broadleaf tree,Btr,GF,Btr,GFET,16.752,0.003,0.306,0.23,0.128,0.153,0.03,0.05,0.06,0.04,0.8,0.4,0.7,0.4,1.2,0.1,0.2,0.04,1,0.5,0.8,0.3,0.4,,
TEOWBtr5181,Broadleaf tree,Btr,GF,Btr,GFET,15.769,0.003,0.315,0.236,0.131,0.157,0.03,0.05,0.06,0.04,0.8,0.4,0.7,0.4,1.2,0.1,0.2,0.04,1,0.5,0.8,0.3,0.4,,
TEOWBtr5182,Broadleaf tree,Btr,GF,Btr,GFET,16.762,0.003,0.306,0.229,0.127,0.153,0.03,0.05,0.06,0.04,0.8,0.4,0.7,0.4,1.2,0.1,0.2,0.04,1,0.5,0.8,0.3,0.4,,
TEOWBtr5183,Broadleaf tree,Btr,GF,Btr,GFET,16.502,0.003,0.307,0.23,0.128,0.153,0.03,0.05,0.06,0.04,0.8,0.4,0.7,0.4,1.2,0.1,0.2,0.04,1,0.5,0.8,0.3,0.4,,
TEOWBtr5184,Broadleaf tree,Btr,GF,Btr,GFET,16.713,0.003,0.306,0.229,0.127,0.153,0.03,0.05,0.06,0.04,0.8,0.4,0.7,0.4,1.2,0.1,0.2,0.04,1,0.5,0.8,0.3,0.4,,
TEOWBtr5185,Broadleaf tree,Btr,GF,Btr,GFET,16.085,0.003,0.307,0.23,0.128,0.153,0.03,0.05,0.06,0.04,0.8,0.4,0.7,0.4,1.2,0.1,0.2,0.04,1,0.5,0.8,0.3,0.4,,
TEOWBtr5186,Broadleaf tree,Btr,GF,Btr,GFET,2.973,0.003,0.598,0.448,0.249,0.299,0.03,0.05,0.06,0.04,0.8,0.4,0.7,0.4,1.2,0.1,0.2,0.04,1,0.5,0.8,0.3,0.4,,
TEOWBtr5187,Broadleaf tree,Btr,GF,Btr,GFET,8.034,0.003,0.514,0.386,0.214,0.257,0.03,0.05,0.06,0.04,0.8,0.4,0.7,0.4,1.2,0.1,0.2,0.04,1,0.5,0.8,0.3,0.4,,
TEOWBtr5188,Broadleaf tree,Btr,GF,Btr,GFET,13.68,0.003,0.305,0.229,0.127,0.153,0.03,0.05,0.06,0.04,0.8,0.4,0.7,0.4,1.2,0.1,0.2,0.04,1,0.5,0.8,0.3,0.4,,
TEOWBtr5189,Broadleaf tree,Btr,GF,Btr,GFET,13.417,0.003,0.305,0.229,0.127,0.153,0.03,0.05,0.06,0.04,0.8,0.4,0.7,0.4,1.2,0.1,0.2,0.04,1,0.5,0.8,0.3,0.4,,
TEOWBtr5190,Broadleaf tree,Btr,GF,Btr,GFET,16.618,0.003,0.306,0.229,0.127,0.153,0.03,0.05,0.06,0.04,0.8,0.4,0.7,0.4,1.2,0.1,0.2,0.04,1,0.5,0.8,0.3,0.4,,
TEOWBtr5191,Broadleaf tree,Btr,GF,Btr,GFET,19.949,0.003,0.2,0.15,0.083,0.1,0.03,0.05,0.06,0.04,0.8,0.4,0.7,0.4,1.2,0.1,0.2,0.04,1,0.5,0.8,0.3,0.4,,
TEOWBtr5192,Broadleaf tree,Btr,GF,Btr,GFET,10.257,0.003,0.216,0.162,0.09,0.108,0.03,0.05,0.06,0.04,0.8,0.4,0.7,0.4,1.2,0.1,0.2,0.04,1,0.5,0.8,0.3,0.4,,
TEOWBtr5193,Broadleaf tree,Btr,GF,Btr,GFET,6.589,0.003,0.901,0.676,0.375,0.45,0.03,0.05,0.06,0.04,0.8,0.4,0.7,0.4,1.2,0.1,0.2,0.04,1,0.5,0.8,0.3,0.4,,
TEOWBtr5194,Broadleaf tree,Btr,GF,Btr,GFET,17.132,0.003,0.305,0.229,0.127,0.153,0.03,0.05,0.06,0.04,0.8,0.4,0.7,0.4,1.2,0.1,0.2,0.04,1,0.5,0.8,0.3,0.4,,
TEOWBtr5195,Broadleaf tree,Btr,GF,Btr,GFET,16.489,0.003,0.306,0.23,0.128,0.153,0.03,0.05,0.06,0.04,0.8,0.4,0.7,0.4,1.2,0.1,0.2,0.04,1,0.5,0.8,0.3,0.4,,
TEOWBtr5196,Broadleaf tree,Btr,GF,Btr,GFET,16.372,0.003,0.306,0.229,0.127,0.153,0.03,0.05,0.06,0.04,0.8,0.4,0.7,0.4,1.2,0.1,0.2,0.04,1,0.5,0.8,0.3,0.4,,
TEOWBtr5197,Broadleaf tree,Btr,GF,Btr,GFET,16.389,0.003,0.307,0.23,0.128,0.153,0.03,0.05,0.06,0.04,0.8,0.4,0.7,0.4,1.2,0.1,0.2,0.04,1,0.5,0.8,0.3,0.4,,
TEOWBtr5198,Broadleaf tree,Btr,GF,Btr,GFET,16.223,0.003,0.307,0.23,0.128,0.154,0.03,0.05,0.06,0.04,0.8,0.4,0.7,0.4,1.2,0.1,0.2,0.04,1,0.5,0.8,0.3,0.4,,
TEOWBtr5199,Broadleaf tree,Btr,GF,Btr,GFET,20.067,0.003,0.235,0.176,0.098,0.117,0.03,0.05,0.06,0.04,0.8,0.4,0.7,0.4,1.2,0.1,0.2,0.04,1,0.5,0.8,0.3,0.4,,
TEOWBtr5200,Broadleaf tree,Btr,GF,Btr,GFET,0.292,0.003,0.013,0.01,0.006,0.007,0.03,0.05,0.06,0.04,0.8,0.4,0.7,0.4,1.2,0.1,0.2,0.04,1,0.5,0.8,0.3,0.4,,
TEOWBtr5201,Broadleaf tree,Btr,GF,Btr,GFET,2.221,0.003,0.222,0.166,0.092,0.111,0.03,0.05,0.06,0.04,0.8,0.4,0.7,0.4,1.2,0.1,0.2,0.04,1,0.5,0.8,0.3,0.4,,
TEOWBtr5202,Broadleaf tree,Btr,GF,Btr,GFET,0.003,0.003,0.011,0.009,0.005,0.006,0.03,0.05,0.06,0.04,0.8,0.4,0.7,0.4,1.2,0.1,0.2,0.04,1,0.5,0.8,0.3,0.4,,
TEOWBtr5203,Broadleaf tree,Btr,GF,Btr,GFET,0.003,0.003,0.011,0.009,0.005,0.006,0.03,0.05,0.06,0.04,0.8,0.4,0.7,0.4,1.2,0.1,0.2,0.04,1,0.5,0.8,0.3,0.4,,
TEOWBtr5204,Broadleaf tree,Btr,GF,Btr,GFET,6.966,0.003,0.106,0.079,0.044,0.053,0.03,0.05,0.06,0.04,0.8,0.4,0.7,0.4,1.2,0.1,0.2,0.04,1,0.5,0.8,0.3,0.4,,
TEOWBtr5205,Broadleaf tree,Btr,GF,Btr,GFET,13.877,0.003,0.305,0.229,0.127,0.153,0.03,0.05,0.06,0.04,0.8,0.4,0.7,0.4,1.2,0.1,0.2,0.04,1,0.5,0.8,0.3,0.4,,
TEOWBtr5206,Broadleaf tree,Btr,GF,Btr,GFET,15.79,0.003,0.306,0.229,0.127,0.153,0.03,0.05,0.06,0.04,0.8,0.4,0.7,0.4,1.2,0.1,0.2,0.04,1,0.5,0.8,0.3,0.4,,
TEOWBtr5207,Broadleaf tree,Btr,GF,Btr,GFET,16.368,0.003,0.305,0.229,0.127,0.153,0.03,0.05,0.06,0.04,0.8,0.4,0.7,0.4,1.2,0.1,0.2,0.04,1,0.5,0.8,0.3,0.4,,
TEOWBtr5208,Broadleaf tree,Btr,GF,Btr,GFET,15.099,0.003,0.305,0.229,0.127,0.152,0.03,0.05,0.06,0.04,0.8,0.4,0.7,0.4,1.2,0.1,0.2,0.04,1,0.5,0.8,0.3,0.4,,
TEOWBtr5209,Broadleaf tree,Btr,GF,Btr,GFET,12.727,0.003,0.306,0.229,0.127,0.153,0.03,0.05,0.06,0.04,0.8,0.4,0.7,0.4,1.2,0.1,0.2,0.04,1,0.5,0.8,0.3,0.4,,
TEOWBtr5210,Broadleaf tree,Btr,GF,Btr,GFET,11.846,0.003,0.306,0.229,0.127,0.153,0.03,0.05,0.06,0.04,0.8,0.4,0.7,0.4,1.2,0.1,0.2,0.04,1,0.5,0.8,0.3,0.4,,
TEOWBtr5211,Broadleaf tree,Btr,GF,Btr,GFET,11.964,0.003,0.305,0.229,0.127,0.153,0.03,0.05,0.06,0.04,0.8,0.4,0.7,0.4,1.2,0.1,0.2,0.04,1,0.5,0.8,0.3,0.4,,
TEOWBtr5212,Broadleaf tree,Btr,GF,Btr,GFET,9.589,0.003,0.306,0.229,0.127,0.153,0.03,0.05,0.06,0.04,0.8,0.4,0.7,0.4,1.2,0.1,0.2,0.04,1,0.5,0.8,0.3,0.4,,
TEOWBtr5213,Broadleaf tree,Btr,GF,Btr,GFET,14.392,0.003,0.305,0.229,0.127,0.153,0.03,0.05,0.06,0.04,0.8,0.4,0.7,0.4,1.2,0.1,0.2,0.04,1,0.5,0.8,0.3,0.4,,
TEOWBtr5214,Broadleaf tree,Btr,GF,Btr,GFET,9.55,0.003,0.305,0.229,0.127,0.153,0.03,0.05,0.06,0.04,0.8,0.4,0.7,0.4,1.2,0.1,0.2,0.04,1,0.5,0.8,0.3,0.4,,
TEOWBtr5215,Broadleaf tree,Btr,GF,Btr,GFET,11.813,0.003,0.308,0.231,0.128,0.154,0.03,0.05,0.06,0.04,0.8,0.4,0.7,0.4,1.2,0.1,0.2,0.04,1,0.5,0.8,0.3,0.4,,
TEOWBtr5216,Broadleaf tree,Btr,GF,Btr,GFET,12.723,0.003,0.305,0.229,0.127,0.153,0.03,0.05,0.06,0.04,0.8,0.4,0.7,0.4,1.2,0.1,0.2,0.04,1,0.5,0.8,0.3,0.4,,
TEOWBtr5217,Broadleaf tree,Btr,GF,Btr,GFET,11.236,0.003,0.306,0.23,0.128,0.153,0.03,0.05,0.06,0.04,0.8,0.4,0.7,0.4,1.2,0.1,0.2,0.04,1,0.5,0.8,0.3,0.4,,
TEOWBtr5218,Broadleaf tree,Btr,GF,Btr,GFET,10.656,0.003,0.306,0.229,0.127,0.153,0.03,0.05,0.06,0.04,0.8,0.4,0.7,0.4,1.2,0.1,0.2,0.04,1,0.5,0.8,0.3,0.4,,
TEOWBtr5219,Broadleaf tree,Btr,GF,Btr,GFET,10.723,0.003,0.306,0.229,0.127,0.153,0.03,0.05,0.06,0.04,0.8,0.4,0.7,0.4,1.2,0.1,0.2,0.04,1,0.5,0.8,0.3,0.4,,
TEOWBtr5220,Broadleaf tree,Btr,GF,Btr,GFET,12.305,0.003,0.305,0.229,0.127,0.153,0.03,0.05,0.06,0.04,0.8,0.4,0.7,0.4,1.2,0.1,0.2,0.04,1,0.5,0.8,0.3,0.4,,
TEOWBtr5221,Broadleaf tree,Btr,GF,Btr,GFET,12.968,0.003,0.307,0.23,0.128,0.153,0.03,0.05,0.06,0.04,0.8,0.4,0.7,0.4,1.2,0.1,0.2,0.04,1,0.5,0.8,0.3,0.4,,
TEOWBtr5222,Broadleaf tree,Btr,GF,Btr,GFET,8.302,0.003,0.241,0.181,0.1,0.12,0.03,0.05,0.06,0.04,0.8,0.4,0.7,0.4,1.2,0.1,0.2,0.04,1,0.5,0.8,0.3,0.4,,
TEOWBtr5223,Broadleaf tree,Btr,GF,Btr,GFET,12.636,0.003,0.305,0.229,0.127,0.153,0.03,0.05,0.06,0.04,0.8,0.4,0.7,0.4,1.2,0.1,0.2,0.04,1,0.5,0.8,0.3,0.4,,
TEOWBtr5224,Broadleaf tree,Btr,GF,Btr,GFET,12.905,0.003,0.305,0.229,0.127,0.153,0.03,0.05,0.06,0.04,0.8,0.4,0.7,0.4,1.2,0.1,0.2,0.04,1,0.5,0.8,0.3,0.4,,
TEOWBtr5225,Broadleaf tree,Btr,GF,Btr,GFET,13.926,0.003,0.305,0.229,0.127,0.153,0.03,0.05,0.06,0.04,0.8,0.4,0.7,0.4,1.2,0.1,0.2,0.04,1,0.5,0.8,0.3,0.4,,
TEOWBtr5226,Broadleaf tree,Btr,GF,Btr,GFET,15.428,0.003,0.305,0.229,0.127,0.153,0.03,0.05,0.06,0.04,0.8,0.4,0.7,0.4,1.2,0.1,0.2,0.04,1,0.5,0.8,0.3,0.4,,
TEOWBtr5227,Broadleaf tree,Btr,GF,Btr,GFET,11.811,0.003,0.306,0.229,0.127,0.153,0.03,0.05,0.06,0.04,0.8,0.4,0.7,0.4,1.2,0.1,0.2,0.04,1,0.5,0.8,0.3,0.4,,
TEOWBtr5228,Broadleaf tree,Btr,GF,Btr,GFET,10.892,0.003,0.307,0.231,0.128,0.154,0.03,0.05,0.06,0.04,0.8,0.4,0.7,0.4,1.2,0.1,0.2,0.04,1,0.5,0.8,0.3,0.4,,
TEOWBtr5229,Broadleaf tree,Btr,GF,Btr,GFET,11.565,0.003,0.305,0.229,0.127,0.153,0.03,0.05,0.06,0.04,0.8,0.4,0.7,0.4,1.2,0.1,0.2,0.04,1,0.5,0.8,0.3,0.4,,
TEOWBtr5230,Broadleaf tree,Btr,GF,Btr,GFET,0.01,0.003,0.012,0.009,0.005,0.006,0.03,0.05,0.06,0.04,0.8,0.4,0.7,0.4,1.2,0.1,0.2,0.04,1,0.5,0.8,0.3,0.4,,
TEOWBtr5231,Broadleaf tree,Btr,GF,Btr,GFET,13.549,0.003,0.306,0.229,0.127,0.153,0.03,0.05,0.06,0.04,0.8,0.4,0.7,0.4,1.2,0.1,0.2,0.04,1,0.5,0.8,0.3,0.4,,
TEOWBtr5232,Broadleaf tree,Btr,GF,Btr,GFET,5.759,0.003,0.305,0.229,0.127,0.153,0.03,0.05,0.06,0.04,0.8,0.4,0.7,0.4,1.2,0.1,0.2,0.04,1,0.5,0.8,0.3,0.4,,
TEOWBtr5233,Broadleaf tree,Btr,GF,Btr,GFET,14.029,0.003,0.305,0.229,0.127,0.153,0.03,0.05,0.06,0.04,0.8,0.4,0.7,0.4,1.2,0.1,0.2,0.04,1,0.5,0.8,0.3,0.4,,
TEOWBtr5234,Broadleaf tree,Btr,GF,Btr,GFET,12.643,0.003,0.305,0.229,0.127,0.153,0.03,0.05,0.06,0.04,0.8,0.4,0.7,0.4,1.2,0.1,0.2,0.04,1,0.5,0.8,0.3,0.4,,
TEOWBtr5235,Broadleaf tree,Btr,GF,Btr,GFET,12.195,0.003,0.305,0.229,0.127,0.153,0.03,0.05,0.06,0.04,0.8,0.4,0.7,0.4,1.2,0.1,0.2,0.04,1,0.5,0.8,0.3,0.4,,
TEOWBtr5236,Broadleaf tree,Btr,GF,Btr,GFET,13.489,0.003,0.305,0.229,0.127,0.153,0.03,0.05,0.06,0.04,0.8,0.4,0.7,0.4,1.2,0.1,0.2,0.04,1,0.5,0.8,0.3,0.4,,
TEOWBtr5237,Broadleaf tree,Btr,GF,Btr,GFET,13.021,0.003,0.307,0.23,0.128,0.153,0.03,0.05,0.06,0.04,0.8,0.4,0.7,0.4,1.2,0.1,0.2,0.04,1,0.5,0.8,0.3,0.4,,
TEOWBtr5238,Broadleaf tree,Btr,GF,Btr,GFET,12.503,0.003,0.305,0.229,0.127,0.153,0.03,0.05,0.06,0.04,0.8,0.4,0.7,0.4,1.2,0.1,0.2,0.04,1,0.5,0.8,0.3,0.4,,
TEOWBtr5239,Broadleaf tree,Btr,GF,Btr,GFET,10.842,0.003,0.307,0.23,0.128,0.153,0.03,0.05,0.06,0.04,0.8,0.4,0.7,0.4,1.2,0.1,0.2,0.04,1,0.5,0.8,0.3,0.4,,
TEOWBtr5240,Broadleaf tree,Btr,GF,Btr,GFET,11.796,0.003,0.308,0.231,0.128,0.154,0.03,0.05,0.06,0.04,0.8,0.4,0.7,0.4,1.2,0.1,0.2,0.04,1,0.5,0.8,0.3,0.4,,
TEOWBtr5241,Broadleaf tree,Btr,GF,Btr,GFET,12.843,0.003,0.305,0.229,0.127,0.153,0.03,0.05,0.06,0.04,0.8,0.4,0.7,0.4,1.2,0.1,0.2,0.04,1,0.5,0.8,0.3,0.4,,
TEOWBtr5242,Broadleaf tree,Btr,GF,Btr,GFET,7.451,0.003,0.127,0.096,0.053,0.064,0.03,0.05,0.06,0.04,0.8,0.4,0.7,0.4,1.2,0.1,0.2,0.04,1,0.5,0.8,0.3,0.4,,
TEOWBtr5243,Broadleaf tree,Btr,GF,Btr,GFET,11.358,0.003,0.306,0.229,0.127,0.153,0.03,0.05,0.06,0.04,0.8,0.4,0.7,0.4,1.2,0.1,0.2,0.04,1,0.5,0.8,0.3,0.4,,
TEOWBtr5244,Broadleaf tree,Btr,GF,Btr,GFET,12.621,0.003,0.305,0.229,0.127,0.153,0.03,0.05,0.06,0.04,0.8,0.4,0.7,0.4,1.2,0.1,0.2,0.04,1,0.5,0.8,0.3,0.4,,
TEOWBtr5245,Broadleaf tree,Btr,GF,Btr,GFET,14.464,0.003,0.305,0.229,0.127,0.153,0.03,0.05,0.06,0.04,0.8,0.4,0.7,0.4,1.2,0.1,0.2,0.04,1,0.5,0.8,0.3,0.4,,
TEOWBtr5246,Broadleaf tree,Btr,GF,Btr,GFET,11.583,0.003,0.305,0.229,0.127,0.153,0.03,0.05,0.06,0.04,0.8,0.4,0.7,0.4,1.2,0.1,0.2,0.04,1,0.5,0.8,0.3,0.4,,
TEOWBtr5247,Broadleaf tree,Btr,GF,Btr,GFET,12.054,0.003,0.305,0.229,0.127,0.153,0.03,0.05,0.06,0.04,0.8,0.4,0.7,0.4,1.2,0.1,0.2,0.04,1,0.5,0.8,0.3,0.4,,
TEOWBtr5248,Broadleaf tree,Btr,GF,Btr,GFET,14.606,0.003,0.305,0.229,0.127,0.153,0.03,0.05,0.06,0.04,0.8,0.4,0.7,0.4,1.2,0.1,0.2,0.04,1,0.5,0.8,0.3,0.4,,
TEOWBtr5249,Broadleaf tree,Btr,GF,Btr,GFET,15.149,0.003,0.305,0.229,0.127,0.153,0.03,0.05,0.06,0.04,0.8,0.4,0.7,0.4,1.2,0.1,0.2,0.04,1,0.5,0.8,0.3,0.4,,
TEOWBtr5250,Broadleaf tree,Btr,GF,Btr,GFET,14.005,0.003,0.304,0.228,0.127,0.152,0.03,0.05,0.06,0.04,0.8,0.4,0.7,0.4,1.2,0.1,0.2,0.04,1,0.5,0.8,0.3,0.4,,
TEOWBtr5251,Broadleaf tree,Btr,GF,Btr,GFET,12.422,0.003,0.305,0.229,0.127,0.153,0.03,0.05,0.06,0.04,0.8,0.4,0.7,0.4,1.2,0.1,0.2,0.04,1,0.5,0.8,0.3,0.4,,
TEOWBtr5252,Broadleaf tree,Btr,GF,Btr,GFET,12.456,0.003,0.305,0.229,0.127,0.153,0.03,0.05,0.06,0.04,0.8,0.4,0.7,0.4,1.2,0.1,0.2,0.04,1,0.5,0.8,0.3,0.4,,
TEOWBtr5253,Broadleaf tree,Btr,GF,Btr,GFET,0.01,0.003,0.012,0.009,0.005,0.006,0.03,0.05,0.06,0.04,0.8,0.4,0.7,0.4,1.2,0.1,0.2,0.04,1,0.5,0.8,0.3,0.4,,
TEOWBtr5254,Broadleaf tree,Btr,GF,Btr,GFET,8.046,0.003,0.305,0.229,0.127,0.153,0.03,0.05,0.06,0.04,0.8,0.4,0.7,0.4,1.2,0.1,0.2,0.04,1,0.5,0.8,0.3,0.4,,
TEOWBtr5255,Broadleaf tree,Btr,GF,Btr,GFET,12.408,0.003,0.307,0.23,0.128,0.154,0.03,0.05,0.06,0.04,0.8,0.4,0.7,0.4,1.2,0.1,0.2,0.04,1,0.5,0.8,0.3,0.4,,
TEOWBtr5256,Broadleaf tree,Btr,GF,Btr,GFET,13.065,0.003,0.306,0.229,0.127,0.153,0.03,0.05,0.06,0.04,0.8,0.4,0.7,0.4,1.2,0.1,0.2,0.04,1,0.5,0.8,0.3,0.4,,
TEOWBtr5257,Broadleaf tree,Btr,GF,Btr,GFET,14.057,0.003,0.305,0.229,0.127,0.153,0.03,0.05,0.06,0.04,0.8,0.4,0.7,0.4,1.2,0.1,0.2,0.04,1,0.5,0.8,0.3,0.4,,
TEOWBtr5258,Broadleaf tree,Btr,GF,Btr,GFET,13.822,0.003,0.305,0.229,0.127,0.153,0.03,0.05,0.06,0.04,0.8,0.4,0.7,0.4,1.2,0.1,0.2,0.04,1,0.5,0.8,0.3,0.4,,
TEOWBtr5259,Broadleaf tree,Btr,GF,Btr,GFET,9.458,0.003,0.305,0.229,0.127,0.153,0.03,0.05,0.06,0.04,0.8,0.4,0.7,0.4,1.2,0.1,0.2,0.04,1,0.5,0.8,0.3,0.4,,
TEOWBtr5260,Broadleaf tree,Btr,GF,Btr,GFET,12.841,0.003,0.305,0.229,0.127,0.153,0.03,0.05,0.06,0.04,0.8,0.4,0.7,0.4,1.2,0.1,0.2,0.04,1,0.5,0.8,0.3,0.4,,
TEOWBtr5261,Broadleaf tree,Btr,GF,Btr,GFET,13.465,0.003,0.305,0.229,0.127,0.152,0.03,0.05,0.06,0.04,0.8,0.4,0.7,0.4,1.2,0.1,0.2,0.04,1,0.5,0.8,0.3,0.4,,
TEOWBtr5262,Broadleaf tree,Btr,GF,Btr,GFET,9.37,0.003,0.305,0.229,0.127,0.153,0.03,0.05,0.06,0.04,0.8,0.4,0.7,0.4,1.2,0.1,0.2,0.04,1,0.5,0.8,0.3,0.4,,
TEOWBtr5263,Broadleaf tree,Btr,GF,Btr,GFET,8.985,0.003,0.305,0.229,0.127,0.153,0.03,0.05,0.06,0.04,0.8,0.4,0.7,0.4,1.2,0.1,0.2,0.04,1,0.5,0.8,0.3,0.4,,
TEOWBtr5264,Broadleaf tree,Btr,GF,Btr,GFET,7.837,0.003,0.305,0.229,0.127,0.153,0.03,0.05,0.06,0.04,0.8,0.4,0.7,0.4,1.2,0.1,0.2,0.04,1,0.5,0.8,0.3,0.4,,
TEOWBtr5265,Broadleaf tree,Btr,GF,Btr,GFET,9.885,0.003,0.305,0.229,0.127,0.153,0.03,0.05,0.06,0.04,0.8,0.4,0.7,0.4,1.2,0.1,0.2,0.04,1,0.5,0.8,0.3,0.4,,
TEOWBtr5266,Broadleaf tree,Btr,GF,Btr,GFET,14.877,0.003,0.305,0.229,0.127,0.153,0.03,0.05,0.06,0.04,0.8,0.4,0.7,0.4,1.2,0.1,0.2,0.04,1,0.5,0.8,0.3,0.4,,
TEOWBtr5267,Broadleaf tree,Btr,GF,Btr,GFET,13.452,0.003,0.305,0.229,0.127,0.153,0.03,0.05,0.06,0.04,0.8,0.4,0.7,0.4,1.2,0.1,0.2,0.04,1,0.5,0.8,0.3,0.4,,
TEOWBtr5268,Broadleaf tree,Btr,GF,Btr,GFET,12.743,0.003,0.306,0.23,0.128,0.153,0.03,0.05,0.06,0.04,0.8,0.4,0.7,0.4,1.2,0.1,0.2,0.04,1,0.5,0.8,0.3,0.4,,
TEOWBtr5269,Broadleaf tree,Btr,GF,Btr,GFET,11.816,0.003,0.306,0.23,0.128,0.153,0.03,0.05,0.06,0.04,0.8,0.4,0.7,0.4,1.2,0.1,0.2,0.04,1,0.5,0.8,0.3,0.4,,
TEOWBtr5270,Broadleaf tree,Btr,GF,Btr,GFET,11.44,0.003,0.305,0.229,0.127,0.153,0.03,0.05,0.06,0.04,0.8,0.4,0.7,0.4,1.2,0.1,0.2,0.04,1,0.5,0.8,0.3,0.4,,
TEOWBtr5271,Broadleaf tree,Btr,GF,Btr,GFET,11.995,0.003,0.305,0.229,0.127,0.152,0.03,0.05,0.06,0.04,0.8,0.4,0.7,0.4,1.2,0.1,0.2,0.04,1,0.5,0.8,0.3,0.4,,
TEOWBtr5272,Broadleaf tree,Btr,GF,Btr,GFET,8.119,0.003,0.305,0.229,0.127,0.153,0.03,0.05,0.06,0.04,0.8,0.4,0.7,0.4,1.2,0.1,0.2,0.04,1,0.5,0.8,0.3,0.4,,
TEOWBtr5273,Broadleaf tree,Btr,GF,Btr,GFET,9.426,0.003,0.305,0.229,0.127,0.153,0.03,0.05,0.06,0.04,0.8,0.4,0.7,0.4,1.2,0.1,0.2,0.04,1,0.5,0.8,0.3,0.4,,
TEOWBtr5274,Broadleaf tree,Btr,GF,Btr,GFET,8.592,0.003,0.305,0.229,0.127,0.153,0.03,0.05,0.06,0.04,0.8,0.4,0.7,0.4,1.2,0.1,0.2,0.04,1,0.5,0.8,0.3,0.4,,
TEOWBtr5275,Broadleaf tree,Btr,GF,Btr,GFET,8.358,0.003,0.305,0.229,0.127,0.153,0.03,0.05,0.06,0.04,0.8,0.4,0.7,0.4,1.2,0.1,0.2,0.04,1,0.5,0.8,0.3,0.4,,
TEOWBtr5276,Broadleaf tree,Btr,GF,Btr,GFET,10.237,0.003,0.305,0.229,0.127,0.153,0.03,0.05,0.06,0.04,0.8,0.4,0.7,0.4,1.2,0.1,0.2,0.04,1,0.5,0.8,0.3,0.4,,
TEOWBtr5277,Broadleaf tree,Btr,GF,Btr,GFET,8.454,0.003,0.305,0.229,0.127,0.153,0.03,0.05,0.06,0.04,0.8,0.4,0.7,0.4,1.2,0.1,0.2,0.04,1,0.5,0.8,0.3,0.4,,
TEOWBtr5278,Broadleaf tree,Btr,GF,Btr,GFET,11.98,0.003,0.309,0.232,0.129,0.154,0.03,0.05,0.06,0.04,0.8,0.4,0.7,0.4,1.2,0.1,0.2,0.04,1,0.5,0.8,0.3,0.4,,
TEOWBtr5279,Broadleaf tree,Btr,GF,Btr,GFET,10.778,0.003,0.306,0.23,0.128,0.153,0.03,0.05,0.06,0.04,0.8,0.4,0.7,0.4,1.2,0.1,0.2,0.04,1,0.5,0.8,0.3,0.4,,
TEOWBtr5280,Broadleaf tree,Btr,GF,Btr,GFET,10.504,0.003,0.305,0.229,0.127,0.152,0.03,0.05,0.06,0.04,0.8,0.4,0.7,0.4,1.2,0.1,0.2,0.04,1,0.5,0.8,0.3,0.4,,
TEOWBtr5281,Broadleaf tree,Btr,GF,Btr,GFET,11.447,0.003,0.305,0.229,0.127,0.153,0.03,0.05,0.06,0.04,0.8,0.4,0.7,0.4,1.2,0.1,0.2,0.04,1,0.5,0.8,0.3,0.4,,
TEOWBtr5282,Broadleaf tree,Btr,GF,Btr,GFET,13.622,0.003,0.307,0.23,0.128,0.154,0.03,0.05,0.06,0.04,0.8,0.4,0.7,0.4,1.2,0.1,0.2,0.04,1,0.5,0.8,0.3,0.4,,
TEOWBtr5283,Broadleaf tree,Btr,GF,Btr,GFET,12.646,0.003,0.304,0.228,0.127,0.152,0.03,0.05,0.06,0.04,0.8,0.4,0.7,0.4,1.2,0.1,0.2,0.04,1,0.5,0.8,0.3,0.4,,
TEOWBtr5284,Broadleaf tree,Btr,GF,Btr,GFET,11.953,0.003,0.304,0.228,0.127,0.152,0.03,0.05,0.06,0.04,0.8,0.4,0.7,0.4,1.2,0.1,0.2,0.04,1,0.5,0.8,0.3,0.4,,
TEOWBtr5285,Broadleaf tree,Btr,GF,Btr,GFET,11.214,0.003,0.305,0.229,0.127,0.153,0.03,0.05,0.06,0.04,0.8,0.4,0.7,0.4,1.2,0.1,0.2,0.04,1,0.5,0.8,0.3,0.4,,
TEOWBtr5286,Broadleaf tree,Btr,GF,Btr,GFET,10.701,0.003,0.305,0.229,0.127,0.153,0.03,0.05,0.06,0.04,0.8,0.4,0.7,0.4,1.2,0.1,0.2,0.04,1,0.5,0.8,0.3,0.4,,
TEOWBtr5287,Broadleaf tree,Btr,GF,Btr,GFET,11.979,0.003,0.306,0.229,0.127,0.153,0.03,0.05,0.06,0.04,0.8,0.4,0.7,0.4,1.2,0.1,0.2,0.04,1,0.5,0.8,0.3,0.4,,
TEOWBtr5288,Broadleaf tree,Btr,GF,Btr,GFET,13.462,0.003,0.305,0.229,0.127,0.153,0.03,0.05,0.06,0.04,0.8,0.4,0.7,0.4,1.2,0.1,0.2,0.04,1,0.5,0.8,0.3,0.4,,
TEOWBtr5289,Broadleaf tree,Btr,GF,Btr,GFET,10.76,0.003,0.305,0.229,0.127,0.153,0.03,0.05,0.06,0.04,0.8,0.4,0.7,0.4,1.2,0.1,0.2,0.04,1,0.5,0.8,0.3,0.4,,
TEOWBtr5290,Broadleaf tree,Btr,GF,Btr,GFET,9.911,0.003,0.308,0.231,0.128,0.154,0.03,0.05,0.06,0.04,0.8,0.4,0.7,0.4,1.2,0.1,0.2,0.04,1,0.5,0.8,0.3,0.4,,
TEOWBtr5291,Broadleaf tree,Btr,GF,Btr,GFET,11.226,0.003,0.305,0.229,0.127,0.153,0.03,0.05,0.06,0.04,0.8,0.4,0.7,0.4,1.2,0.1,0.2,0.04,1,0.5,0.8,0.3,0.4,,
TEOWBtr5292,Broadleaf tree,Btr,GF,Btr,GFET,11.754,0.003,0.305,0.229,0.127,0.153,0.03,0.05,0.06,0.04,0.8,0.4,0.7,0.4,1.2,0.1,0.2,0.04,1,0.5,0.8,0.3,0.4,,
TEOWBtr5293,Broadleaf tree,Btr,GF,Btr,GFET,7.424,0.003,0.305,0.229,0.127,0.153,0.03,0.05,0.06,0.04,0.8,0.4,0.7,0.4,1.2,0.1,0.2,0.04,1,0.5,0.8,0.3,0.4,,
TEOWBtr5294,Broadleaf tree,Btr,GF,Btr,GFET,10.945,0.003,0.305,0.229,0.127,0.153,0.03,0.05,0.06,0.04,0.8,0.4,0.7,0.4,1.2,0.1,0.2,0.04,1,0.5,0.8,0.3,0.4,,
TEOWBtr5295,Broadleaf tree,Btr,GF,Btr,GFET,13.165,0.003,0.305,0.229,0.127,0.153,0.03,0.05,0.06,0.04,0.8,0.4,0.7,0.4,1.2,0.1,0.2,0.04,1,0.5,0.8,0.3,0.4,,
TEOWBtr5296,Broadleaf tree,Btr,GF,Btr,GFET,9.027,0.003,0.306,0.23,0.128,0.153,0.03,0.05,0.06,0.04,0.8,0.4,0.7,0.4,1.2,0.1,0.2,0.04,1,0.5,0.8,0.3,0.4,,
TEOWBtr5297,Broadleaf tree,Btr,GF,Btr,GFET,5.904,0.003,0.305,0.229,0.127,0.153,0.03,0.05,0.06,0.04,0.8,0.4,0.7,0.4,1.2,0.1,0.2,0.04,1,0.5,0.8,0.3,0.4,,
TEOWBtr5298,Broadleaf tree,Btr,GF,Btr,GFET,9.475,0.003,0.312,0.234,0.13,0.156,0.03,0.05,0.06,0.04,0.8,0.4,0.7,0.4,1.2,0.1,0.2,0.04,1,0.5,0.8,0.3,0.4,,
TEOWBtr5299,Broadleaf tree,Btr,GF,Btr,GFET,11.42,0.003,0.305,0.229,0.127,0.153,0.03,0.05,0.06,0.04,0.8,0.4,0.7,0.4,1.2,0.1,0.2,0.04,1,0.5,0.8,0.3,0.4,,
TEOWBtr5300,Broadleaf tree,Btr,GF,Btr,GFET,16.366,0.003,0.306,0.23,0.128,0.153,0.03,0.05,0.06,0.04,0.8,0.4,0.7,0.4,1.2,0.1,0.2,0.04,1,0.5,0.8,0.3,0.4,,
TEOWBtr5301,Broadleaf tree,Btr,GF,Btr,GFET,14.697,0.003,0.305,0.229,0.127,0.153,0.03,0.05,0.06,0.04,0.8,0.4,0.7,0.4,1.2,0.1,0.2,0.04,1,0.5,0.8,0.3,0.4,,
TEOWBtr5302,Broadleaf tree,Btr,GF,Btr,GFET,13.825,0.003,0.303,0.227,0.126,0.151,0.03,0.05,0.06,0.04,0.8,0.4,0.7,0.4,1.2,0.1,0.2,0.04,1,0.5,0.8,0.3,0.4,,
TEOWBtr5303,Broadleaf tree,Btr,GF,Btr,GFET,16.138,0.003,0.318,0.239,0.133,0.159,0.03,0.05,0.06,0.04,0.8,0.4,0.7,0.4,1.2,0.1,0.2,0.04,1,0.5,0.8,0.3,0.4,,
TEOWBtr5304,Broadleaf tree,Btr,GF,Btr,GFET,14.591,0.003,0.305,0.229,0.127,0.153,0.03,0.05,0.06,0.04,0.8,0.4,0.7,0.4,1.2,0.1,0.2,0.04,1,0.5,0.8,0.3,0.4,,
TEOWBtr5305,Broadleaf tree,Btr,GF,Btr,GFET,16.896,0.003,0.326,0.244,0.136,0.163,0.03,0.05,0.06,0.04,0.8,0.4,0.7,0.4,1.2,0.1,0.2,0.04,1,0.5,0.8,0.3,0.4,,
TEOWBtr5306,Broadleaf tree,Btr,GF,Btr,GFET,0.003,0.003,0.011,0.008,0.005,0.006,0.03,0.05,0.06,0.04,0.8,0.4,0.7,0.4,1.2,0.1,0.2,0.04,1,0.5,0.8,0.3,0.4,,
TEOWBtr5307,Broadleaf tree,Btr,GF,Btr,GFET,0.003,0.003,0.011,0.009,0.005,0.006,0.03,0.05,0.06,0.04,0.8,0.4,0.7,0.4,1.2,0.1,0.2,0.04,1,0.5,0.8,0.3,0.4,,
TEOWBtr5308,Broadleaf tree,Btr,GF,Btr,GFET,0.003,0.003,0.012,0.009,0.005,0.006,0.03,0.05,0.06,0.04,0.8,0.4,0.7,0.4,1.2,0.1,0.2,0.04,1,0.5,0.8,0.3,0.4,,
TEOWBtr5309,Broadleaf tree,Btr,GF,Btr,GFET,0.003,0.003,0.011,0.008,0.005,0.006,0.03,0.05,0.06,0.04,0.8,0.4,0.7,0.4,1.2,0.1,0.2,0.04,1,0.5,0.8,0.3,0.4,,
TEOWBtr5310,Broadleaf tree,Btr,GF,Btr,GFET,0.003,0.003,0.011,0.009,0.005,0.006,0.03,0.05,0.06,0.04,0.8,0.4,0.7,0.4,1.2,0.1,0.2,0.04,1,0.5,0.8,0.3,0.4,,
TEOWBtr5311,Broadleaf tree,Btr,GF,Btr,GFET,0.003,0.003,0.011,0.009,0.005,0.006,0.03,0.05,0.06,0.04,0.8,0.4,0.7,0.4,1.2,0.1,0.2,0.04,1,0.5,0.8,0.3,0.4,,
TEOWBtr5312,Broadleaf tree,Btr,GF,Btr,GFET,9.491,0.003,0.92,0.69,0.383,0.46,0.03,0.05,0.06,0.04,0.8,0.4,0.7,0.4,1.2,0.1,0.2,0.04,1,0.5,0.8,0.3,0.4,,
TEOWBtr5313,Broadleaf tree,Btr,GF,Btr,GFET,5.341,0.003,0.121,0.091,0.05,0.061,0.03,0.05,0.06,0.04,0.8,0.4,0.7,0.4,1.2,0.1,0.2,0.04,1,0.5,0.8,0.3,0.4,,
TEOWBtr5314,Broadleaf tree,Btr,GF,Btr,GFET,13.131,0.003,0.106,0.079,0.044,0.053,0.03,0.05,0.06,0.04,0.8,0.4,0.7,0.4,1.2,0.1,0.2,0.04,1,0.5,0.8,0.3,0.4,,
TEOWBtr5315,Broadleaf tree,Btr,GF,Btr,GFET,25.317,0.003,0.105,0.079,0.044,0.053,0.03,0.05,0.06,0.04,0.8,0.4,0.7,0.4,1.2,0.1,0.2,0.04,1,0.5,0.8,0.3,0.4,,
TEOWBtr5316,Broadleaf tree,Btr,GF,Btr,GFET,6.049,0.003,0.096,0.072,0.04,0.048,0.03,0.05,0.06,0.04,0.8,0.4,0.7,0.4,1.2,0.1,0.2,0.04,1,0.5,0.8,0.3,0.4,,
TEOWBtr5317,Broadleaf tree,Btr,GF,Btr,GFET,11.791,0.003,0.092,0.069,0.038,0.046,0.03,0.05,0.06,0.04,0.8,0.4,0.7,0.4,1.2,0.1,0.2,0.04,1,0.5,0.8,0.3,0.4,,
TEOWBtr5318,Broadleaf tree,Btr,GF,Btr,GFET,14.162,0.003,0.099,0.074,0.041,0.05,0.03,0.05,0.06,0.04,0.8,0.4,0.7,0.4,1.2,0.1,0.2,0.04,1,0.5,0.8,0.3,0.4,,
TEOWBtr5319,Broadleaf tree,Btr,GF,Btr,GFET,16.181,0.003,0.087,0.066,0.036,0.044,0.03,0.05,0.06,0.04,0.8,0.4,0.7,0.4,1.2,0.1,0.2,0.04,1,0.5,0.8,0.3,0.4,,
TEOWBtr5320,Broadleaf tree,Btr,GF,Btr,GFET,18.951,0.003,0.075,0.056,0.031,0.038,0.03,0.05,0.06,0.04,0.8,0.4,0.7,0.4,1.2,0.1,0.2,0.04,1,0.5,0.8,0.3,0.4,,
TEOWBtr5321,Broadleaf tree,Btr,GF,Btr,GFET,5.807,0.003,0.14,0.105,0.059,0.07,0.03,0.05,0.06,0.04,0.8,0.4,0.7,0.4,1.2,0.1,0.2,0.04,1,0.5,0.8,0.3,0.4,,
TEOWBtr5322,Broadleaf tree,Btr,GF,Btr,GFET,6.985,0.003,0.124,0.093,0.052,0.062,0.03,0.05,0.06,0.04,0.8,0.4,0.7,0.4,1.2,0.1,0.2,0.04,1,0.5,0.8,0.3,0.4,,
TEOWBtr5323,Broadleaf tree,Btr,GF,Btr,GFET,7.067,0.003,0.134,0.1,0.056,0.067,0.03,0.05,0.06,0.04,0.8,0.4,0.7,0.4,1.2,0.1,0.2,0.04,1,0.5,0.8,0.3,0.4,,
TEOWBtr5324,Broadleaf tree,Btr,GF,Btr,GFET,14.881,0.003,0.088,0.066,0.037,0.044,0.03,0.05,0.06,0.04,0.8,0.4,0.7,0.4,1.2,0.1,0.2,0.04,1,0.5,0.8,0.3,0.4,,
TEOWBtr5325,Broadleaf tree,Btr,GF,Btr,GFET,7.361,0.003,0.189,0.141,0.079,0.094,0.03,0.05,0.06,0.04,0.8,0.4,0.7,0.4,1.2,0.1,0.2,0.04,1,0.5,0.8,0.3,0.4,,
TEOWBtr5326,Broadleaf tree,Btr,GF,Btr,GFET,10.705,0.003,0.143,0.107,0.059,0.071,0.03,0.05,0.06,0.04,0.8,0.4,0.7,0.4,1.2,0.1,0.2,0.04,1,0.5,0.8,0.3,0.4,,
TEOWBtr5327,Broadleaf tree,Btr,GF,Btr,GFET,13.877,0.003,0.115,0.086,0.048,0.057,0.03,0.05,0.06,0.04,0.8,0.4,0.7,0.4,1.2,0.1,0.2,0.04,1,0.5,0.8,0.3,0.4,,
TEOWBtr5328,Broadleaf tree,Btr,GF,Btr,GFET,13.133,0.003,0.167,0.126,0.07,0.084,0.03,0.05,0.06,0.04,0.8,0.4,0.7,0.4,1.2,0.1,0.2,0.04,1,0.5,0.8,0.3,0.4,,
TEOWBtr5329,Broadleaf tree,Btr,GF,Btr,GFET,7.539,0.003,0.145,0.109,0.06,0.072,0.03,0.05,0.06,0.04,0.8,0.4,0.7,0.4,1.2,0.1,0.2,0.04,1,0.5,0.8,0.3,0.4,,
TEOWBtr5330,Broadleaf tree,Btr,GF,Btr,GFET,11.902,0.003,0.186,0.14,0.078,0.093,0.03,0.05,0.06,0.04,0.8,0.4,0.7,0.4,1.2,0.1,0.2,0.04,1,0.5,0.8,0.3,0.4,,
TEOWBtr5331,Broadleaf tree,Btr,GF,Btr,GFET,10.072,0.003,0.101,0.076,0.042,0.05,0.03,0.05,0.06,0.04,0.8,0.4,0.7,0.4,1.2,0.1,0.2,0.04,1,0.5,0.8,0.3,0.4,,
TEOWBtr5332,Broadleaf tree,Btr,GF,Btr,GFET,5.067,0.003,0.281,0.21,0.117,0.14,0.03,0.05,0.06,0.04,0.8,0.4,0.7,0.4,1.2,0.1,0.2,0.04,1,0.5,0.8,0.3,0.4,,
TEOWBtr5333,Broadleaf tree,Btr,GF,Btr,GFET,6.327,0.003,0.286,0.215,0.119,0.143,0.03,0.05,0.06,0.04,0.8,0.4,0.7,0.4,1.2,0.1,0.2,0.04,1,0.5,0.8,0.3,0.4,,
TEOWBtr5334,Broadleaf tree,Btr,GF,Btr,GFET,7.221,0.003,0.173,0.13,0.072,0.087,0.03,0.05,0.06,0.04,0.8,0.4,0.7,0.4,1.2,0.1,0.2,0.04,1,0.5,0.8,0.3,0.4,,
TEOWBtr5335,Broadleaf tree,Btr,GF,Btr,GFET,8.797,0.003,0.386,0.29,0.161,0.193,0.03,0.05,0.06,0.04,0.8,0.4,0.7,0.4,1.2,0.1,0.2,0.04,1,0.5,0.8,0.3,0.4,,
TEOWBtr5336,Broadleaf tree,Btr,GF,Btr,GFET,11.603,0.003,0.135,0.101,0.056,0.067,0.03,0.05,0.06,0.04,0.8,0.4,0.7,0.4,1.2,0.1,0.2,0.04,1,0.5,0.8,0.3,0.4,,
TEOWBtr5337,Broadleaf tree,Btr,GF,Btr,GFET,1.578,0.003,0.554,0.416,0.231,0.277,0.03,0.05,0.06,0.04,0.8,0.4,0.7,0.4,1.2,0.1,0.2,0.04,1,0.5,0.8,0.3,0.4,,
TEOWBtr5338,Broadleaf tree,Btr,GF,Btr,GFET,7.007,0.003,0.278,0.208,0.116,0.139,0.03,0.05,0.06,0.04,0.8,0.4,0.7,0.4,1.2,0.1,0.2,0.04,1,0.5,0.8,0.3,0.4,,
TEOWBtr5339,Broadleaf tree,Btr,GF,Btr,GFET,3.898,0.003,0.291,0.218,0.121,0.145,0.03,0.05,0.06,0.04,0.8,0.4,0.7,0.4,1.2,0.1,0.2,0.04,1,0.5,0.8,0.3,0.4,,
TEOWBtr5340,Broadleaf tree,Btr,GF,Btr,GFET,1.227,0.003,0.314,0.235,0.131,0.157,0.03,0.05,0.06,0.04,0.8,0.4,0.7,0.4,1.2,0.1,0.2,0.04,1,0.5,0.8,0.3,0.4,,
TEOWBtr5341,Broadleaf tree,Btr,GF,Btr,GFET,5.961,0.003,0.28,0.21,0.117,0.14,0.03,0.05,0.06,0.04,0.8,0.4,0.7,0.4,1.2,0.1,0.2,0.04,1,0.5,0.8,0.3,0.4,,
TEOWBtr5342,Broadleaf tree,Btr,GF,Btr,GFET,3.243,0.003,0.258,0.193,0.107,0.129,0.03,0.05,0.06,0.04,0.8,0.4,0.7,0.4,1.2,0.1,0.2,0.04,1,0.5,0.8,0.3,0.4,,
TEOWBtr5343,Broadleaf tree,Btr,GF,Btr,GFET,11.947,0.003,0.339,0.254,0.141,0.169,0.03,0.05,0.06,0.04,0.8,0.4,0.7,0.4,1.2,0.1,0.2,0.04,1,0.5,0.8,0.3,0.4,,
TEOWBtr5344,Broadleaf tree,Btr,GF,Btr,GFET,2.177,0.003,0.571,0.428,0.238,0.286,0.03,0.05,0.06,0.04,0.8,0.4,0.7,0.4,1.2,0.1,0.2,0.04,1,0.5,0.8,0.3,0.4,,
TEOWBtr5345,Broadleaf tree,Btr,GF,Btr,GFET,9.077,0.003,0.242,0.181,0.101,0.121,0.03,0.05,0.06,0.04,0.8,0.4,0.7,0.4,1.2,0.1,0.2,0.04,1,0.5,0.8,0.3,0.4,,
TEOWBtr5346,Broadleaf tree,Btr,GF,Btr,GFET,5.132,0.003,0.198,0.148,0.082,0.099,0.03,0.05,0.06,0.04,0.8,0.4,0.7,0.4,1.2,0.1,0.2,0.04,1,0.5,0.8,0.3,0.4,,
TEOWBtr5347,Broadleaf tree,Btr,GF,Btr,GFET,2.935,0.003,0.341,0.256,0.142,0.171,0.03,0.05,0.06,0.04,0.8,0.4,0.7,0.4,1.2,0.1,0.2,0.04,1,0.5,0.8,0.3,0.4,,
TEOWBtr5348,Broadleaf tree,Btr,GF,Btr,GFET,5.638,0.003,0.238,0.178,0.099,0.119,0.03,0.05,0.06,0.04,0.8,0.4,0.7,0.4,1.2,0.1,0.2,0.04,1,0.5,0.8,0.3,0.4,,
TEOWBtr5349,Broadleaf tree,Btr,GF,Btr,GFET,15.014,0.003,0.161,0.121,0.067,0.081,0.03,0.05,0.06,0.04,0.8,0.4,0.7,0.4,1.2,0.1,0.2,0.04,1,0.5,0.8,0.3,0.4,,
TEOWBtr5350,Broadleaf tree,Btr,GF,Btr,GFET,5.163,0.003,0.325,0.244,0.136,0.163,0.03,0.05,0.06,0.04,0.8,0.4,0.7,0.4,1.2,0.1,0.2,0.04,1,0.5,0.8,0.3,0.4,,
TEOWBtr5351,Broadleaf tree,Btr,GF,Btr,GFET,4.274,0.003,0.166,0.124,0.069,0.083,0.03,0.05,0.06,0.04,0.8,0.4,0.7,0.4,1.2,0.1,0.2,0.04,1,0.5,0.8,0.3,0.4,,
TEOWBtr5352,Broadleaf tree,Btr,GF,Btr,GFET,4.874,0.003,0.145,0.109,0.06,0.072,0.03,0.05,0.06,0.04,0.8,0.4,0.7,0.4,1.2,0.1,0.2,0.04,1,0.5,0.8,0.3,0.4,,
TEOWBtr5353,Broadleaf tree,Btr,GF,Btr,GFET,7.607,0.003,0.287,0.215,0.119,0.143,0.03,0.05,0.06,0.04,0.8,0.4,0.7,0.4,1.2,0.1,0.2,0.04,1,0.5,0.8,0.3,0.4,,
TEOWBtr5354,Broadleaf tree,Btr,GF,Btr,GFET,3.527,0.003,0.252,0.189,0.105,0.126,0.03,0.05,0.06,0.04,0.8,0.4,0.7,0.4,1.2,0.1,0.2,0.04,1,0.5,0.8,0.3,0.4,,
TEOWBtr5355,Broadleaf tree,Btr,GF,Btr,GFET,12.832,0.003,0.185,0.138,0.077,0.092,0.03,0.05,0.06,0.04,0.8,0.4,0.7,0.4,1.2,0.1,0.2,0.04,1,0.5,0.8,0.3,0.4,,
TEOWBtr5356,Broadleaf tree,Btr,GF,Btr,GFET,4.686,0.003,0.231,0.173,0.096,0.115,0.03,0.05,0.06,0.04,0.8,0.4,0.7,0.4,1.2,0.1,0.2,0.04,1,0.5,0.8,0.3,0.4,,
TEOWBtr5357,Broadleaf tree,Btr,GF,Btr,GFET,5.008,0.003,0.264,0.198,0.11,0.132,0.03,0.05,0.06,0.04,0.8,0.4,0.7,0.4,1.2,0.1,0.2,0.04,1,0.5,0.8,0.3,0.4,,
TEOWBtr5358,Broadleaf tree,Btr,GF,Btr,GFET,15.14,0.003,0.1,0.075,0.042,0.05,0.03,0.05,0.06,0.04,0.8,0.4,0.7,0.4,1.2,0.1,0.2,0.04,1,0.5,0.8,0.3,0.4,,
TEOWBtr5359,Broadleaf tree,Btr,GF,Btr,GFET,3.221,0.003,0.501,0.376,0.209,0.251,0.03,0.05,0.06,0.04,0.8,0.4,0.7,0.4,1.2,0.1,0.2,0.04,1,0.5,0.8,0.3,0.4,,
TEOWBtr5360,Broadleaf tree,Btr,GF,Btr,GFET,3.618,0.003,0.464,0.348,0.194,0.232,0.03,0.05,0.06,0.04,0.8,0.4,0.7,0.4,1.2,0.1,0.2,0.04,1,0.5,0.8,0.3,0.4,,
TEOWBtr5361,Broadleaf tree,Btr,GF,Btr,GFET,10.842,0.003,0.177,0.133,0.074,0.088,0.03,0.05,0.06,0.04,0.8,0.4,0.7,0.4,1.2,0.1,0.2,0.04,1,0.5,0.8,0.3,0.4,,
TEOWBtr5362,Broadleaf tree,Btr,GF,Btr,GFET,10.471,0.003,0.309,0.232,0.129,0.154,0.03,0.05,0.06,0.04,0.8,0.4,0.7,0.4,1.2,0.1,0.2,0.04,1,0.5,0.8,0.3,0.4,,
TEOWBtr5363,Broadleaf tree,Btr,GF,Btr,GFET,14.331,0.003,0.102,0.077,0.043,0.051,0.03,0.05,0.06,0.04,0.8,0.4,0.7,0.4,1.2,0.1,0.2,0.04,1,0.5,0.8,0.3,0.4,,
TEOWBtr5364,Broadleaf tree,Btr,GF,Btr,GFET,8.174,0.003,0.128,0.096,0.053,0.064,0.03,0.05,0.06,0.04,0.8,0.4,0.7,0.4,1.2,0.1,0.2,0.04,1,0.5,0.8,0.3,0.4,,
TEOWBtr5365,Broadleaf tree,Btr,GF,Btr,GFET,14.798,0.003,0.052,0.039,0.022,0.026,0.03,0.05,0.06,0.04,0.8,0.4,0.7,0.4,1.2,0.1,0.2,0.04,1,0.5,0.8,0.3,0.4,,
TEOWBtr5366,Broadleaf tree,Btr,GF,Btr,GFET,10.797,0.003,0.062,0.046,0.026,0.031,0.03,0.05,0.06,0.04,0.8,0.4,0.7,0.4,1.2,0.1,0.2,0.04,1,0.5,0.8,0.3,0.4,,
TEOWBtr5367,Broadleaf tree,Btr,GF,Btr,GFET,6.407,0.003,0.193,0.145,0.08,0.097,0.03,0.05,0.06,0.04,0.8,0.4,0.7,0.4,1.2,0.1,0.2,0.04,1,0.5,0.8,0.3,0.4,,
TEOWBtr5368,Broadleaf tree,Btr,GF,Btr,GFET,9.811,0.003,0.219,0.164,0.091,0.11,0.03,0.05,0.06,0.04,0.8,0.4,0.7,0.4,1.2,0.1,0.2,0.04,1,0.5,0.8,0.3,0.4,,
TEOWBtr5369,Broadleaf tree,Btr,GF,Btr,GFET,15.299,0.003,0.074,0.055,0.031,0.037,0.03,0.05,0.06,0.04,0.8,0.4,0.7,0.4,1.2,0.1,0.2,0.04,1,0.5,0.8,0.3,0.4,,
TEOWBtr5370,Broadleaf tree,Btr,GF,Btr,GFET,11.176,0.003,0.124,0.093,0.052,0.062,0.03,0.05,0.06,0.04,0.8,0.4,0.7,0.4,1.2,0.1,0.2,0.04,1,0.5,0.8,0.3,0.4,,
TEOWBtr5371,Broadleaf tree,Btr,GF,Btr,GFET,6.684,0.003,0.124,0.093,0.052,0.062,0.03,0.05,0.06,0.04,0.8,0.4,0.7,0.4,1.2,0.1,0.2,0.04,1,0.5,0.8,0.3,0.4,,
TEOWBtr5372,Broadleaf tree,Btr,GF,Btr,GFET,8.382,0.003,0.156,0.117,0.065,0.078,0.03,0.05,0.06,0.04,0.8,0.4,0.7,0.4,1.2,0.1,0.2,0.04,1,0.5,0.8,0.3,0.4,,
TEOWBtr5373,Broadleaf tree,Btr,GF,Btr,GFET,7.493,0.003,0.261,0.195,0.109,0.13,0.03,0.05,0.06,0.04,0.8,0.4,0.7,0.4,1.2,0.1,0.2,0.04,1,0.5,0.8,0.3,0.4,,
TEOWBtr5374,Broadleaf tree,Btr,GF,Btr,GFET,15.727,0.003,0.117,0.088,0.049,0.059,0.03,0.05,0.06,0.04,0.8,0.4,0.7,0.4,1.2,0.1,0.2,0.04,1,0.5,0.8,0.3,0.4,,
TEOWBtr5375,Broadleaf tree,Btr,GF,Btr,GFET,10.933,0.003,0.248,0.186,0.103,0.124,0.03,0.05,0.06,0.04,0.8,0.4,0.7,0.4,1.2,0.1,0.2,0.04,1,0.5,0.8,0.3,0.4,,
TEOWBtr5376,Broadleaf tree,Btr,GF,Btr,GFET,15.901,0.003,0.15,0.112,0.062,0.075,0.03,0.05,0.06,0.04,0.8,0.4,0.7,0.4,1.2,0.1,0.2,0.04,1,0.5,0.8,0.3,0.4,,
TEOWBtr5377,Broadleaf tree,Btr,GF,Btr,GFET,6.112,0.003,0.275,0.206,0.114,0.137,0.03,0.05,0.06,0.04,0.8,0.4,0.7,0.4,1.2,0.1,0.2,0.04,1,0.5,0.8,0.3,0.4,,
TEOWBtr5378,Broadleaf tree,Btr,GF,Btr,GFET,8.804,0.003,0.054,0.04,0.022,0.027,0.03,0.05,0.06,0.04,0.8,0.4,0.7,0.4,1.2,0.1,0.2,0.04,1,0.5,0.8,0.3,0.4,,
TEOWBtr5379,Broadleaf tree,Btr,GF,Btr,GFET,8.784,0.003,0.182,0.137,0.076,0.091,0.03,0.05,0.06,0.04,0.8,0.4,0.7,0.4,1.2,0.1,0.2,0.04,1,0.5,0.8,0.3,0.4,,
TEOWBtr5380,Broadleaf tree,Btr,GF,Btr,GFET,21.528,0.003,0.113,0.084,0.047,0.056,0.03,0.05,0.06,0.04,0.8,0.4,0.7,0.4,1.2,0.1,0.2,0.04,1,0.5,0.8,0.3,0.4,,
TEOWBtr5381,Broadleaf tree,Btr,GF,Btr,GFET,7.718,0.003,0.092,0.069,0.038,0.046,0.03,0.05,0.06,0.04,0.8,0.4,0.7,0.4,1.2,0.1,0.2,0.04,1,0.5,0.8,0.3,0.4,,
TEOWBtr5382,Broadleaf tree,Btr,GF,Btr,GFET,15.373,0.003,0.076,0.057,0.032,0.038,0.03,0.05,0.06,0.04,0.8,0.4,0.7,0.4,1.2,0.1,0.2,0.04,1,0.5,0.8,0.3,0.4,,
TEOWBtr5383,Broadleaf tree,Btr,GF,Btr,GFET,9.806,0.003,0.152,0.114,0.063,0.076,0.03,0.05,0.06,0.04,0.8,0.4,0.7,0.4,1.2,0.1,0.2,0.04,1,0.5,0.8,0.3,0.4,,
TEOWBtr5384,Broadleaf tree,Btr,GF,Btr,GFET,11.514,0.003,0.154,0.115,0.064,0.077,0.03,0.05,0.06,0.04,0.8,0.4,0.7,0.4,1.2,0.1,0.2,0.04,1,0.5,0.8,0.3,0.4,,
TEOWBtr5385,Broadleaf tree,Btr,GF,Btr,GFET,7.928,0.003,0.427,0.32,0.178,0.214,0.03,0.05,0.06,0.04,0.8,0.4,0.7,0.4,1.2,0.1,0.2,0.04,1,0.5,0.8,0.3,0.4,,
TEOWBtr5386,Broadleaf tree,Btr,GF,Btr,GFET,34.538,0.003,0.123,0.092,0.051,0.062,0.03,0.05,0.06,0.04,0.8,0.4,0.7,0.4,1.2,0.1,0.2,0.04,1,0.5,0.8,0.3,0.4,,
TEOWBtr5387,Broadleaf tree,Btr,GF,Btr,GFET,3.702,0.003,0.236,0.177,0.098,0.118,0.03,0.05,0.06,0.04,0.8,0.4,0.7,0.4,1.2,0.1,0.2,0.04,1,0.5,0.8,0.3,0.4,,
TEOWBtr5388,Broadleaf tree,Btr,GF,Btr,GFET,4.763,0.003,0.272,0.204,0.113,0.136,0.03,0.05,0.06,0.04,0.8,0.4,0.7,0.4,1.2,0.1,0.2,0.04,1,0.5,0.8,0.3,0.4,,
TEOWBtr5389,Broadleaf tree,Btr,GF,Btr,GFET,5.685,0.003,0.399,0.299,0.166,0.199,0.03,0.05,0.06,0.04,0.8,0.4,0.7,0.4,1.2,0.1,0.2,0.04,1,0.5,0.8,0.3,0.4,,
TEOWBtr5390,Broadleaf tree,Btr,GF,Btr,GFET,13.703,0.003,0.168,0.126,0.07,0.084,0.03,0.05,0.06,0.04,0.8,0.4,0.7,0.4,1.2,0.1,0.2,0.04,1,0.5,0.8,0.3,0.4,,
TEOWBtr5391,Broadleaf tree,Btr,GF,Btr,GFET,9.442,0.003,0.19,0.143,0.079,0.095,0.03,0.05,0.06,0.04,0.8,0.4,0.7,0.4,1.2,0.1,0.2,0.04,1,0.5,0.8,0.3,0.4,,
TEOWBtr5392,Broadleaf tree,Btr,GF,Btr,GFET,12.119,0.003,0.056,0.042,0.023,0.028,0.03,0.05,0.06,0.04,0.8,0.4,0.7,0.4,1.2,0.1,0.2,0.04,1,0.5,0.8,0.3,0.4,,
TEOWBtr5393,Broadleaf tree,Btr,GF,Btr,GFET,1.492,0.003,0.381,0.286,0.159,0.191,0.03,0.05,0.06,0.04,0.8,0.4,0.7,0.4,1.2,0.1,0.2,0.04,1,0.5,0.8,0.3,0.4,,
TEOWBtr5394,Broadleaf tree,Btr,GF,Btr,GFET,16.617,0.003,0.085,0.064,0.036,0.043,0.03,0.05,0.06,0.04,0.8,0.4,0.7,0.4,1.2,0.1,0.2,0.04,1,0.5,0.8,0.3,0.4,,
TEOWBtr5395,Broadleaf tree,Btr,GF,Btr,GFET,4.312,0.003,0.207,0.155,0.086,0.103,0.03,0.05,0.06,0.04,0.8,0.4,0.7,0.4,1.2,0.1,0.2,0.04,1,0.5,0.8,0.3,0.4,,
TEOWBtr5396,Broadleaf tree,Btr,GF,Btr,GFET,11.077,0.003,0.133,0.1,0.055,0.066,0.03,0.05,0.06,0.04,0.8,0.4,0.7,0.4,1.2,0.1,0.2,0.04,1,0.5,0.8,0.3,0.4,,
TEOWBtr5397,Broadleaf tree,Btr,GF,Btr,GFET,27.425,0.003,0.003,0.002,0.001,0.001,0.03,0.05,0.06,0.04,0.8,0.4,0.7,0.4,1.2,0.1,0.2,0.04,1,0.5,0.8,0.3,0.4,,
TEOWBtr5398,Broadleaf tree,Btr,GF,Btr,GFET,15.999,0.003,0.101,0.075,0.042,0.05,0.03,0.05,0.06,0.04,0.8,0.4,0.7,0.4,1.2,0.1,0.2,0.04,1,0.5,0.8,0.3,0.4,,
TEOWBtr5399,Broadleaf tree,Btr,GF,Btr,GFET,0.386,0.003,0.086,0.064,0.036,0.043,0.03,0.05,0.06,0.04,0.8,0.4,0.7,0.4,1.2,0.1,0.2,0.04,1,0.5,0.8,0.3,0.4,,
TEOWBtr5400,Broadleaf tree,Btr,GF,Btr,GFET,33.521,0.003,0.605,0.454,0.252,0.302,0.03,0.05,0.06,0.04,0.8,0.4,0.7,0.4,1.2,0.1,0.2,0.04,1,0.5,0.8,0.3,0.4,,
TEOWBtr5401,Broadleaf tree,Btr,GF,Btr,GFET,0.003,0.003,0.081,0.061,0.034,0.04,0.03,0.05,0.06,0.04,0.8,0.4,0.7,0.4,1.2,0.1,0.2,0.04,1,0.5,0.8,0.3,0.4,,
TEOWBtr5402,Broadleaf tree,Btr,GF,Btr,GFET,11.061,0.003,0.068,0.051,0.028,0.034,0.03,0.05,0.06,0.04,0.8,0.4,0.7,0.4,1.2,0.1,0.2,0.04,1,0.5,0.8,0.3,0.4,,
TEOWBtr5403,Broadleaf tree,Btr,GF,Btr,GFET,18.973,0.003,0.057,0.043,0.024,0.029,0.03,0.05,0.06,0.04,0.8,0.4,0.7,0.4,1.2,0.1,0.2,0.04,1,0.5,0.8,0.3,0.4,,
TEOWBtr5404,Broadleaf tree,Btr,GF,Btr,GFET,25.694,0.003,0.643,0.483,0.268,0.322,0.03,0.05,0.06,0.04,0.8,0.4,0.7,0.4,1.2,0.1,0.2,0.04,1,0.5,0.8,0.3,0.4,,
TEOWBtr5405,Broadleaf tree,Btr,GF,Btr,GFET,25.202,0.003,0.182,0.136,0.076,0.091,0.03,0.05,0.06,0.04,0.8,0.4,0.7,0.4,1.2,0.1,0.2,0.04,1,0.5,0.8,0.3,0.4,,
TEOWBtr5406,Broadleaf tree,Btr,GF,Btr,GFET,9.893,0.003,0.074,0.056,0.031,0.037,0.03,0.05,0.06,0.04,0.8,0.4,0.7,0.4,1.2,0.1,0.2,0.04,1,0.5,0.8,0.3,0.4,,
TEOWBtr5407,Broadleaf tree,Btr,GF,Btr,GFET,8.386,0.003,0.193,0.145,0.08,0.096,0.03,0.05,0.06,0.04,0.8,0.4,0.7,0.4,1.2,0.1,0.2,0.04,1,0.5,0.8,0.3,0.4,,
TEOWBtr5408,Broadleaf tree,Btr,GF,Btr,GFET,11.859,0.003,0.173,0.13,0.072,0.086,0.03,0.05,0.06,0.04,0.8,0.4,0.7,0.4,1.2,0.1,0.2,0.04,1,0.5,0.8,0.3,0.4,,
TEOWBtr5409,Broadleaf tree,Btr,GF,Btr,GFET,15.471,0.003,0.245,0.184,0.102,0.123,0.03,0.05,0.06,0.04,0.8,0.4,0.7,0.4,1.2,0.1,0.2,0.04,1,0.5,0.8,0.3,0.4,,
TEOWBtr5410,Broadleaf tree,Btr,GF,Btr,GFET,12.53,0.003,0.188,0.141,0.079,0.094,0.03,0.05,0.06,0.04,0.8,0.4,0.7,0.4,1.2,0.1,0.2,0.04,1,0.5,0.8,0.3,0.4,,
TEOWBtr5411,Broadleaf tree,Btr,GF,Btr,GFET,12.576,0.003,0.18,0.135,0.075,0.09,0.03,0.05,0.06,0.04,0.8,0.4,0.7,0.4,1.2,0.1,0.2,0.04,1,0.5,0.8,0.3,0.4,,
TEOWBtr5412,Broadleaf tree,Btr,GF,Btr,GFET,5.863,0.003,0.301,0.225,0.125,0.15,0.03,0.05,0.06,0.04,0.8,0.4,0.7,0.4,1.2,0.1,0.2,0.04,1,0.5,0.8,0.3,0.4,,
TEOWBtr5413,Broadleaf tree,Btr,GF,Btr,GFET,24.878,0.003,0.497,0.373,0.207,0.249,0.03,0.05,0.06,0.04,0.8,0.4,0.7,0.4,1.2,0.1,0.2,0.04,1,0.5,0.8,0.3,0.4,,
TEOWBtr5414,Broadleaf tree,Btr,GF,Btr,GFET,22.375,0.003,0.229,0.172,0.095,0.114,0.03,0.05,0.06,0.04,0.8,0.4,0.7,0.4,1.2,0.1,0.2,0.04,1,0.5,0.8,0.3,0.4,,
TEOWBtr5415,Broadleaf tree,Btr,GF,Btr,GFET,17.044,0.003,0.141,0.106,0.059,0.071,0.03,0.05,0.06,0.04,0.8,0.4,0.7,0.4,1.2,0.1,0.2,0.04,1,0.5,0.8,0.3,0.4,,
TEOWBtr5416,Broadleaf tree,Btr,GF,Btr,GFET,17.469,0.003,0.178,0.134,0.074,0.089,0.03,0.05,0.06,0.04,0.8,0.4,0.7,0.4,1.2,0.1,0.2,0.04,1,0.5,0.8,0.3,0.4,,
TEOWBtr5417,Broadleaf tree,Btr,GF,Btr,GFET,14.606,0.003,0.305,0.229,0.127,0.153,0.03,0.05,0.06,0.04,0.8,0.4,0.7,0.4,1.2,0.1,0.2,0.04,1,0.5,0.8,0.3,0.4,,
TEOWBtr5418,Broadleaf tree,Btr,GF,Btr,GFET,7.132,0.003,0.616,0.462,0.257,0.308,0.03,0.05,0.06,0.04,0.8,0.4,0.7,0.4,1.2,0.1,0.2,0.04,1,0.5,0.8,0.3,0.4,,
TEOWBtr5419,Broadleaf tree,Btr,GF,Btr,GFET,4.402,0.003,0.853,0.64,0.355,0.426,0.03,0.05,0.06,0.04,0.8,0.4,0.7,0.4,1.2,0.1,0.2,0.04,1,0.5,0.8,0.3,0.4,,
TEOWBtr5420,Broadleaf tree,Btr,GF,Btr,GFET,9.065,0.003,0.419,0.314,0.175,0.209,0.03,0.05,0.06,0.04,0.8,0.4,0.7,0.4,1.2,0.1,0.2,0.04,1,0.5,0.8,0.3,0.4,,
TEOWBtr5421,Broadleaf tree,Btr,GF,Btr,GFET,5.358,0.003,0.48,0.36,0.2,0.24,0.03,0.05,0.06,0.04,0.8,0.4,0.7,0.4,1.2,0.1,0.2,0.04,1,0.5,0.8,0.3,0.4,,
TEOWBtr5422,Broadleaf tree,Btr,GF,Btr,GFET,12.595,0.003,0.306,0.23,0.128,0.153,0.03,0.05,0.06,0.04,0.8,0.4,0.7,0.4,1.2,0.1,0.2,0.04,1,0.5,0.8,0.3,0.4,,
TEOWBtr5423,Broadleaf tree,Btr,GF,Btr,GFET,0.482,0.003,0.603,0.452,0.251,0.302,0.03,0.05,0.06,0.04,0.8,0.4,0.7,0.4,1.2,0.1,0.2,0.04,1,0.5,0.8,0.3,0.4,,
TEOWBtr5424,Broadleaf tree,Btr,GF,Btr,GFET,10.897,0.003,0.151,0.113,0.063,0.075,0.03,0.05,0.06,0.04,0.8,0.4,0.7,0.4,1.2,0.1,0.2,0.04,1,0.5,0.8,0.3,0.4,,
TEOWBtr5425,Broadleaf tree,Btr,GF,Btr,GFET,1.91,0.003,0.682,0.512,0.284,0.341,0.03,0.05,0.06,0.04,0.8,0.4,0.7,0.4,1.2,0.1,0.2,0.04,1,0.5,0.8,0.3,0.4,,
TEOWBtr5426,Broadleaf tree,Btr,GF,Btr,GFET,10.618,0.003,0.225,0.168,0.094,0.112,0.03,0.05,0.06,0.04,0.8,0.4,0.7,0.4,1.2,0.1,0.2,0.04,1,0.5,0.8,0.3,0.4,,
TEOWBtr5427,Broadleaf tree,Btr,GF,Btr,GFET,6.435,0.003,0.239,0.179,0.1,0.119,0.03,0.05,0.06,0.04,0.8,0.4,0.7,0.4,1.2,0.1,0.2,0.04,1,0.5,0.8,0.3,0.4,,
TEOWBtr5428,Broadleaf tree,Btr,GF,Btr,GFET,7.394,0.003,0.631,0.473,0.263,0.316,0.03,0.05,0.06,0.04,0.8,0.4,0.7,0.4,1.2,0.1,0.2,0.04,1,0.5,0.8,0.3,0.4,,
TEOWBtr5429,Broadleaf tree,Btr,GF,Btr,GFET,5.856,0.003,0.733,0.549,0.305,0.366,0.03,0.05,0.06,0.04,0.8,0.4,0.7,0.4,1.2,0.1,0.2,0.04,1,0.5,0.8,0.3,0.4,,
TEOWBtr5430,Broadleaf tree,Btr,GF,Btr,GFET,0.003,0.003,0.116,0.087,0.048,0.058,0.03,0.05,0.06,0.04,0.8,0.4,0.7,0.4,1.2,0.1,0.2,0.04,1,0.5,0.8,0.3,0.4,,
TEOWBtr5431,Broadleaf tree,Btr,GF,Btr,GFET,9.679,0.003,0.272,0.204,0.114,0.136,0.03,0.05,0.06,0.04,0.8,0.4,0.7,0.4,1.2,0.1,0.2,0.04,1,0.5,0.8,0.3,0.4,,
TEOWBtr5432,Broadleaf tree,Btr,GF,Btr,GFET,9.204,0.003,0.236,0.177,0.098,0.118,0.03,0.05,0.06,0.04,0.8,0.4,0.7,0.4,1.2,0.1,0.2,0.04,1,0.5,0.8,0.3,0.4,,
TEOWBtr5433,Broadleaf tree,Btr,GF,Btr,GFET,8.408,0.003,0.257,0.192,0.107,0.128,0.03,0.05,0.06,0.04,0.8,0.4,0.7,0.4,1.2,0.1,0.2,0.04,1,0.5,0.8,0.3,0.4,,
TEOWBtr5434,Broadleaf tree,Btr,GF,Btr,GFET,7.349,0.003,0.177,0.133,0.074,0.089,0.03,0.05,0.06,0.04,0.8,0.4,0.7,0.4,1.2,0.1,0.2,0.04,1,0.5,0.8,0.3,0.4,,
TEOWBtr5435,Broadleaf tree,Btr,GF,Btr,GFET,16.01,0.003,0.204,0.153,0.085,0.102,0.03,0.05,0.06,0.04,0.8,0.4,0.7,0.4,1.2,0.1,0.2,0.04,1,0.5,0.8,0.3,0.4,,
TEOWBtr5436,Broadleaf tree,Btr,GF,Btr,GFET,6.901,0.003,0.225,0.169,0.094,0.112,0.03,0.05,0.06,0.04,0.8,0.4,0.7,0.4,1.2,0.1,0.2,0.04,1,0.5,0.8,0.3,0.4,,
TEOWBtr5437,Broadleaf tree,Btr,GF,Btr,GFET,12.395,0.003,0.158,0.118,0.066,0.079,0.03,0.05,0.06,0.04,0.8,0.4,0.7,0.4,1.2,0.1,0.2,0.04,1,0.5,0.8,0.3,0.4,,
TEOWBtr5438,Broadleaf tree,Btr,GF,Btr,GFET,7.404,0.003,0.225,0.169,0.094,0.113,0.03,0.05,0.06,0.04,0.8,0.4,0.7,0.4,1.2,0.1,0.2,0.04,1,0.5,0.8,0.3,0.4,,
TEOWBtr5439,Broadleaf tree,Btr,GF,Btr,GFET,5.879,0.003,0.305,0.229,0.127,0.153,0.03,0.05,0.06,0.04,0.8,0.4,0.7,0.4,1.2,0.1,0.2,0.04,1,0.5,0.8,0.3,0.4,,
TEOWBtr5440,Broadleaf tree,Btr,GF,Btr,GFET,5.084,0.003,0.305,0.229,0.127,0.153,0.03,0.05,0.06,0.04,0.8,0.4,0.7,0.4,1.2,0.1,0.2,0.04,1,0.5,0.8,0.3,0.4,,
TEOWBtr5441,Broadleaf tree,Btr,GF,Btr,GFET,7.861,0.003,0.307,0.23,0.128,0.154,0.03,0.05,0.06,0.04,0.8,0.4,0.7,0.4,1.2,0.1,0.2,0.04,1,0.5,0.8,0.3,0.4,,
TEOWBtr5442,Broadleaf tree,Btr,GF,Btr,GFET,7.808,0.003,0.305,0.229,0.127,0.153,0.03,0.05,0.06,0.04,0.8,0.4,0.7,0.4,1.2,0.1,0.2,0.04,1,0.5,0.8,0.3,0.4,,
TEOWBtr5443,Broadleaf tree,Btr,GF,Btr,GFET,8.373,0.003,0.305,0.229,0.127,0.153,0.03,0.05,0.06,0.04,0.8,0.4,0.7,0.4,1.2,0.1,0.2,0.04,1,0.5,0.8,0.3,0.4,,
TEOWBtr5444,Broadleaf tree,Btr,GF,Btr,GFET,7.566,0.003,0.305,0.229,0.127,0.153,0.03,0.05,0.06,0.04,0.8,0.4,0.7,0.4,1.2,0.1,0.2,0.04,1,0.5,0.8,0.3,0.4,,
TEOWBtr5445,Broadleaf tree,Btr,GF,Btr,GFET,7.195,0.003,0.305,0.229,0.127,0.153,0.03,0.05,0.06,0.04,0.8,0.4,0.7,0.4,1.2,0.1,0.2,0.04,1,0.5,0.8,0.3,0.4,,
TEOWBtr5446,Broadleaf tree,Btr,GF,Btr,GFET,0.01,0.003,0.012,0.009,0.005,0.006,0.03,0.05,0.06,0.04,0.8,0.4,0.7,0.4,1.2,0.1,0.2,0.04,1,0.5,0.8,0.3,0.4,,
TEOWBtr5447,Broadleaf tree,Btr,GF,Btr,GFET,7.233,0.003,0.305,0.229,0.127,0.153,0.03,0.05,0.06,0.04,0.8,0.4,0.7,0.4,1.2,0.1,0.2,0.04,1,0.5,0.8,0.3,0.4,,
TEOWBtr5448,Broadleaf tree,Btr,GF,Btr,GFET,7.124,0.003,0.305,0.229,0.127,0.153,0.03,0.05,0.06,0.04,0.8,0.4,0.7,0.4,1.2,0.1,0.2,0.04,1,0.5,0.8,0.3,0.4,,
TEOWBtr5449,Broadleaf tree,Btr,GF,Btr,GFET,6.1,0.003,0.306,0.229,0.127,0.153,0.03,0.05,0.06,0.04,0.8,0.4,0.7,0.4,1.2,0.1,0.2,0.04,1,0.5,0.8,0.3,0.4,,
TEOWBtr5450,Broadleaf tree,Btr,GF,Btr,GFET,6.771,0.003,0.307,0.23,0.128,0.153,0.03,0.05,0.06,0.04,0.8,0.4,0.7,0.4,1.2,0.1,0.2,0.04,1,0.5,0.8,0.3,0.4,,
TEOWBtr5451,Broadleaf tree,Btr,GF,Btr,GFET,7.168,0.003,0.305,0.229,0.127,0.153,0.03,0.05,0.06,0.04,0.8,0.4,0.7,0.4,1.2,0.1,0.2,0.04,1,0.5,0.8,0.3,0.4,,
TEOWBtr5452,Broadleaf tree,Btr,GF,Btr,GFET,7.72,0.003,0.305,0.229,0.127,0.153,0.03,0.05,0.06,0.04,0.8,0.4,0.7,0.4,1.2,0.1,0.2,0.04,1,0.5,0.8,0.3,0.4,,
TEOWBtr5453,Broadleaf tree,Btr,GF,Btr,GFET,0.01,0.003,0.012,0.009,0.005,0.006,0.03,0.05,0.06,0.04,0.8,0.4,0.7,0.4,1.2,0.1,0.2,0.04,1,0.5,0.8,0.3,0.4,,
TEOWBtr5454,Broadleaf tree,Btr,GF,Btr,GFET,8.273,0.003,0.305,0.229,0.127,0.153,0.03,0.05,0.06,0.04,0.8,0.4,0.7,0.4,1.2,0.1,0.2,0.04,1,0.5,0.8,0.3,0.4,,
TEOWBtr5455,Broadleaf tree,Btr,GF,Btr,GFET,8.52,0.003,0.305,0.229,0.127,0.153,0.03,0.05,0.06,0.04,0.8,0.4,0.7,0.4,1.2,0.1,0.2,0.04,1,0.5,0.8,0.3,0.4,,
TEOWBtr5456,Broadleaf tree,Btr,GF,Btr,GFET,7.106,0.003,0.305,0.229,0.127,0.153,0.03,0.05,0.06,0.04,0.8,0.4,0.7,0.4,1.2,0.1,0.2,0.04,1,0.5,0.8,0.3,0.4,,
TEOWBtr5457,Broadleaf tree,Btr,GF,Btr,GFET,6.652,0.003,0.308,0.231,0.128,0.154,0.03,0.05,0.06,0.04,0.8,0.4,0.7,0.4,1.2,0.1,0.2,0.04,1,0.5,0.8,0.3,0.4,,
TEOWBtr5458,Broadleaf tree,Btr,GF,Btr,GFET,10.881,0.003,0.305,0.229,0.127,0.153,0.03,0.05,0.06,0.04,0.8,0.4,0.7,0.4,1.2,0.1,0.2,0.04,1,0.5,0.8,0.3,0.4,,
TEOWBtr5459,Broadleaf tree,Btr,GF,Btr,GFET,7.507,0.003,0.306,0.23,0.128,0.153,0.03,0.05,0.06,0.04,0.8,0.4,0.7,0.4,1.2,0.1,0.2,0.04,1,0.5,0.8,0.3,0.4,,
TEOWBtr5460,Broadleaf tree,Btr,GF,Btr,GFET,6.712,0.003,0.305,0.228,0.127,0.152,0.03,0.05,0.06,0.04,0.8,0.4,0.7,0.4,1.2,0.1,0.2,0.04,1,0.5,0.8,0.3,0.4,,
TEOWBtr5461,Broadleaf tree,Btr,GF,Btr,GFET,7.061,0.003,0.306,0.229,0.127,0.153,0.03,0.05,0.06,0.04,0.8,0.4,0.7,0.4,1.2,0.1,0.2,0.04,1,0.5,0.8,0.3,0.4,,
TEOWBtr5462,Broadleaf tree,Btr,GF,Btr,GFET,8.169,0.003,0.305,0.229,0.127,0.153,0.03,0.05,0.06,0.04,0.8,0.4,0.7,0.4,1.2,0.1,0.2,0.04,1,0.5,0.8,0.3,0.4,,
TEOWBtr5463,Broadleaf tree,Btr,GF,Btr,GFET,8.287,0.003,0.305,0.229,0.127,0.153,0.03,0.05,0.06,0.04,0.8,0.4,0.7,0.4,1.2,0.1,0.2,0.04,1,0.5,0.8,0.3,0.4,,
TEOWBtr5464,Broadleaf tree,Btr,GF,Btr,GFET,7.192,0.003,0.305,0.229,0.127,0.153,0.03,0.05,0.06,0.04,0.8,0.4,0.7,0.4,1.2,0.1,0.2,0.04,1,0.5,0.8,0.3,0.4,,
TEOWBtr5465,Broadleaf tree,Btr,GF,Btr,GFET,13.291,0.003,0.305,0.229,0.127,0.153,0.03,0.05,0.06,0.04,0.8,0.4,0.7,0.4,1.2,0.1,0.2,0.04,1,0.5,0.8,0.3,0.4,,
TEOWBtr5466,Broadleaf tree,Btr,GF,Btr,GFET,6.672,0.003,0.305,0.229,0.127,0.153,0.03,0.05,0.06,0.04,0.8,0.4,0.7,0.4,1.2,0.1,0.2,0.04,1,0.5,0.8,0.3,0.4,,
TEOWBtr5467,Broadleaf tree,Btr,GF,Btr,GFET,6.503,0.003,0.307,0.23,0.128,0.153,0.03,0.05,0.06,0.04,0.8,0.4,0.7,0.4,1.2,0.1,0.2,0.04,1,0.5,0.8,0.3,0.4,,
TEOWBtr5468,Broadleaf tree,Btr,GF,Btr,GFET,6.904,0.003,0.305,0.229,0.127,0.153,0.03,0.05,0.06,0.04,0.8,0.4,0.7,0.4,1.2,0.1,0.2,0.04,1,0.5,0.8,0.3,0.4,,
TEOWBtr5469,Broadleaf tree,Btr,GF,Btr,GFET,10.125,0.003,0.108,0.081,0.045,0.054,0.03,0.05,0.06,0.04,0.8,0.4,0.7,0.4,1.2,0.1,0.2,0.04,1,0.5,0.8,0.3,0.4,,
TEOWBtr5470,Broadleaf tree,Btr,GF,Btr,GFET,8.077,0.003,0.305,0.229,0.127,0.153,0.03,0.05,0.06,0.04,0.8,0.4,0.7,0.4,1.2,0.1,0.2,0.04,1,0.5,0.8,0.3,0.4,,
TEOWBtr5471,Broadleaf tree,Btr,GF,Btr,GFET,7.495,0.003,0.305,0.229,0.127,0.153,0.03,0.05,0.06,0.04,0.8,0.4,0.7,0.4,1.2,0.1,0.2,0.04,1,0.5,0.8,0.3,0.4,,
TEOWBtr5472,Broadleaf tree,Btr,GF,Btr,GFET,8.329,0.003,0.305,0.229,0.127,0.153,0.03,0.05,0.06,0.04,0.8,0.4,0.7,0.4,1.2,0.1,0.2,0.04,1,0.5,0.8,0.3,0.4,,
TEOWBtr5473,Broadleaf tree,Btr,GF,Btr,GFET,8.165,0.003,0.305,0.229,0.127,0.153,0.03,0.05,0.06,0.04,0.8,0.4,0.7,0.4,1.2,0.1,0.2,0.04,1,0.5,0.8,0.3,0.4,,
TEOWBtr5474,Broadleaf tree,Btr,GF,Btr,GFET,6.428,0.003,0.305,0.229,0.127,0.152,0.03,0.05,0.06,0.04,0.8,0.4,0.7,0.4,1.2,0.1,0.2,0.04,1,0.5,0.8,0.3,0.4,,
TEOWBtr5475,Broadleaf tree,Btr,GF,Btr,GFET,4.658,0.003,0.305,0.229,0.127,0.153,0.03,0.05,0.06,0.04,0.8,0.4,0.7,0.4,1.2,0.1,0.2,0.04,1,0.5,0.8,0.3,0.4,,
TEOWBtr5476,Broadleaf tree,Btr,GF,Btr,GFET,7.969,0.003,0.305,0.229,0.127,0.153,0.03,0.05,0.06,0.04,0.8,0.4,0.7,0.4,1.2,0.1,0.2,0.04,1,0.5,0.8,0.3,0.4,,
TEOWBtr5477,Broadleaf tree,Btr,GF,Btr,GFET,6.772,0.003,0.305,0.229,0.127,0.153,0.03,0.05,0.06,0.04,0.8,0.4,0.7,0.4,1.2,0.1,0.2,0.04,1,0.5,0.8,0.3,0.4,,
TEOWBtr5478,Broadleaf tree,Btr,GF,Btr,GFET,6.533,0.003,0.305,0.229,0.127,0.153,0.03,0.05,0.06,0.04,0.8,0.4,0.7,0.4,1.2,0.1,0.2,0.04,1,0.5,0.8,0.3,0.4,,
TEOWBtr5479,Broadleaf tree,Btr,GF,Btr,GFET,6.095,0.003,0.305,0.229,0.127,0.153,0.03,0.05,0.06,0.04,0.8,0.4,0.7,0.4,1.2,0.1,0.2,0.04,1,0.5,0.8,0.3,0.4,,
TEOWBtr5480,Broadleaf tree,Btr,GF,Btr,GFET,7.149,0.003,0.308,0.231,0.128,0.154,0.03,0.05,0.06,0.04,0.8,0.4,0.7,0.4,1.2,0.1,0.2,0.04,1,0.5,0.8,0.3,0.4,,
TEOWBtr5481,Broadleaf tree,Btr,GF,Btr,GFET,6.461,0.003,0.305,0.229,0.127,0.153,0.03,0.05,0.06,0.04,0.8,0.4,0.7,0.4,1.2,0.1,0.2,0.04,1,0.5,0.8,0.3,0.4,,
TEOWBtr5482,Broadleaf tree,Btr,GF,Btr,GFET,6.215,0.003,0.305,0.229,0.127,0.153,0.03,0.05,0.06,0.04,0.8,0.4,0.7,0.4,1.2,0.1,0.2,0.04,1,0.5,0.8,0.3,0.4,,
TEOWBtr5483,Broadleaf tree,Btr,GF,Btr,GFET,7.304,0.003,0.305,0.229,0.127,0.153,0.03,0.05,0.06,0.04,0.8,0.4,0.7,0.4,1.2,0.1,0.2,0.04,1,0.5,0.8,0.3,0.4,,
TEOWBtr5484,Broadleaf tree,Btr,GF,Btr,GFET,7.754,0.003,0.306,0.229,0.127,0.153,0.03,0.05,0.06,0.04,0.8,0.4,0.7,0.4,1.2,0.1,0.2,0.04,1,0.5,0.8,0.3,0.4,,
TEOWBtr5485,Broadleaf tree,Btr,GF,Btr,GFET,6.105,0.003,0.306,0.229,0.127,0.153,0.03,0.05,0.06,0.04,0.8,0.4,0.7,0.4,1.2,0.1,0.2,0.04,1,0.5,0.8,0.3,0.4,,
TEOWBtr5486,Broadleaf tree,Btr,GF,Btr,GFET,8.143,0.003,0.305,0.229,0.127,0.153,0.03,0.05,0.06,0.04,0.8,0.4,0.7,0.4,1.2,0.1,0.2,0.04,1,0.5,0.8,0.3,0.4,,
TEOWBtr5487,Broadleaf tree,Btr,GF,Btr,GFET,8.095,0.003,0.305,0.229,0.127,0.153,0.03,0.05,0.06,0.04,0.8,0.4,0.7,0.4,1.2,0.1,0.2,0.04,1,0.5,0.8,0.3,0.4,,
TEOWBtr5488,Broadleaf tree,Btr,GF,Btr,GFET,7.67,0.003,0.305,0.229,0.127,0.153,0.03,0.05,0.06,0.04,0.8,0.4,0.7,0.4,1.2,0.1,0.2,0.04,1,0.5,0.8,0.3,0.4,,
TEOWBtr5489,Broadleaf tree,Btr,GF,Btr,GFET,4.612,0.003,0.305,0.229,0.127,0.153,0.03,0.05,0.06,0.04,0.8,0.4,0.7,0.4,1.2,0.1,0.2,0.04,1,0.5,0.8,0.3,0.4,,
TEOWBtr5490,Broadleaf tree,Btr,GF,Btr,GFET,7.698,0.003,0.305,0.229,0.127,0.153,0.03,0.05,0.06,0.04,0.8,0.4,0.7,0.4,1.2,0.1,0.2,0.04,1,0.5,0.8,0.3,0.4,,
TEOWBtr5491,Broadleaf tree,Btr,GF,Btr,GFET,6.694,0.003,0.306,0.229,0.127,0.153,0.03,0.05,0.06,0.04,0.8,0.4,0.7,0.4,1.2,0.1,0.2,0.04,1,0.5,0.8,0.3,0.4,,
TEOWBtr5492,Broadleaf tree,Btr,GF,Btr,GFET,6.843,0.003,0.306,0.229,0.127,0.153,0.03,0.05,0.06,0.04,0.8,0.4,0.7,0.4,1.2,0.1,0.2,0.04,1,0.5,0.8,0.3,0.4,,
TEOWBtr5493,Broadleaf tree,Btr,GF,Btr,GFET,8.477,0.003,0.305,0.229,0.127,0.153,0.03,0.05,0.06,0.04,0.8,0.4,0.7,0.4,1.2,0.1,0.2,0.04,1,0.5,0.8,0.3,0.4,,
TEOWBtr5494,Broadleaf tree,Btr,GF,Btr,GFET,9.373,0.003,0.343,0.258,0.143,0.172,0.03,0.05,0.06,0.04,0.8,0.4,0.7,0.4,1.2,0.1,0.2,0.04,1,0.5,0.8,0.3,0.4,,
TEOWBtr5495,Broadleaf tree,Btr,GF,Btr,GFET,8.163,0.003,0.312,0.234,0.13,0.156,0.03,0.05,0.06,0.04,0.8,0.4,0.7,0.4,1.2,0.1,0.2,0.04,1,0.5,0.8,0.3,0.4,,
TEOWBtr5496,Broadleaf tree,Btr,GF,Btr,GFET,16.967,0.003,0.204,0.153,0.085,0.102,0.03,0.05,0.06,0.04,0.8,0.4,0.7,0.4,1.2,0.1,0.2,0.04,1,0.5,0.8,0.3,0.4,,
TEOWBtr5497,Broadleaf tree,Btr,GF,Btr,GFET,7.017,0.003,0.305,0.229,0.127,0.153,0.03,0.05,0.06,0.04,0.8,0.4,0.7,0.4,1.2,0.1,0.2,0.04,1,0.5,0.8,0.3,0.4,,
TEOWBtr5498,Broadleaf tree,Btr,GF,Btr,GFET,5.164,0.003,0.305,0.229,0.127,0.153,0.03,0.05,0.06,0.04,0.8,0.4,0.7,0.4,1.2,0.1,0.2,0.04,1,0.5,0.8,0.3,0.4,,
TEOWBtr5499,Broadleaf tree,Btr,GF,Btr,GFET,7.94,0.003,0.305,0.229,0.127,0.153,0.03,0.05,0.06,0.04,0.8,0.4,0.7,0.4,1.2,0.1,0.2,0.04,1,0.5,0.8,0.3,0.4,,
TEOWBtr5500,Broadleaf tree,Btr,GF,Btr,GFET,7.191,0.003,0.305,0.229,0.127,0.153,0.03,0.05,0.06,0.04,0.8,0.4,0.7,0.4,1.2,0.1,0.2,0.04,1,0.5,0.8,0.3,0.4,,
TEOWBtr5501,Broadleaf tree,Btr,GF,Btr,GFET,7.078,0.003,0.305,0.229,0.127,0.153,0.03,0.05,0.06,0.04,0.8,0.4,0.7,0.4,1.2,0.1,0.2,0.04,1,0.5,0.8,0.3,0.4,,
TEOWBtr5502,Broadleaf tree,Btr,GF,Btr,GFET,0.01,0.003,0.012,0.009,0.005,0.006,0.03,0.05,0.06,0.04,0.8,0.4,0.7,0.4,1.2,0.1,0.2,0.04,1,0.5,0.8,0.3,0.4,,
TEOWBtr5503,Broadleaf tree,Btr,GF,Btr,GFET,10.854,0.003,0.305,0.229,0.127,0.153,0.03,0.05,0.06,0.04,0.8,0.4,0.7,0.4,1.2,0.1,0.2,0.04,1,0.5,0.8,0.3,0.4,,
TEOWBtr5504,Broadleaf tree,Btr,GF,Btr,GFET,10.925,0.003,0.305,0.229,0.127,0.153,0.03,0.05,0.06,0.04,0.8,0.4,0.7,0.4,1.2,0.1,0.2,0.04,1,0.5,0.8,0.3,0.4,,
TEOWBtr5505,Broadleaf tree,Btr,GF,Btr,GFET,6.119,0.003,0.305,0.229,0.127,0.153,0.03,0.05,0.06,0.04,0.8,0.4,0.7,0.4,1.2,0.1,0.2,0.04,1,0.5,0.8,0.3,0.4,,
TEOWBtr5506,Broadleaf tree,Btr,GF,Btr,GFET,6.581,0.003,0.305,0.229,0.127,0.153,0.03,0.05,0.06,0.04,0.8,0.4,0.7,0.4,1.2,0.1,0.2,0.04,1,0.5,0.8,0.3,0.4,,
TEOWBtr5507,Broadleaf tree,Btr,GF,Btr,GFET,7.853,0.003,0.306,0.229,0.127,0.153,0.03,0.05,0.06,0.04,0.8,0.4,0.7,0.4,1.2,0.1,0.2,0.04,1,0.5,0.8,0.3,0.4,,
TEOWBtr5508,Broadleaf tree,Btr,GF,Btr,GFET,5.845,0.003,0.305,0.229,0.127,0.153,0.03,0.05,0.06,0.04,0.8,0.4,0.7,0.4,1.2,0.1,0.2,0.04,1,0.5,0.8,0.3,0.4,,
TEOWBtr5509,Broadleaf tree,Btr,GF,Btr,GFET,6.587,0.003,0.305,0.229,0.127,0.153,0.03,0.05,0.06,0.04,0.8,0.4,0.7,0.4,1.2,0.1,0.2,0.04,1,0.5,0.8,0.3,0.4,,
TEOWBtr5510,Broadleaf tree,Btr,GF,Btr,GFET,7.288,0.003,0.305,0.229,0.127,0.153,0.03,0.05,0.06,0.04,0.8,0.4,0.7,0.4,1.2,0.1,0.2,0.04,1,0.5,0.8,0.3,0.4,,
TEOWBtr5511,Broadleaf tree,Btr,GF,Btr,GFET,7.71,0.003,0.305,0.229,0.127,0.153,0.03,0.05,0.06,0.04,0.8,0.4,0.7,0.4,1.2,0.1,0.2,0.04,1,0.5,0.8,0.3,0.4,,
TEOWBtr5512,Broadleaf tree,Btr,GF,Btr,GFET,12.324,0.003,0.306,0.229,0.127,0.153,0.03,0.05,0.06,0.04,0.8,0.4,0.7,0.4,1.2,0.1,0.2,0.04,1,0.5,0.8,0.3,0.4,,
TEOWBtr5513,Broadleaf tree,Btr,GF,Btr,GFET,12.768,0.003,0.305,0.229,0.127,0.153,0.03,0.05,0.06,0.04,0.8,0.4,0.7,0.4,1.2,0.1,0.2,0.04,1,0.5,0.8,0.3,0.4,,
TEOWBtr5514,Broadleaf tree,Btr,GF,Btr,GFET,7.771,0.003,0.305,0.229,0.127,0.153,0.03,0.05,0.06,0.04,0.8,0.4,0.7,0.4,1.2,0.1,0.2,0.04,1,0.5,0.8,0.3,0.4,,
TEOWBtr5515,Broadleaf tree,Btr,GF,Btr,GFET,13.045,0.003,0.306,0.229,0.127,0.153,0.03,0.05,0.06,0.04,0.8,0.4,0.7,0.4,1.2,0.1,0.2,0.04,1,0.5,0.8,0.3,0.4,,
TEOWBtr5516,Broadleaf tree,Btr,GF,Btr,GFET,11.624,0.003,0.305,0.229,0.127,0.153,0.03,0.05,0.06,0.04,0.8,0.4,0.7,0.4,1.2,0.1,0.2,0.04,1,0.5,0.8,0.3,0.4,,
TEOWBtr5517,Broadleaf tree,Btr,GF,Btr,GFET,15.35,0.003,0.305,0.229,0.127,0.153,0.03,0.05,0.06,0.04,0.8,0.4,0.7,0.4,1.2,0.1,0.2,0.04,1,0.5,0.8,0.3,0.4,,
TEOWBtr5518,Broadleaf tree,Btr,GF,Btr,GFET,10.285,0.003,0.305,0.229,0.127,0.153,0.03,0.05,0.06,0.04,0.8,0.4,0.7,0.4,1.2,0.1,0.2,0.04,1,0.5,0.8,0.3,0.4,,
TEOWBtr5519,Broadleaf tree,Btr,GF,Btr,GFET,4.385,0.003,0.305,0.229,0.127,0.153,0.03,0.05,0.06,0.04,0.8,0.4,0.7,0.4,1.2,0.1,0.2,0.04,1,0.5,0.8,0.3,0.4,,
TEOWBtr5520,Broadleaf tree,Btr,GF,Btr,GFET,10.472,0.003,0.307,0.23,0.128,0.153,0.03,0.05,0.06,0.04,0.8,0.4,0.7,0.4,1.2,0.1,0.2,0.04,1,0.5,0.8,0.3,0.4,,
TEOWBtr5521,Broadleaf tree,Btr,GF,Btr,GFET,13.698,0.003,0.309,0.231,0.129,0.154,0.03,0.05,0.06,0.04,0.8,0.4,0.7,0.4,1.2,0.1,0.2,0.04,1,0.5,0.8,0.3,0.4,,
TEOWBtr5522,Broadleaf tree,Btr,GF,Btr,GFET,10.696,0.003,0.306,0.23,0.128,0.153,0.03,0.05,0.06,0.04,0.8,0.4,0.7,0.4,1.2,0.1,0.2,0.04,1,0.5,0.8,0.3,0.4,,
TEOWBtr5523,Broadleaf tree,Btr,GF,Btr,GFET,16.304,0.003,0.306,0.23,0.128,0.153,0.03,0.05,0.06,0.04,0.8,0.4,0.7,0.4,1.2,0.1,0.2,0.04,1,0.5,0.8,0.3,0.4,,
TEOWBtr5524,Broadleaf tree,Btr,GF,Btr,GFET,7.903,0.003,0.306,0.229,0.127,0.153,0.03,0.05,0.06,0.04,0.8,0.4,0.7,0.4,1.2,0.1,0.2,0.04,1,0.5,0.8,0.3,0.4,,
TEOWBtr5525,Broadleaf tree,Btr,GF,Btr,GFET,9.728,0.003,0.305,0.229,0.127,0.153,0.03,0.05,0.06,0.04,0.8,0.4,0.7,0.4,1.2,0.1,0.2,0.04,1,0.5,0.8,0.3,0.4,,
TEOWBtr5526,Broadleaf tree,Btr,GF,Btr,GFET,11.75,0.003,0.307,0.23,0.128,0.154,0.03,0.05,0.06,0.04,0.8,0.4,0.7,0.4,1.2,0.1,0.2,0.04,1,0.5,0.8,0.3,0.4,,
TEOWBtr5527,Broadleaf tree,Btr,GF,Btr,GFET,11.272,0.003,0.305,0.229,0.127,0.153,0.03,0.05,0.06,0.04,0.8,0.4,0.7,0.4,1.2,0.1,0.2,0.04,1,0.5,0.8,0.3,0.4,,
TEOWBtr5528,Broadleaf tree,Btr,GF,Btr,GFET,12.036,0.003,0.306,0.229,0.127,0.153,0.03,0.05,0.06,0.04,0.8,0.4,0.7,0.4,1.2,0.1,0.2,0.04,1,0.5,0.8,0.3,0.4,,
TEOWBtr5529,Broadleaf tree,Btr,GF,Btr,GFET,9.419,0.003,0.306,0.23,0.128,0.153,0.03,0.05,0.06,0.04,0.8,0.4,0.7,0.4,1.2,0.1,0.2,0.04,1,0.5,0.8,0.3,0.4,,
TEOWBtr5530,Broadleaf tree,Btr,GF,Btr,GFET,13.195,0.003,0.306,0.229,0.127,0.153,0.03,0.05,0.06,0.04,0.8,0.4,0.7,0.4,1.2,0.1,0.2,0.04,1,0.5,0.8,0.3,0.4,,
TEOWBtr5531,Broadleaf tree,Btr,GF,Btr,GFET,12.181,0.003,0.305,0.229,0.127,0.153,0.03,0.05,0.06,0.04,0.8,0.4,0.7,0.4,1.2,0.1,0.2,0.04,1,0.5,0.8,0.3,0.4,,
TEOWBtr5532,Broadleaf tree,Btr,GF,Btr,GFET,8.608,0.003,0.305,0.229,0.127,0.153,0.03,0.05,0.06,0.04,0.8,0.4,0.7,0.4,1.2,0.1,0.2,0.04,1,0.5,0.8,0.3,0.4,,
TEOWBtr5533,Broadleaf tree,Btr,GF,Btr,GFET,10.116,0.003,0.305,0.229,0.127,0.153,0.03,0.05,0.06,0.04,0.8,0.4,0.7,0.4,1.2,0.1,0.2,0.04,1,0.5,0.8,0.3,0.4,,
TEOWBtr5534,Broadleaf tree,Btr,GF,Btr,GFET,11.739,0.003,0.305,0.229,0.127,0.153,0.03,0.05,0.06,0.04,0.8,0.4,0.7,0.4,1.2,0.1,0.2,0.04,1,0.5,0.8,0.3,0.4,,
TEOWBtr5535,Broadleaf tree,Btr,GF,Btr,GFET,8.933,0.003,0.305,0.229,0.127,0.153,0.03,0.05,0.06,0.04,0.8,0.4,0.7,0.4,1.2,0.1,0.2,0.04,1,0.5,0.8,0.3,0.4,,
TEOWBtr5536,Broadleaf tree,Btr,GF,Btr,GFET,7.983,0.003,0.306,0.229,0.127,0.153,0.03,0.05,0.06,0.04,0.8,0.4,0.7,0.4,1.2,0.1,0.2,0.04,1,0.5,0.8,0.3,0.4,,
TEOWBtr5537,Broadleaf tree,Btr,GF,Btr,GFET,8.459,0.003,0.307,0.23,0.128,0.153,0.03,0.05,0.06,0.04,0.8,0.4,0.7,0.4,1.2,0.1,0.2,0.04,1,0.5,0.8,0.3,0.4,,
TEOWBtr5538,Broadleaf tree,Btr,GF,Btr,GFET,15.491,0.003,0.305,0.229,0.127,0.153,0.03,0.05,0.06,0.04,0.8,0.4,0.7,0.4,1.2,0.1,0.2,0.04,1,0.5,0.8,0.3,0.4,,
TEOWBtr5539,Broadleaf tree,Btr,GF,Btr,GFET,12.146,0.003,0.306,0.23,0.128,0.153,0.03,0.05,0.06,0.04,0.8,0.4,0.7,0.4,1.2,0.1,0.2,0.04,1,0.5,0.8,0.3,0.4,,
TEOWBtr5540,Broadleaf tree,Btr,GF,Btr,GFET,9.3,0.003,0.305,0.229,0.127,0.153,0.03,0.05,0.06,0.04,0.8,0.4,0.7,0.4,1.2,0.1,0.2,0.04,1,0.5,0.8,0.3,0.4,,
TEOWBtr5541,Broadleaf tree,Btr,GF,Btr,GFET,11.378,0.003,0.306,0.229,0.127,0.153,0.03,0.05,0.06,0.04,0.8,0.4,0.7,0.4,1.2,0.1,0.2,0.04,1,0.5,0.8,0.3,0.4,,
TEOWBtr5542,Broadleaf tree,Btr,GF,Btr,GFET,12.703,0.003,0.305,0.229,0.127,0.153,0.03,0.05,0.06,0.04,0.8,0.4,0.7,0.4,1.2,0.1,0.2,0.04,1,0.5,0.8,0.3,0.4,,
TEOWBtr5543,Broadleaf tree,Btr,GF,Btr,GFET,11.592,0.003,0.305,0.229,0.127,0.153,0.03,0.05,0.06,0.04,0.8,0.4,0.7,0.4,1.2,0.1,0.2,0.04,1,0.5,0.8,0.3,0.4,,
TEOWBtr5544,Broadleaf tree,Btr,GF,Btr,GFET,9.475,0.003,0.308,0.231,0.128,0.154,0.03,0.05,0.06,0.04,0.8,0.4,0.7,0.4,1.2,0.1,0.2,0.04,1,0.5,0.8,0.3,0.4,,
TEOWBtr5545,Broadleaf tree,Btr,GF,Btr,GFET,11.841,0.003,0.305,0.229,0.127,0.153,0.03,0.05,0.06,0.04,0.8,0.4,0.7,0.4,1.2,0.1,0.2,0.04,1,0.5,0.8,0.3,0.4,,
TEOWBtr5546,Broadleaf tree,Btr,GF,Btr,GFET,13.47,0.003,0.306,0.229,0.127,0.153,0.03,0.05,0.06,0.04,0.8,0.4,0.7,0.4,1.2,0.1,0.2,0.04,1,0.5,0.8,0.3,0.4,,
TEOWBtr5547,Broadleaf tree,Btr,GF,Btr,GFET,7.364,0.003,0.305,0.229,0.127,0.153,0.03,0.05,0.06,0.04,0.8,0.4,0.7,0.4,1.2,0.1,0.2,0.04,1,0.5,0.8,0.3,0.4,,
TEOWBtr5548,Broadleaf tree,Btr,GF,Btr,GFET,13.537,0.003,0.305,0.229,0.127,0.153,0.03,0.05,0.06,0.04,0.8,0.4,0.7,0.4,1.2,0.1,0.2,0.04,1,0.5,0.8,0.3,0.4,,
TEOWBtr5549,Broadleaf tree,Btr,GF,Btr,GFET,25.436,0.003,0.1,0.075,0.042,0.05,0.03,0.05,0.06,0.04,0.8,0.4,0.7,0.4,1.2,0.1,0.2,0.04,1,0.5,0.8,0.3,0.4,,
TEOWBtr5550,Broadleaf tree,Btr,GF,Btr,GFET,11.67,0.003,0.307,0.23,0.128,0.153,0.03,0.05,0.06,0.04,0.8,0.4,0.7,0.4,1.2,0.1,0.2,0.04,1,0.5,0.8,0.3,0.4,,
TEOWBtr5551,Broadleaf tree,Btr,GF,Btr,GFET,12.932,0.003,0.306,0.23,0.128,0.153,0.03,0.05,0.06,0.04,0.8,0.4,0.7,0.4,1.2,0.1,0.2,0.04,1,0.5,0.8,0.3,0.4,,
TEOWBtr5552,Broadleaf tree,Btr,GF,Btr,GFET,12.541,0.003,0.305,0.229,0.127,0.153,0.03,0.05,0.06,0.04,0.8,0.4,0.7,0.4,1.2,0.1,0.2,0.04,1,0.5,0.8,0.3,0.4,,
TEOWBtr5553,Broadleaf tree,Btr,GF,Btr,GFET,27.283,0.003,0.1,0.075,0.042,0.05,0.03,0.05,0.06,0.04,0.8,0.4,0.7,0.4,1.2,0.1,0.2,0.04,1,0.5,0.8,0.3,0.4,,
TEOWBtr5554,Broadleaf tree,Btr,GF,Btr,GFET,26.929,0.003,0.1,0.075,0.042,0.05,0.03,0.05,0.06,0.04,0.8,0.4,0.7,0.4,1.2,0.1,0.2,0.04,1,0.5,0.8,0.3,0.4,,
TEOWBtr5555,Broadleaf tree,Btr,GF,Btr,GFET,23.158,0.003,0.1,0.075,0.042,0.05,0.03,0.05,0.06,0.04,0.8,0.4,0.7,0.4,1.2,0.1,0.2,0.04,1,0.5,0.8,0.3,0.4,,
TEOWBtr5556,Broadleaf tree,Btr,GF,Btr,GFET,24.083,0.003,0.1,0.075,0.042,0.05,0.03,0.05,0.06,0.04,0.8,0.4,0.7,0.4,1.2,0.1,0.2,0.04,1,0.5,0.8,0.3,0.4,,
TEOWBtr5557,Broadleaf tree,Btr,GF,Btr,GFET,8.598,0.003,0.305,0.229,0.127,0.153,0.03,0.05,0.06,0.04,0.8,0.4,0.7,0.4,1.2,0.1,0.2,0.04,1,0.5,0.8,0.3,0.4,,
TEOWBtr5558,Broadleaf tree,Btr,GF,Btr,GFET,11.416,0.003,0.305,0.229,0.127,0.153,0.03,0.05,0.06,0.04,0.8,0.4,0.7,0.4,1.2,0.1,0.2,0.04,1,0.5,0.8,0.3,0.4,,
TEOWBtr5559,Broadleaf tree,Btr,GF,Btr,GFET,0.01,0.003,0.012,0.009,0.005,0.006,0.03,0.05,0.06,0.04,0.8,0.4,0.7,0.4,1.2,0.1,0.2,0.04,1,0.5,0.8,0.3,0.4,,
TEOWBtr5560,Broadleaf tree,Btr,GF,Btr,GFET,15.804,0.003,0.305,0.229,0.127,0.153,0.03,0.05,0.06,0.04,0.8,0.4,0.7,0.4,1.2,0.1,0.2,0.04,1,0.5,0.8,0.3,0.4,,
TEOWBtr5561,Broadleaf tree,Btr,GF,Btr,GFET,14.378,0.003,0.305,0.229,0.127,0.153,0.03,0.05,0.06,0.04,0.8,0.4,0.7,0.4,1.2,0.1,0.2,0.04,1,0.5,0.8,0.3,0.4,,
TEOWBtr5562,Broadleaf tree,Btr,GF,Btr,GFET,13.24,0.003,0.305,0.229,0.127,0.153,0.03,0.05,0.06,0.04,0.8,0.4,0.7,0.4,1.2,0.1,0.2,0.04,1,0.5,0.8,0.3,0.4,,
TEOWBtr5563,Broadleaf tree,Btr,GF,Btr,GFET,13.391,0.003,0.305,0.229,0.127,0.152,0.03,0.05,0.06,0.04,0.8,0.4,0.7,0.4,1.2,0.1,0.2,0.04,1,0.5,0.8,0.3,0.4,,
TEOWBtr5564,Broadleaf tree,Btr,GF,Btr,GFET,12.111,0.003,0.308,0.231,0.128,0.154,0.03,0.05,0.06,0.04,0.8,0.4,0.7,0.4,1.2,0.1,0.2,0.04,1,0.5,0.8,0.3,0.4,,
TEOWBtr5565,Broadleaf tree,Btr,GF,Btr,GFET,0.01,0.003,0.012,0.009,0.005,0.006,0.03,0.05,0.06,0.04,0.8,0.4,0.7,0.4,1.2,0.1,0.2,0.04,1,0.5,0.8,0.3,0.4,,
TEOWBtr5566,Broadleaf tree,Btr,GF,Btr,GFET,14.791,0.003,0.298,0.224,0.124,0.149,0.03,0.05,0.06,0.04,0.8,0.4,0.7,0.4,1.2,0.1,0.2,0.04,1,0.5,0.8,0.3,0.4,,
TEOWBtr5567,Broadleaf tree,Btr,GF,Btr,GFET,11.177,0.003,0.305,0.229,0.127,0.153,0.03,0.05,0.06,0.04,0.8,0.4,0.7,0.4,1.2,0.1,0.2,0.04,1,0.5,0.8,0.3,0.4,,
TEOWBtr5568,Broadleaf tree,Btr,GF,Btr,GFET,13.312,0.003,0.304,0.228,0.127,0.152,0.03,0.05,0.06,0.04,0.8,0.4,0.7,0.4,1.2,0.1,0.2,0.04,1,0.5,0.8,0.3,0.4,,
TEOWBtr5569,Broadleaf tree,Btr,GF,Btr,GFET,11.284,0.003,0.305,0.229,0.127,0.153,0.03,0.05,0.06,0.04,0.8,0.4,0.7,0.4,1.2,0.1,0.2,0.04,1,0.5,0.8,0.3,0.4,,
TEOWBtr5570,Broadleaf tree,Btr,GF,Btr,GFET,11.116,0.003,0.306,0.229,0.127,0.153,0.03,0.05,0.06,0.04,0.8,0.4,0.7,0.4,1.2,0.1,0.2,0.04,1,0.5,0.8,0.3,0.4,,
TEOWBtr5571,Broadleaf tree,Btr,GF,Btr,GFET,11.079,0.003,0.305,0.229,0.127,0.153,0.03,0.05,0.06,0.04,0.8,0.4,0.7,0.4,1.2,0.1,0.2,0.04,1,0.5,0.8,0.3,0.4,,
TEOWBtr5572,Broadleaf tree,Btr,GF,Btr,GFET,15.788,0.003,0.303,0.227,0.126,0.151,0.03,0.05,0.06,0.04,0.8,0.4,0.7,0.4,1.2,0.1,0.2,0.04,1,0.5,0.8,0.3,0.4,,
TEOWBtr5573,Broadleaf tree,Btr,GF,Btr,GFET,13.182,0.003,0.306,0.229,0.127,0.153,0.03,0.05,0.06,0.04,0.8,0.4,0.7,0.4,1.2,0.1,0.2,0.04,1,0.5,0.8,0.3,0.4,,
TEOWBtr5574,Broadleaf tree,Btr,GF,Btr,GFET,13.268,0.003,0.305,0.229,0.127,0.153,0.03,0.05,0.06,0.04,0.8,0.4,0.7,0.4,1.2,0.1,0.2,0.04,1,0.5,0.8,0.3,0.4,,
TEOWBtr5575,Broadleaf tree,Btr,GF,Btr,GFET,16.08,0.003,0.303,0.228,0.126,0.152,0.03,0.05,0.06,0.04,0.8,0.4,0.7,0.4,1.2,0.1,0.2,0.04,1,0.5,0.8,0.3,0.4,,
TEOWBtr5576,Broadleaf tree,Btr,GF,Btr,GFET,14.326,0.003,0.311,0.233,0.13,0.155,0.03,0.05,0.06,0.04,0.8,0.4,0.7,0.4,1.2,0.1,0.2,0.04,1,0.5,0.8,0.3,0.4,,
TEOWBtr5577,Broadleaf tree,Btr,GF,Btr,GFET,10.663,0.003,0.305,0.229,0.127,0.153,0.03,0.05,0.06,0.04,0.8,0.4,0.7,0.4,1.2,0.1,0.2,0.04,1,0.5,0.8,0.3,0.4,,
TEOWBtr5578,Broadleaf tree,Btr,GF,Btr,GFET,10.558,0.003,0.305,0.229,0.127,0.153,0.03,0.05,0.06,0.04,0.8,0.4,0.7,0.4,1.2,0.1,0.2,0.04,1,0.5,0.8,0.3,0.4,,
TEOWBtr5579,Broadleaf tree,Btr,GF,Btr,GFET,12.487,0.003,0.306,0.229,0.127,0.153,0.03,0.05,0.06,0.04,0.8,0.4,0.7,0.4,1.2,0.1,0.2,0.04,1,0.5,0.8,0.3,0.4,,
TEOWBtr5580,Broadleaf tree,Btr,GF,Btr,GFET,9.771,0.003,0.272,0.204,0.113,0.136,0.03,0.05,0.06,0.04,0.8,0.4,0.7,0.4,1.2,0.1,0.2,0.04,1,0.5,0.8,0.3,0.4,,
TEOWBtr5581,Broadleaf tree,Btr,GF,Btr,GFET,10.152,0.003,0.305,0.229,0.127,0.153,0.03,0.05,0.06,0.04,0.8,0.4,0.7,0.4,1.2,0.1,0.2,0.04,1,0.5,0.8,0.3,0.4,,
TEOWBtr5582,Broadleaf tree,Btr,GF,Btr,GFET,13.007,0.003,0.305,0.229,0.127,0.153,0.03,0.05,0.06,0.04,0.8,0.4,0.7,0.4,1.2,0.1,0.2,0.04,1,0.5,0.8,0.3,0.4,,
TEOWBtr5583,Broadleaf tree,Btr,GF,Btr,GFET,14.053,0.003,0.306,0.229,0.127,0.153,0.03,0.05,0.06,0.04,0.8,0.4,0.7,0.4,1.2,0.1,0.2,0.04,1,0.5,0.8,0.3,0.4,,
TEOWBtr5584,Broadleaf tree,Btr,GF,Btr,GFET,13.518,0.003,0.305,0.229,0.127,0.153,0.03,0.05,0.06,0.04,0.8,0.4,0.7,0.4,1.2,0.1,0.2,0.04,1,0.5,0.8,0.3,0.4,,
TEOWBtr5585,Broadleaf tree,Btr,GF,Btr,GFET,12.405,0.003,0.305,0.229,0.127,0.152,0.03,0.05,0.06,0.04,0.8,0.4,0.7,0.4,1.2,0.1,0.2,0.04,1,0.5,0.8,0.3,0.4,,
TEOWBtr5586,Broadleaf tree,Btr,GF,Btr,GFET,16.745,0.003,0.302,0.227,0.126,0.151,0.03,0.05,0.06,0.04,0.8,0.4,0.7,0.4,1.2,0.1,0.2,0.04,1,0.5,0.8,0.3,0.4,,
TEOWBtr5587,Broadleaf tree,Btr,GF,Btr,GFET,15.988,0.003,0.305,0.229,0.127,0.153,0.03,0.05,0.06,0.04,0.8,0.4,0.7,0.4,1.2,0.1,0.2,0.04,1,0.5,0.8,0.3,0.4,,
TEOWBtr5588,Broadleaf tree,Btr,GF,Btr,GFET,14.462,0.003,0.305,0.229,0.127,0.153,0.03,0.05,0.06,0.04,0.8,0.4,0.7,0.4,1.2,0.1,0.2,0.04,1,0.5,0.8,0.3,0.4,,
TEOWBtr5589,Broadleaf tree,Btr,GF,Btr,GFET,12.005,0.003,0.305,0.229,0.127,0.153,0.03,0.05,0.06,0.04,0.8,0.4,0.7,0.4,1.2,0.1,0.2,0.04,1,0.5,0.8,0.3,0.4,,
TEOWBtr5590,Broadleaf tree,Btr,GF,Btr,GFET,11.017,0.003,0.305,0.229,0.127,0.153,0.03,0.05,0.06,0.04,0.8,0.4,0.7,0.4,1.2,0.1,0.2,0.04,1,0.5,0.8,0.3,0.4,,
TEOWBtr5591,Broadleaf tree,Btr,GF,Btr,GFET,11.146,0.003,0.305,0.229,0.127,0.153,0.03,0.05,0.06,0.04,0.8,0.4,0.7,0.4,1.2,0.1,0.2,0.04,1,0.5,0.8,0.3,0.4,,
TEOWBtr5592,Broadleaf tree,Btr,GF,Btr,GFET,11.022,0.003,0.305,0.229,0.127,0.153,0.03,0.05,0.06,0.04,0.8,0.4,0.7,0.4,1.2,0.1,0.2,0.04,1,0.5,0.8,0.3,0.4,,
TEOWBtr5593,Broadleaf tree,Btr,GF,Btr,GFET,16.211,0.003,0.304,0.228,0.127,0.152,0.03,0.05,0.06,0.04,0.8,0.4,0.7,0.4,1.2,0.1,0.2,0.04,1,0.5,0.8,0.3,0.4,,
TEOWBtr5594,Broadleaf tree,Btr,GF,Btr,GFET,14.654,0.003,0.305,0.229,0.127,0.153,0.03,0.05,0.06,0.04,0.8,0.4,0.7,0.4,1.2,0.1,0.2,0.04,1,0.5,0.8,0.3,0.4,,
TEOWBtr5595,Broadleaf tree,Btr,GF,Btr,GFET,14.739,0.003,0.306,0.23,0.128,0.153,0.03,0.05,0.06,0.04,0.8,0.4,0.7,0.4,1.2,0.1,0.2,0.04,1,0.5,0.8,0.3,0.4,,
TEOWBtr5596,Broadleaf tree,Btr,GF,Btr,GFET,13.32,0.003,0.306,0.229,0.127,0.153,0.03,0.05,0.06,0.04,0.8,0.4,0.7,0.4,1.2,0.1,0.2,0.04,1,0.5,0.8,0.3,0.4,,
TEOWBtr5597,Broadleaf tree,Btr,GF,Btr,GFET,13.458,0.003,0.305,0.229,0.127,0.153,0.03,0.05,0.06,0.04,0.8,0.4,0.7,0.4,1.2,0.1,0.2,0.04,1,0.5,0.8,0.3,0.4,,
TEOWBtr5598,Broadleaf tree,Btr,GF,Btr,GFET,16.597,0.003,0.305,0.229,0.127,0.153,0.03,0.05,0.06,0.04,0.8,0.4,0.7,0.4,1.2,0.1,0.2,0.04,1,0.5,0.8,0.3,0.4,,
TEOWBtr5599,Broadleaf tree,Btr,GF,Btr,GFET,12.486,0.003,0.307,0.23,0.128,0.153,0.03,0.05,0.06,0.04,0.8,0.4,0.7,0.4,1.2,0.1,0.2,0.04,1,0.5,0.8,0.3,0.4,,
TEOWBtr5600,Broadleaf tree,Btr,GF,Btr,GFET,10.59,0.003,0.307,0.23,0.128,0.153,0.03,0.05,0.06,0.04,0.8,0.4,0.7,0.4,1.2,0.1,0.2,0.04,1,0.5,0.8,0.3,0.4,,
TEOWBtr5601,Broadleaf tree,Btr,GF,Btr,GFET,0.01,0.003,0.012,0.009,0.005,0.006,0.03,0.05,0.06,0.04,0.8,0.4,0.7,0.4,1.2,0.1,0.2,0.04,1,0.5,0.8,0.3,0.4,,
TEOWBtr5602,Broadleaf tree,Btr,GF,Btr,GFET,11.824,0.003,0.306,0.23,0.128,0.153,0.03,0.05,0.06,0.04,0.8,0.4,0.7,0.4,1.2,0.1,0.2,0.04,1,0.5,0.8,0.3,0.4,,
TEOWBtr5603,Broadleaf tree,Btr,GF,Btr,GFET,11.066,0.003,0.306,0.229,0.127,0.153,0.03,0.05,0.06,0.04,0.8,0.4,0.7,0.4,1.2,0.1,0.2,0.04,1,0.5,0.8,0.3,0.4,,
TEOWBtr5604,Broadleaf tree,Btr,GF,Btr,GFET,11.706,0.003,0.305,0.229,0.127,0.153,0.03,0.05,0.06,0.04,0.8,0.4,0.7,0.4,1.2,0.1,0.2,0.04,1,0.5,0.8,0.3,0.4,,
TEOWBtr5605,Broadleaf tree,Btr,GF,Btr,GFET,0.01,0.003,0.012,0.009,0.005,0.006,0.03,0.05,0.06,0.04,0.8,0.4,0.7,0.4,1.2,0.1,0.2,0.04,1,0.5,0.8,0.3,0.4,,
TEOWBtr5606,Broadleaf tree,Btr,GF,Btr,GFET,12.469,0.003,0.305,0.229,0.127,0.153,0.03,0.05,0.06,0.04,0.8,0.4,0.7,0.4,1.2,0.1,0.2,0.04,1,0.5,0.8,0.3,0.4,,
TEOWBtr5607,Broadleaf tree,Btr,GF,Btr,GFET,14.712,0.003,0.305,0.229,0.127,0.153,0.03,0.05,0.06,0.04,0.8,0.4,0.7,0.4,1.2,0.1,0.2,0.04,1,0.5,0.8,0.3,0.4,,
TEOWBtr5608,Broadleaf tree,Btr,GF,Btr,GFET,16.208,0.003,0.305,0.229,0.127,0.153,0.03,0.05,0.06,0.04,0.8,0.4,0.7,0.4,1.2,0.1,0.2,0.04,1,0.5,0.8,0.3,0.4,,
TEOWBtr5609,Broadleaf tree,Btr,GF,Btr,GFET,14.897,0.003,0.306,0.229,0.127,0.153,0.03,0.05,0.06,0.04,0.8,0.4,0.7,0.4,1.2,0.1,0.2,0.04,1,0.5,0.8,0.3,0.4,,
TEOWBtr5610,Broadleaf tree,Btr,GF,Btr,GFET,14.358,0.003,0.306,0.229,0.127,0.153,0.03,0.05,0.06,0.04,0.8,0.4,0.7,0.4,1.2,0.1,0.2,0.04,1,0.5,0.8,0.3,0.4,,
TEOWBtr5611,Broadleaf tree,Btr,GF,Btr,GFET,11.173,0.003,0.305,0.229,0.127,0.153,0.03,0.05,0.06,0.04,0.8,0.4,0.7,0.4,1.2,0.1,0.2,0.04,1,0.5,0.8,0.3,0.4,,
TEOWBtr5612,Broadleaf tree,Btr,GF,Btr,GFET,0.01,0.003,0.012,0.009,0.005,0.006,0.03,0.05,0.06,0.04,0.8,0.4,0.7,0.4,1.2,0.1,0.2,0.04,1,0.5,0.8,0.3,0.4,,
TEOWBtr5613,Broadleaf tree,Btr,GF,Btr,GFET,0.003,0.003,0.011,0.009,0.005,0.006,0.03,0.05,0.06,0.04,0.8,0.4,0.7,0.4,1.2,0.1,0.2,0.04,1,0.5,0.8,0.3,0.4,,
TEOWBtr5614,Broadleaf tree,Btr,GF,Btr,GFET,0.003,0.003,0.011,0.009,0.005,0.006,0.03,0.05,0.06,0.04,0.8,0.4,0.7,0.4,1.2,0.1,0.2,0.04,1,0.5,0.8,0.3,0.4,,
TEOWBtr5615,Broadleaf tree,Btr,GF,Btr,GFET,0.003,0.003,0.011,0.009,0.005,0.006,0.03,0.05,0.06,0.04,0.8,0.4,0.7,0.4,1.2,0.1,0.2,0.04,1,0.5,0.8,0.3,0.4,,
TEOWBtr5616,Broadleaf tree,Btr,GF,Btr,GFET,0.003,0.003,0.011,0.008,0.005,0.006,0.03,0.05,0.06,0.04,0.8,0.4,0.7,0.4,1.2,0.1,0.2,0.04,1,0.5,0.8,0.3,0.4,,
TEOWBtr5617,Broadleaf tree,Btr,GF,Btr,GFET,0.003,0.003,0.011,0.009,0.005,0.006,0.03,0.05,0.06,0.04,0.8,0.4,0.7,0.4,1.2,0.1,0.2,0.04,1,0.5,0.8,0.3,0.4,,
TEOWBtr5618,Broadleaf tree,Btr,GF,Btr,GFET,0.003,0.003,0.011,0.009,0.005,0.006,0.03,0.05,0.06,0.04,0.8,0.4,0.7,0.4,1.2,0.1,0.2,0.04,1,0.5,0.8,0.3,0.4,,
TEOWBtr5619,Broadleaf tree,Btr,GF,Btr,GFET,0.003,0.003,0.011,0.009,0.005,0.006,0.03,0.05,0.06,0.04,0.8,0.4,0.7,0.4,1.2,0.1,0.2,0.04,1,0.5,0.8,0.3,0.4,,
TEOWBtr5620,Broadleaf tree,Btr,GF,Btr,GFET,0.003,0.003,0.011,0.009,0.005,0.006,0.03,0.05,0.06,0.04,0.8,0.4,0.7,0.4,1.2,0.1,0.2,0.04,1,0.5,0.8,0.3,0.4,,
TEOWBtr5621,Broadleaf tree,Btr,GF,Btr,GFET,0.003,0.003,0.011,0.009,0.005,0.006,0.03,0.05,0.06,0.04,0.8,0.4,0.7,0.4,1.2,0.1,0.2,0.04,1,0.5,0.8,0.3,0.4,,
TEOWBtr5622,Broadleaf tree,Btr,GF,Btr,GFET,0.003,0.003,0.011,0.009,0.005,0.006,0.03,0.05,0.06,0.04,0.8,0.4,0.7,0.4,1.2,0.1,0.2,0.04,1,0.5,0.8,0.3,0.4,,
TEOWBtr5623,Broadleaf tree,Btr,GF,Btr,GFET,0.003,0.003,0.011,0.009,0.005,0.006,0.03,0.05,0.06,0.04,0.8,0.4,0.7,0.4,1.2,0.1,0.2,0.04,1,0.5,0.8,0.3,0.4,,
TEOWBtr5624,Broadleaf tree,Btr,GF,Btr,GFET,0.003,0.003,0.011,0.009,0.005,0.006,0.03,0.05,0.06,0.04,0.8,0.4,0.7,0.4,1.2,0.1,0.2,0.04,1,0.5,0.8,0.3,0.4,,
TEOWBtr5625,Broadleaf tree,Btr,GF,Btr,GFET,0.003,0.003,0.011,0.009,0.005,0.006,0.03,0.05,0.06,0.04,0.8,0.4,0.7,0.4,1.2,0.1,0.2,0.04,1,0.5,0.8,0.3,0.4,,
TEOWBtr5626,Broadleaf tree,Btr,GF,Btr,GFET,0.003,0.003,0.011,0.009,0.005,0.006,0.03,0.05,0.06,0.04,0.8,0.4,0.7,0.4,1.2,0.1,0.2,0.04,1,0.5,0.8,0.3,0.4,,
TEOWBtr5627,Broadleaf tree,Btr,GF,Btr,GFET,0.003,0.003,0.011,0.009,0.005,0.006,0.03,0.05,0.06,0.04,0.8,0.4,0.7,0.4,1.2,0.1,0.2,0.04,1,0.5,0.8,0.3,0.4,,
TEOWBtr5628,Broadleaf tree,Btr,GF,Btr,GFET,0.003,0.003,0.011,0.009,0.005,0.006,0.03,0.05,0.06,0.04,0.8,0.4,0.7,0.4,1.2,0.1,0.2,0.04,1,0.5,0.8,0.3,0.4,,
TEOWBtr5629,Broadleaf tree,Btr,GF,Btr,GFET,0.003,0.003,0.011,0.009,0.005,0.006,0.03,0.05,0.06,0.04,0.8,0.4,0.7,0.4,1.2,0.1,0.2,0.04,1,0.5,0.8,0.3,0.4,,
TEOWBtr5630,Broadleaf tree,Btr,GF,Btr,GFET,0.003,0.003,0.011,0.009,0.005,0.006,0.03,0.05,0.06,0.04,0.8,0.4,0.7,0.4,1.2,0.1,0.2,0.04,1,0.5,0.8,0.3,0.4,,
TEOWBtr5631,Broadleaf tree,Btr,GF,Btr,GFET,0.003,0.003,0.011,0.009,0.005,0.006,0.03,0.05,0.06,0.04,0.8,0.4,0.7,0.4,1.2,0.1,0.2,0.04,1,0.5,0.8,0.3,0.4,,
TEOWBtr5632,Broadleaf tree,Btr,GF,Btr,GFET,0.003,0.003,0.011,0.009,0.005,0.006,0.03,0.05,0.06,0.04,0.8,0.4,0.7,0.4,1.2,0.1,0.2,0.04,1,0.5,0.8,0.3,0.4,,
TEOWBtr5633,Broadleaf tree,Btr,GF,Btr,GFET,0.003,0.003,0.011,0.009,0.005,0.006,0.03,0.05,0.06,0.04,0.8,0.4,0.7,0.4,1.2,0.1,0.2,0.04,1,0.5,0.8,0.3,0.4,,
TEOWBtr5634,Broadleaf tree,Btr,GF,Btr,GFET,0.003,0.003,0.011,0.009,0.005,0.006,0.03,0.05,0.06,0.04,0.8,0.4,0.7,0.4,1.2,0.1,0.2,0.04,1,0.5,0.8,0.3,0.4,,
TEOWBtr5635,Broadleaf tree,Btr,GF,Btr,GFET,0.003,0.003,0.011,0.009,0.005,0.006,0.03,0.05,0.06,0.04,0.8,0.4,0.7,0.4,1.2,0.1,0.2,0.04,1,0.5,0.8,0.3,0.4,,
TEOWBtr5636,Broadleaf tree,Btr,GF,Btr,GFET,0.003,0.003,0.011,0.009,0.005,0.006,0.03,0.05,0.06,0.04,0.8,0.4,0.7,0.4,1.2,0.1,0.2,0.04,1,0.5,0.8,0.3,0.4,,
TEOWBtr5637,Broadleaf tree,Btr,GF,Btr,GFET,0.003,0.003,0.011,0.009,0.005,0.006,0.03,0.05,0.06,0.04,0.8,0.4,0.7,0.4,1.2,0.1,0.2,0.04,1,0.5,0.8,0.3,0.4,,
TEOWBtr5638,Broadleaf tree,Btr,GF,Btr,GFET,0.003,0.003,0.011,0.009,0.005,0.006,0.03,0.05,0.06,0.04,0.8,0.4,0.7,0.4,1.2,0.1,0.2,0.04,1,0.5,0.8,0.3,0.4,,
TEOWBtr5639,Broadleaf tree,Btr,GF,Btr,GFET,0.003,0.003,0.011,0.009,0.005,0.006,0.03,0.05,0.06,0.04,0.8,0.4,0.7,0.4,1.2,0.1,0.2,0.04,1,0.5,0.8,0.3,0.4,,
TEOWBtr5640,Broadleaf tree,Btr,GF,Btr,GFET,0.003,0.003,0.011,0.009,0.005,0.006,0.03,0.05,0.06,0.04,0.8,0.4,0.7,0.4,1.2,0.1,0.2,0.04,1,0.5,0.8,0.3,0.4,,
TEOWBtr5641,Broadleaf tree,Btr,GF,Btr,GFET,0.003,0.003,0.011,0.009,0.005,0.006,0.03,0.05,0.06,0.04,0.8,0.4,0.7,0.4,1.2,0.1,0.2,0.04,1,0.5,0.8,0.3,0.4,,
TEOWBtr5642,Broadleaf tree,Btr,GF,Btr,GFET,0.003,0.003,0.011,0.009,0.005,0.006,0.03,0.05,0.06,0.04,0.8,0.4,0.7,0.4,1.2,0.1,0.2,0.04,1,0.5,0.8,0.3,0.4,,
TEOWBtr5643,Broadleaf tree,Btr,GF,Btr,GFET,0.003,0.003,0.011,0.009,0.005,0.006,0.03,0.05,0.06,0.04,0.8,0.4,0.7,0.4,1.2,0.1,0.2,0.04,1,0.5,0.8,0.3,0.4,,
TEOWBtr5644,Broadleaf tree,Btr,GF,Btr,GFET,0.003,0.003,0.011,0.009,0.005,0.006,0.03,0.05,0.06,0.04,0.8,0.4,0.7,0.4,1.2,0.1,0.2,0.04,1,0.5,0.8,0.3,0.4,,
TEOWBtr5645,Broadleaf tree,Btr,GF,Btr,GFET,0.003,0.003,0.011,0.008,0.005,0.006,0.03,0.05,0.06,0.04,0.8,0.4,0.7,0.4,1.2,0.1,0.2,0.04,1,0.5,0.8,0.3,0.4,,
TEOWBtr5646,Broadleaf tree,Btr,GF,Btr,GFET,0.003,0.003,0.011,0.009,0.005,0.006,0.03,0.05,0.06,0.04,0.8,0.4,0.7,0.4,1.2,0.1,0.2,0.04,1,0.5,0.8,0.3,0.4,,
TEOWBtr5647,Broadleaf tree,Btr,GF,Btr,GFET,0.003,0.003,0.011,0.009,0.005,0.006,0.03,0.05,0.06,0.04,0.8,0.4,0.7,0.4,1.2,0.1,0.2,0.04,1,0.5,0.8,0.3,0.4,,
TEOWBtr5648,Broadleaf tree,Btr,GF,Btr,GFET,0.003,0.003,0.011,0.009,0.005,0.006,0.03,0.05,0.06,0.04,0.8,0.4,0.7,0.4,1.2,0.1,0.2,0.04,1,0.5,0.8,0.3,0.4,,
TEOWBtr5649,Broadleaf tree,Btr,GF,Btr,GFET,0.003,0.003,0.011,0.009,0.005,0.006,0.03,0.05,0.06,0.04,0.8,0.4,0.7,0.4,1.2,0.1,0.2,0.04,1,0.5,0.8,0.3,0.4,,
TEOWBtr5650,Broadleaf tree,Btr,GF,Btr,GFET,3.877,0.003,0.305,0.229,0.127,0.153,0.03,0.05,0.06,0.04,0.8,0.4,0.7,0.4,1.2,0.1,0.2,0.04,1,0.5,0.8,0.3,0.4,,
TEOWBtr5651,Broadleaf tree,Btr,GF,Btr,GFET,0.01,0.003,0.012,0.009,0.005,0.006,0.03,0.05,0.06,0.04,0.8,0.4,0.7,0.4,1.2,0.1,0.2,0.04,1,0.5,0.8,0.3,0.4,,
TEOWBtr5652,Broadleaf tree,Btr,GF,Btr,GFET,0.01,0.003,0.012,0.009,0.005,0.006,0.03,0.05,0.06,0.04,0.8,0.4,0.7,0.4,1.2,0.1,0.2,0.04,1,0.5,0.8,0.3,0.4,,
TEOWBtr5653,Broadleaf tree,Btr,GF,Btr,GFET,0.01,0.003,0.012,0.009,0.005,0.006,0.03,0.05,0.06,0.04,0.8,0.4,0.7,0.4,1.2,0.1,0.2,0.04,1,0.5,0.8,0.3,0.4,,
TEOWBtr5654,Broadleaf tree,Btr,GF,Btr,GFET,4.222,0.003,0.305,0.229,0.127,0.153,0.03,0.05,0.06,0.04,0.8,0.4,0.7,0.4,1.2,0.1,0.2,0.04,1,0.5,0.8,0.3,0.4,,
TEOWBtr5655,Broadleaf tree,Btr,GF,Btr,GFET,3.699,0.003,0.305,0.229,0.127,0.153,0.03,0.05,0.06,0.04,0.8,0.4,0.7,0.4,1.2,0.1,0.2,0.04,1,0.5,0.8,0.3,0.4,,
TEOWBtr5656,Broadleaf tree,Btr,GF,Btr,GFET,0.01,0.003,0.012,0.009,0.005,0.006,0.03,0.05,0.06,0.04,0.8,0.4,0.7,0.4,1.2,0.1,0.2,0.04,1,0.5,0.8,0.3,0.4,,
TEOWBtr5657,Broadleaf tree,Btr,GF,Btr,GFET,0.01,0.003,0.012,0.009,0.005,0.006,0.03,0.05,0.06,0.04,0.8,0.4,0.7,0.4,1.2,0.1,0.2,0.04,1,0.5,0.8,0.3,0.4,,
TEOWBtr5658,Broadleaf tree,Btr,GF,Btr,GFET,0.01,0.003,0.012,0.009,0.005,0.006,0.03,0.05,0.06,0.04,0.8,0.4,0.7,0.4,1.2,0.1,0.2,0.04,1,0.5,0.8,0.3,0.4,,
TEOWBtr5659,Broadleaf tree,Btr,GF,Btr,GFET,10.567,0.003,0.305,0.229,0.127,0.153,0.03,0.05,0.06,0.04,0.8,0.4,0.7,0.4,1.2,0.1,0.2,0.04,1,0.5,0.8,0.3,0.4,,
TEOWBtr5660,Broadleaf tree,Btr,GF,Btr,GFET,0.01,0.003,0.012,0.009,0.005,0.006,0.03,0.05,0.06,0.04,0.8,0.4,0.7,0.4,1.2,0.1,0.2,0.04,1,0.5,0.8,0.3,0.4,,
TEOWBtr5661,Broadleaf tree,Btr,GF,Btr,GFET,0.01,0.003,0.012,0.009,0.005,0.006,0.03,0.05,0.06,0.04,0.8,0.4,0.7,0.4,1.2,0.1,0.2,0.04,1,0.5,0.8,0.3,0.4,,
TEOWBtr5662,Broadleaf tree,Btr,GF,Btr,GFET,0.01,0.003,0.012,0.009,0.005,0.006,0.03,0.05,0.06,0.04,0.8,0.4,0.7,0.4,1.2,0.1,0.2,0.04,1,0.5,0.8,0.3,0.4,,
TEOWBtr5663,Broadleaf tree,Btr,GF,Btr,GFET,0.01,0.003,0.012,0.009,0.005,0.006,0.03,0.05,0.06,0.04,0.8,0.4,0.7,0.4,1.2,0.1,0.2,0.04,1,0.5,0.8,0.3,0.4,,
TEOWBtr5664,Broadleaf tree,Btr,GF,Btr,GFET,0.01,0.003,0.012,0.009,0.005,0.006,0.03,0.05,0.06,0.04,0.8,0.4,0.7,0.4,1.2,0.1,0.2,0.04,1,0.5,0.8,0.3,0.4,,
TEOWBtr5665,Broadleaf tree,Btr,GF,Btr,GFET,0.01,0.003,0.012,0.009,0.005,0.006,0.03,0.05,0.06,0.04,0.8,0.4,0.7,0.4,1.2,0.1,0.2,0.04,1,0.5,0.8,0.3,0.4,,
TEOWBtr5666,Broadleaf tree,Btr,GF,Btr,GFET,0.01,0.003,0.012,0.009,0.005,0.006,0.03,0.05,0.06,0.04,0.8,0.4,0.7,0.4,1.2,0.1,0.2,0.04,1,0.5,0.8,0.3,0.4,,
TEOWBtr5667,Broadleaf tree,Btr,GF,Btr,GFET,7.465,0.003,0.305,0.229,0.127,0.153,0.03,0.05,0.06,0.04,0.8,0.4,0.7,0.4,1.2,0.1,0.2,0.04,1,0.5,0.8,0.3,0.4,,
TEOWBtr5668,Broadleaf tree,Btr,GF,Btr,GFET,8.965,0.003,0.305,0.229,0.127,0.153,0.03,0.05,0.06,0.04,0.8,0.4,0.7,0.4,1.2,0.1,0.2,0.04,1,0.5,0.8,0.3,0.4,,
TEOWBtr5669,Broadleaf tree,Btr,GF,Btr,GFET,8.546,0.003,0.305,0.229,0.127,0.153,0.03,0.05,0.06,0.04,0.8,0.4,0.7,0.4,1.2,0.1,0.2,0.04,1,0.5,0.8,0.3,0.4,,
TEOWBtr5670,Broadleaf tree,Btr,GF,Btr,GFET,8.552,0.003,0.305,0.229,0.127,0.153,0.03,0.05,0.06,0.04,0.8,0.4,0.7,0.4,1.2,0.1,0.2,0.04,1,0.5,0.8,0.3,0.4,,
TEOWBtr5671,Broadleaf tree,Btr,GF,Btr,GFET,7.433,0.003,0.305,0.229,0.127,0.153,0.03,0.05,0.06,0.04,0.8,0.4,0.7,0.4,1.2,0.1,0.2,0.04,1,0.5,0.8,0.3,0.4,,
TEOWBtr5672,Broadleaf tree,Btr,GF,Btr,GFET,13.009,0.003,0.305,0.229,0.127,0.153,0.03,0.05,0.06,0.04,0.8,0.4,0.7,0.4,1.2,0.1,0.2,0.04,1,0.5,0.8,0.3,0.4,,
TEOWBtr5673,Broadleaf tree,Btr,GF,Btr,GFET,0.01,0.003,0.012,0.009,0.005,0.006,0.03,0.05,0.06,0.04,0.8,0.4,0.7,0.4,1.2,0.1,0.2,0.04,1,0.5,0.8,0.3,0.4,,
TEOWBtr5674,Broadleaf tree,Btr,GF,Btr,GFET,9.23,0.003,0.229,0.172,0.096,0.115,0.03,0.05,0.06,0.04,0.8,0.4,0.7,0.4,1.2,0.1,0.2,0.04,1,0.5,0.8,0.3,0.4,,
TEOWBtr5675,Broadleaf tree,Btr,GF,Btr,GFET,9.503,0.003,0.242,0.182,0.101,0.121,0.03,0.05,0.06,0.04,0.8,0.4,0.7,0.4,1.2,0.1,0.2,0.04,1,0.5,0.8,0.3,0.4,,
TEOWBtr5676,Broadleaf tree,Btr,GF,Btr,GFET,9.307,0.003,0.312,0.234,0.13,0.156,0.03,0.05,0.06,0.04,0.8,0.4,0.7,0.4,1.2,0.1,0.2,0.04,1,0.5,0.8,0.3,0.4,,
TEOWBtr5677,Broadleaf tree,Btr,GF,Btr,GFET,6.721,0.003,0.325,0.244,0.136,0.163,0.03,0.05,0.06,0.04,0.8,0.4,0.7,0.4,1.2,0.1,0.2,0.04,1,0.5,0.8,0.3,0.4,,
TEOWBtr5678,Broadleaf tree,Btr,GF,Btr,GFET,0.01,0.003,0.012,0.009,0.005,0.006,0.03,0.05,0.06,0.04,0.8,0.4,0.7,0.4,1.2,0.1,0.2,0.04,1,0.5,0.8,0.3,0.4,,
TEOWBtr5679,Broadleaf tree,Btr,GF,Btr,GFET,7.532,0.003,0.371,0.278,0.155,0.185,0.03,0.05,0.06,0.04,0.8,0.4,0.7,0.4,1.2,0.1,0.2,0.04,1,0.5,0.8,0.3,0.4,,
TEOWBtr5680,Broadleaf tree,Btr,GF,Btr,GFET,5.273,0.003,0.333,0.249,0.139,0.166,0.03,0.05,0.06,0.04,0.8,0.4,0.7,0.4,1.2,0.1,0.2,0.04,1,0.5,0.8,0.3,0.4,,
TEOWBtr5681,Broadleaf tree,Btr,GF,Btr,GFET,4.649,0.003,0.365,0.274,0.152,0.182,0.03,0.05,0.06,0.04,0.8,0.4,0.7,0.4,1.2,0.1,0.2,0.04,1,0.5,0.8,0.3,0.4,,
TEOWBtr5682,Broadleaf tree,Btr,GF,Btr,GFET,11.794,0.003,0.307,0.23,0.128,0.154,0.03,0.05,0.06,0.04,0.8,0.4,0.7,0.4,1.2,0.1,0.2,0.04,1,0.5,0.8,0.3,0.4,,
TEOWBtr5683,Broadleaf tree,Btr,GF,Btr,GFET,10.723,0.003,0.176,0.132,0.073,0.088,0.03,0.05,0.06,0.04,0.8,0.4,0.7,0.4,1.2,0.1,0.2,0.04,1,0.5,0.8,0.3,0.4,,
TEOWBtr5684,Broadleaf tree,Btr,GF,Btr,GFET,5.802,0.003,0.282,0.212,0.118,0.141,0.03,0.05,0.06,0.04,0.8,0.4,0.7,0.4,1.2,0.1,0.2,0.04,1,0.5,0.8,0.3,0.4,,
TEOWBtr5685,Broadleaf tree,Btr,GF,Btr,GFET,12.304,0.003,0.193,0.144,0.08,0.096,0.03,0.05,0.06,0.04,0.8,0.4,0.7,0.4,1.2,0.1,0.2,0.04,1,0.5,0.8,0.3,0.4,,
TEOWBtr5686,Broadleaf tree,Btr,GF,Btr,GFET,14.469,0.003,0.167,0.125,0.069,0.083,0.03,0.05,0.06,0.04,0.8,0.4,0.7,0.4,1.2,0.1,0.2,0.04,1,0.5,0.8,0.3,0.4,,
TEOWBtr5687,Broadleaf tree,Btr,GF,Btr,GFET,5.215,0.003,0.33,0.247,0.137,0.165,0.03,0.05,0.06,0.04,0.8,0.4,0.7,0.4,1.2,0.1,0.2,0.04,1,0.5,0.8,0.3,0.4,,
TEOWBtr5688,Broadleaf tree,Btr,GF,Btr,GFET,10.041,0.003,0.306,0.229,0.127,0.153,0.03,0.05,0.06,0.04,0.8,0.4,0.7,0.4,1.2,0.1,0.2,0.04,1,0.5,0.8,0.3,0.4,,
TEOWBtr5689,Broadleaf tree,Btr,GF,Btr,GFET,9.617,0.003,0.101,0.076,0.042,0.05,0.03,0.05,0.06,0.04,0.8,0.4,0.7,0.4,1.2,0.1,0.2,0.04,1,0.5,0.8,0.3,0.4,,
TEOWBtr5690,Broadleaf tree,Btr,GF,Btr,GFET,11.497,0.003,0.204,0.153,0.085,0.102,0.03,0.05,0.06,0.04,0.8,0.4,0.7,0.4,1.2,0.1,0.2,0.04,1,0.5,0.8,0.3,0.4,,
TEOWBtr5691,Broadleaf tree,Btr,GF,Btr,GFET,11.187,0.003,0.288,0.216,0.12,0.144,0.03,0.05,0.06,0.04,0.8,0.4,0.7,0.4,1.2,0.1,0.2,0.04,1,0.5,0.8,0.3,0.4,,
TEOWBtr5692,Broadleaf tree,Btr,GF,Btr,GFET,12.341,0.003,0.086,0.064,0.036,0.043,0.03,0.05,0.06,0.04,0.8,0.4,0.7,0.4,1.2,0.1,0.2,0.04,1,0.5,0.8,0.3,0.4,,
TEOWBtr5693,Broadleaf tree,Btr,GF,Btr,GFET,8.925,0.003,0.341,0.255,0.142,0.17,0.03,0.05,0.06,0.04,0.8,0.4,0.7,0.4,1.2,0.1,0.2,0.04,1,0.5,0.8,0.3,0.4,,
TEOWBtr5694,Broadleaf tree,Btr,GF,Btr,GFET,8.144,0.003,0.248,0.186,0.103,0.124,0.03,0.05,0.06,0.04,0.8,0.4,0.7,0.4,1.2,0.1,0.2,0.04,1,0.5,0.8,0.3,0.4,,
TEOWBtr5695,Broadleaf tree,Btr,GF,Btr,GFET,25.713,0.003,0.13,0.098,0.054,0.065,0.03,0.05,0.06,0.04,0.8,0.4,0.7,0.4,1.2,0.1,0.2,0.04,1,0.5,0.8,0.3,0.4,,
TEOWBtr5696,Broadleaf tree,Btr,GF,Btr,GFET,9.086,0.003,0.299,0.224,0.124,0.149,0.03,0.05,0.06,0.04,0.8,0.4,0.7,0.4,1.2,0.1,0.2,0.04,1,0.5,0.8,0.3,0.4,,
TEOWBtr5697,Broadleaf tree,Btr,GF,Btr,GFET,10.262,0.003,0.331,0.248,0.138,0.166,0.03,0.05,0.06,0.04,0.8,0.4,0.7,0.4,1.2,0.1,0.2,0.04,1,0.5,0.8,0.3,0.4,,
TEOWBtr5698,Broadleaf tree,Btr,GF,Btr,GFET,8.523,0.003,0.305,0.229,0.127,0.153,0.03,0.05,0.06,0.04,0.8,0.4,0.7,0.4,1.2,0.1,0.2,0.04,1,0.5,0.8,0.3,0.4,,
TEOWBtr5699,Broadleaf tree,Btr,GF,Btr,GFET,14.933,0.003,0.165,0.124,0.069,0.083,0.03,0.05,0.06,0.04,0.8,0.4,0.7,0.4,1.2,0.1,0.2,0.04,1,0.5,0.8,0.3,0.4,,
TEOWBtr5700,Broadleaf tree,Btr,GF,Btr,GFET,0.01,0.003,0.012,0.009,0.005,0.006,0.03,0.05,0.06,0.04,0.8,0.4,0.7,0.4,1.2,0.1,0.2,0.04,1,0.5,0.8,0.3,0.4,,
TEOWBtr5701,Broadleaf tree,Btr,GF,Btr,GFET,12.599,0.003,0.186,0.14,0.078,0.093,0.03,0.05,0.06,0.04,0.8,0.4,0.7,0.4,1.2,0.1,0.2,0.04,1,0.5,0.8,0.3,0.4,,
TEOWBtr5702,Broadleaf tree,Btr,GF,Btr,GFET,7.421,0.003,0.305,0.229,0.127,0.153,0.03,0.05,0.06,0.04,0.8,0.4,0.7,0.4,1.2,0.1,0.2,0.04,1,0.5,0.8,0.3,0.4,,
TEOWBtr5703,Broadleaf tree,Btr,GF,Btr,GFET,8.716,0.003,0.305,0.229,0.127,0.153,0.03,0.05,0.06,0.04,0.8,0.4,0.7,0.4,1.2,0.1,0.2,0.04,1,0.5,0.8,0.3,0.4,,
TEOWBtr5704,Broadleaf tree,Btr,GF,Btr,GFET,5.021,0.003,0.296,0.222,0.123,0.148,0.03,0.05,0.06,0.04,0.8,0.4,0.7,0.4,1.2,0.1,0.2,0.04,1,0.5,0.8,0.3,0.4,,
TEOWBtr5705,Broadleaf tree,Btr,GF,Btr,GFET,8.956,0.003,0.089,0.067,0.037,0.045,0.03,0.05,0.06,0.04,0.8,0.4,0.7,0.4,1.2,0.1,0.2,0.04,1,0.5,0.8,0.3,0.4,,
TEOWBtr5706,Broadleaf tree,Btr,GF,Btr,GFET,8.566,0.003,0.341,0.256,0.142,0.171,0.03,0.05,0.06,0.04,0.8,0.4,0.7,0.4,1.2,0.1,0.2,0.04,1,0.5,0.8,0.3,0.4,,
TEOWBtr5707,Broadleaf tree,Btr,GF,Btr,GFET,9.619,0.003,0.326,0.244,0.136,0.163,0.03,0.05,0.06,0.04,0.8,0.4,0.7,0.4,1.2,0.1,0.2,0.04,1,0.5,0.8,0.3,0.4,,
TEOWBtr5708,Broadleaf tree,Btr,GF,Btr,GFET,5.778,0.003,0.319,0.24,0.133,0.16,0.03,0.05,0.06,0.04,0.8,0.4,0.7,0.4,1.2,0.1,0.2,0.04,1,0.5,0.8,0.3,0.4,,
TEOWBtr5709,Broadleaf tree,Btr,GF,Btr,GFET,12.595,0.003,0.164,0.123,0.068,0.082,0.03,0.05,0.06,0.04,0.8,0.4,0.7,0.4,1.2,0.1,0.2,0.04,1,0.5,0.8,0.3,0.4,,
TEOWBtr5710,Broadleaf tree,Btr,GF,Btr,GFET,8.38,0.003,0.334,0.251,0.139,0.167,0.03,0.05,0.06,0.04,0.8,0.4,0.7,0.4,1.2,0.1,0.2,0.04,1,0.5,0.8,0.3,0.4,,
TEOWBtr5711,Broadleaf tree,Btr,GF,Btr,GFET,5.817,0.003,0.158,0.118,0.066,0.079,0.03,0.05,0.06,0.04,0.8,0.4,0.7,0.4,1.2,0.1,0.2,0.04,1,0.5,0.8,0.3,0.4,,
TEOWBtr5712,Broadleaf tree,Btr,GF,Btr,GFET,11.282,0.003,0.204,0.153,0.085,0.102,0.03,0.05,0.06,0.04,0.8,0.4,0.7,0.4,1.2,0.1,0.2,0.04,1,0.5,0.8,0.3,0.4,,
TEOWBtr5713,Broadleaf tree,Btr,GF,Btr,GFET,9.789,0.003,0.185,0.139,0.077,0.093,0.03,0.05,0.06,0.04,0.8,0.4,0.7,0.4,1.2,0.1,0.2,0.04,1,0.5,0.8,0.3,0.4,,
TEOWBtr5714,Broadleaf tree,Btr,GF,Btr,GFET,8.321,0.003,0.305,0.229,0.127,0.153,0.03,0.05,0.06,0.04,0.8,0.4,0.7,0.4,1.2,0.1,0.2,0.04,1,0.5,0.8,0.3,0.4,,
TEOWBtr5715,Broadleaf tree,Btr,GF,Btr,GFET,6.95,0.003,0.305,0.229,0.127,0.153,0.03,0.05,0.06,0.04,0.8,0.4,0.7,0.4,1.2,0.1,0.2,0.04,1,0.5,0.8,0.3,0.4,,
TEOWBtr5716,Broadleaf tree,Btr,GF,Btr,GFET,6.262,0.003,0.305,0.229,0.127,0.153,0.03,0.05,0.06,0.04,0.8,0.4,0.7,0.4,1.2,0.1,0.2,0.04,1,0.5,0.8,0.3,0.4,,
TEOWBtr5717,Broadleaf tree,Btr,GF,Btr,GFET,16.506,0.003,0.323,0.242,0.134,0.161,0.03,0.05,0.06,0.04,0.8,0.4,0.7,0.4,1.2,0.1,0.2,0.04,1,0.5,0.8,0.3,0.4,,
TEOWBtr5718,Broadleaf tree,Btr,GF,Btr,GFET,9.108,0.003,0.299,0.224,0.125,0.15,0.03,0.05,0.06,0.04,0.8,0.4,0.7,0.4,1.2,0.1,0.2,0.04,1,0.5,0.8,0.3,0.4,,
TEOWBtr5719,Broadleaf tree,Btr,GF,Btr,GFET,6.484,0.003,0.3,0.225,0.125,0.15,0.03,0.05,0.06,0.04,0.8,0.4,0.7,0.4,1.2,0.1,0.2,0.04,1,0.5,0.8,0.3,0.4,,
TEOWBtr5720,Broadleaf tree,Btr,GF,Btr,GFET,7.307,0.003,0.342,0.256,0.142,0.171,0.03,0.05,0.06,0.04,0.8,0.4,0.7,0.4,1.2,0.1,0.2,0.04,1,0.5,0.8,0.3,0.4,,
TEOWBtr5721,Broadleaf tree,Btr,GF,Btr,GFET,16.495,0.003,0.121,0.091,0.051,0.061,0.03,0.05,0.06,0.04,0.8,0.4,0.7,0.4,1.2,0.1,0.2,0.04,1,0.5,0.8,0.3,0.4,,
TEOWBtr5722,Broadleaf tree,Btr,GF,Btr,GFET,7.376,0.003,0.349,0.262,0.146,0.175,0.03,0.05,0.06,0.04,0.8,0.4,0.7,0.4,1.2,0.1,0.2,0.04,1,0.5,0.8,0.3,0.4,,
TEOWBtr5723,Broadleaf tree,Btr,GF,Btr,GFET,13.962,0.003,0.186,0.139,0.077,0.093,0.03,0.05,0.06,0.04,0.8,0.4,0.7,0.4,1.2,0.1,0.2,0.04,1,0.5,0.8,0.3,0.4,,
TEOWBtr5724,Broadleaf tree,Btr,GF,Btr,GFET,7.311,0.003,0.298,0.223,0.124,0.149,0.03,0.05,0.06,0.04,0.8,0.4,0.7,0.4,1.2,0.1,0.2,0.04,1,0.5,0.8,0.3,0.4,,
TEOWBtr5725,Broadleaf tree,Btr,GF,Btr,GFET,5.058,0.003,0.421,0.316,0.175,0.211,0.03,0.05,0.06,0.04,0.8,0.4,0.7,0.4,1.2,0.1,0.2,0.04,1,0.5,0.8,0.3,0.4,,
TEOWBtr5726,Broadleaf tree,Btr,GF,Btr,GFET,9.491,0.003,0.185,0.139,0.077,0.093,0.03,0.05,0.06,0.04,0.8,0.4,0.7,0.4,1.2,0.1,0.2,0.04,1,0.5,0.8,0.3,0.4,,
TEOWBtr5727,Broadleaf tree,Btr,GF,Btr,GFET,16.256,0.003,0.306,0.229,0.127,0.153,0.03,0.05,0.06,0.04,0.8,0.4,0.7,0.4,1.2,0.1,0.2,0.04,1,0.5,0.8,0.3,0.4,,
TEOWBtr5728,Broadleaf tree,Btr,GF,Btr,GFET,14.919,0.003,0.306,0.23,0.128,0.153,0.03,0.05,0.06,0.04,0.8,0.4,0.7,0.4,1.2,0.1,0.2,0.04,1,0.5,0.8,0.3,0.4,,
TEOWBtr5729,Broadleaf tree,Btr,GF,Btr,GFET,14.442,0.003,0.308,0.231,0.129,0.154,0.03,0.05,0.06,0.04,0.8,0.4,0.7,0.4,1.2,0.1,0.2,0.04,1,0.5,0.8,0.3,0.4,,
TEOWBtr5730,Broadleaf tree,Btr,GF,Btr,GFET,7.891,0.003,0.305,0.229,0.127,0.153,0.03,0.05,0.06,0.04,0.8,0.4,0.7,0.4,1.2,0.1,0.2,0.04,1,0.5,0.8,0.3,0.4,,
TEOWBtr5731,Broadleaf tree,Btr,GF,Btr,GFET,8.26,0.003,0.305,0.229,0.127,0.153,0.03,0.05,0.06,0.04,0.8,0.4,0.7,0.4,1.2,0.1,0.2,0.04,1,0.5,0.8,0.3,0.4,,
TEOWBtr5732,Broadleaf tree,Btr,GF,Btr,GFET,8.792,0.003,0.305,0.229,0.127,0.153,0.03,0.05,0.06,0.04,0.8,0.4,0.7,0.4,1.2,0.1,0.2,0.04,1,0.5,0.8,0.3,0.4,,
TEOWBtr5733,Broadleaf tree,Btr,GF,Btr,GFET,11.099,0.003,0.305,0.229,0.127,0.153,0.03,0.05,0.06,0.04,0.8,0.4,0.7,0.4,1.2,0.1,0.2,0.04,1,0.5,0.8,0.3,0.4,,
TEOWBtr5734,Broadleaf tree,Btr,GF,Btr,GFET,12.179,0.003,0.306,0.23,0.128,0.153,0.03,0.05,0.06,0.04,0.8,0.4,0.7,0.4,1.2,0.1,0.2,0.04,1,0.5,0.8,0.3,0.4,,
TEOWBtr5735,Broadleaf tree,Btr,GF,Btr,GFET,7.533,0.003,0.305,0.229,0.127,0.153,0.03,0.05,0.06,0.04,0.8,0.4,0.7,0.4,1.2,0.1,0.2,0.04,1,0.5,0.8,0.3,0.4,,
TEOWBtr5736,Broadleaf tree,Btr,GF,Btr,GFET,7.516,0.003,0.338,0.253,0.141,0.169,0.03,0.05,0.06,0.04,0.8,0.4,0.7,0.4,1.2,0.1,0.2,0.04,1,0.5,0.8,0.3,0.4,,
TEOWBtr5737,Broadleaf tree,Btr,GF,Btr,GFET,8.956,0.003,0.305,0.229,0.127,0.153,0.03,0.05,0.06,0.04,0.8,0.4,0.7,0.4,1.2,0.1,0.2,0.04,1,0.5,0.8,0.3,0.4,,
TEOWBtr5738,Broadleaf tree,Btr,GF,Btr,GFET,11.021,0.003,0.305,0.229,0.127,0.153,0.03,0.05,0.06,0.04,0.8,0.4,0.7,0.4,1.2,0.1,0.2,0.04,1,0.5,0.8,0.3,0.4,,
TEOWBtr5739,Broadleaf tree,Btr,GF,Btr,GFET,9.12,0.003,0.182,0.136,0.076,0.091,0.03,0.05,0.06,0.04,0.8,0.4,0.7,0.4,1.2,0.1,0.2,0.04,1,0.5,0.8,0.3,0.4,,
TEOWBtr5740,Broadleaf tree,Btr,GF,Btr,GFET,7.917,0.003,0.185,0.139,0.077,0.093,0.03,0.05,0.06,0.04,0.8,0.4,0.7,0.4,1.2,0.1,0.2,0.04,1,0.5,0.8,0.3,0.4,,
TEOWBtr5741,Broadleaf tree,Btr,GF,Btr,GFET,3.803,0.003,0.139,0.104,0.058,0.069,0.03,0.05,0.06,0.04,0.8,0.4,0.7,0.4,1.2,0.1,0.2,0.04,1,0.5,0.8,0.3,0.4,,
TEOWBtr5742,Broadleaf tree,Btr,GF,Btr,GFET,11.977,0.003,0.307,0.231,0.128,0.154,0.03,0.05,0.06,0.04,0.8,0.4,0.7,0.4,1.2,0.1,0.2,0.04,1,0.5,0.8,0.3,0.4,,
TEOWBtr5743,Broadleaf tree,Btr,GF,Btr,GFET,9.256,0.003,0.185,0.139,0.077,0.093,0.03,0.05,0.06,0.04,0.8,0.4,0.7,0.4,1.2,0.1,0.2,0.04,1,0.5,0.8,0.3,0.4,,
TEOWBtr5744,Broadleaf tree,Btr,GF,Btr,GFET,12.547,0.003,0.305,0.229,0.127,0.153,0.03,0.05,0.06,0.04,0.8,0.4,0.7,0.4,1.2,0.1,0.2,0.04,1,0.5,0.8,0.3,0.4,,
TEOWBtr5745,Broadleaf tree,Btr,GF,Btr,GFET,16.232,0.003,0.185,0.139,0.077,0.093,0.03,0.05,0.06,0.04,0.8,0.4,0.7,0.4,1.2,0.1,0.2,0.04,1,0.5,0.8,0.3,0.4,,
TEOWBtr5746,Broadleaf tree,Btr,GF,Btr,GFET,10.034,0.003,0.185,0.139,0.077,0.093,0.03,0.05,0.06,0.04,0.8,0.4,0.7,0.4,1.2,0.1,0.2,0.04,1,0.5,0.8,0.3,0.4,,
TEOWBtr5747,Broadleaf tree,Btr,GF,Btr,GFET,16.856,0.003,0.168,0.126,0.07,0.084,0.03,0.05,0.06,0.04,0.8,0.4,0.7,0.4,1.2,0.1,0.2,0.04,1,0.5,0.8,0.3,0.4,,
TEOWBtr5748,Broadleaf tree,Btr,GF,Btr,GFET,6.759,0.003,0.185,0.139,0.077,0.093,0.03,0.05,0.06,0.04,0.8,0.4,0.7,0.4,1.2,0.1,0.2,0.04,1,0.5,0.8,0.3,0.4,,
TEOWBtr5749,Broadleaf tree,Btr,GF,Btr,GFET,7.396,0.003,0.185,0.139,0.077,0.093,0.03,0.05,0.06,0.04,0.8,0.4,0.7,0.4,1.2,0.1,0.2,0.04,1,0.5,0.8,0.3,0.4,,
TEOWBtr5750,Broadleaf tree,Btr,GF,Btr,GFET,6.749,0.003,0.183,0.137,0.076,0.091,0.03,0.05,0.06,0.04,0.8,0.4,0.7,0.4,1.2,0.1,0.2,0.04,1,0.5,0.8,0.3,0.4,,
TEOWBtr5751,Broadleaf tree,Btr,GF,Btr,GFET,7.063,0.003,0.185,0.139,0.077,0.093,0.03,0.05,0.06,0.04,0.8,0.4,0.7,0.4,1.2,0.1,0.2,0.04,1,0.5,0.8,0.3,0.4,,
TEOWBtr5752,Broadleaf tree,Btr,GF,Btr,GFET,6.676,0.003,0.185,0.139,0.077,0.093,0.03,0.05,0.06,0.04,0.8,0.4,0.7,0.4,1.2,0.1,0.2,0.04,1,0.5,0.8,0.3,0.4,,
TEOWBtr5753,Broadleaf tree,Btr,GF,Btr,GFET,9.111,0.003,0.168,0.126,0.07,0.084,0.03,0.05,0.06,0.04,0.8,0.4,0.7,0.4,1.2,0.1,0.2,0.04,1,0.5,0.8,0.3,0.4,,
TEOWBtr5754,Broadleaf tree,Btr,GF,Btr,GFET,14.781,0.003,0.317,0.237,0.132,0.158,0.03,0.05,0.06,0.04,0.8,0.4,0.7,0.4,1.2,0.1,0.2,0.04,1,0.5,0.8,0.3,0.4,,
TEOWBtr5755,Broadleaf tree,Btr,GF,Btr,GFET,14.004,0.003,0.305,0.229,0.127,0.153,0.03,0.05,0.06,0.04,0.8,0.4,0.7,0.4,1.2,0.1,0.2,0.04,1,0.5,0.8,0.3,0.4,,
TEOWBtr5756,Broadleaf tree,Btr,GF,Btr,GFET,16.669,0.003,0.305,0.229,0.127,0.153,0.03,0.05,0.06,0.04,0.8,0.4,0.7,0.4,1.2,0.1,0.2,0.04,1,0.5,0.8,0.3,0.4,,
TEOWBtr5757,Broadleaf tree,Btr,GF,Btr,GFET,13.059,0.003,0.186,0.139,0.077,0.093,0.03,0.05,0.06,0.04,0.8,0.4,0.7,0.4,1.2,0.1,0.2,0.04,1,0.5,0.8,0.3,0.4,,
TEOWBtr5758,Broadleaf tree,Btr,GF,Btr,GFET,15.273,0.003,0.304,0.228,0.127,0.152,0.03,0.05,0.06,0.04,0.8,0.4,0.7,0.4,1.2,0.1,0.2,0.04,1,0.5,0.8,0.3,0.4,,
TEOWBtr5759,Broadleaf tree,Btr,GF,Btr,GFET,14.578,0.003,0.301,0.226,0.125,0.15,0.03,0.05,0.06,0.04,0.8,0.4,0.7,0.4,1.2,0.1,0.2,0.04,1,0.5,0.8,0.3,0.4,,
TEOWBtr5760,Broadleaf tree,Btr,GF,Btr,GFET,0.01,0.003,0.012,0.009,0.005,0.006,0.03,0.05,0.06,0.04,0.8,0.4,0.7,0.4,1.2,0.1,0.2,0.04,1,0.5,0.8,0.3,0.4,,
TEOWBtr5761,Broadleaf tree,Btr,GF,Btr,GFET,13.936,0.003,0.298,0.224,0.124,0.149,0.03,0.05,0.06,0.04,0.8,0.4,0.7,0.4,1.2,0.1,0.2,0.04,1,0.5,0.8,0.3,0.4,,
TEOWBtr5762,Broadleaf tree,Btr,GF,Btr,GFET,10.041,0.003,0.193,0.145,0.081,0.097,0.03,0.05,0.06,0.04,0.8,0.4,0.7,0.4,1.2,0.1,0.2,0.04,1,0.5,0.8,0.3,0.4,,
TEOWBtr5763,Broadleaf tree,Btr,GF,Btr,GFET,15.958,0.003,0.186,0.14,0.078,0.093,0.03,0.05,0.06,0.04,0.8,0.4,0.7,0.4,1.2,0.1,0.2,0.04,1,0.5,0.8,0.3,0.4,,
TEOWBtr5764,Broadleaf tree,Btr,GF,Btr,GFET,12.957,0.003,0.312,0.234,0.13,0.156,0.03,0.05,0.06,0.04,0.8,0.4,0.7,0.4,1.2,0.1,0.2,0.04,1,0.5,0.8,0.3,0.4,,
TEOWBtr5765,Broadleaf tree,Btr,GF,Btr,GFET,16.495,0.003,0.312,0.234,0.13,0.156,0.03,0.05,0.06,0.04,0.8,0.4,0.7,0.4,1.2,0.1,0.2,0.04,1,0.5,0.8,0.3,0.4,,
TEOWBtr5766,Broadleaf tree,Btr,GF,Btr,GFET,17.771,0.003,0.169,0.127,0.071,0.085,0.03,0.05,0.06,0.04,0.8,0.4,0.7,0.4,1.2,0.1,0.2,0.04,1,0.5,0.8,0.3,0.4,,
TEOWBtr5767,Broadleaf tree,Btr,GF,Btr,GFET,10.25,0.003,0.306,0.229,0.127,0.153,0.03,0.05,0.06,0.04,0.8,0.4,0.7,0.4,1.2,0.1,0.2,0.04,1,0.5,0.8,0.3,0.4,,
TEOWBtr5768,Broadleaf tree,Btr,GF,Btr,GFET,7.629,0.003,0.186,0.139,0.077,0.093,0.03,0.05,0.06,0.04,0.8,0.4,0.7,0.4,1.2,0.1,0.2,0.04,1,0.5,0.8,0.3,0.4,,
TEOWBtr5769,Broadleaf tree,Btr,GF,Btr,GFET,14.804,0.003,0.186,0.139,0.077,0.093,0.03,0.05,0.06,0.04,0.8,0.4,0.7,0.4,1.2,0.1,0.2,0.04,1,0.5,0.8,0.3,0.4,,
TEOWBtr5770,Broadleaf tree,Btr,GF,Btr,GFET,8.091,0.003,0.2,0.15,0.083,0.1,0.03,0.05,0.06,0.04,0.8,0.4,0.7,0.4,1.2,0.1,0.2,0.04,1,0.5,0.8,0.3,0.4,,
TEOWBtr5771,Broadleaf tree,Btr,GF,Btr,GFET,13.61,0.003,0.308,0.231,0.128,0.154,0.03,0.05,0.06,0.04,0.8,0.4,0.7,0.4,1.2,0.1,0.2,0.04,1,0.5,0.8,0.3,0.4,,
TEOWBtr5772,Broadleaf tree,Btr,GF,Btr,GFET,9.777,0.003,0.187,0.14,0.078,0.093,0.03,0.05,0.06,0.04,0.8,0.4,0.7,0.4,1.2,0.1,0.2,0.04,1,0.5,0.8,0.3,0.4,,
TEOWBtr5773,Broadleaf tree,Btr,GF,Btr,GFET,12.598,0.003,0.311,0.234,0.13,0.156,0.03,0.05,0.06,0.04,0.8,0.4,0.7,0.4,1.2,0.1,0.2,0.04,1,0.5,0.8,0.3,0.4,,
TEOWBtr5774,Broadleaf tree,Btr,GF,Btr,GFET,13.547,0.003,0.306,0.229,0.127,0.153,0.03,0.05,0.06,0.04,0.8,0.4,0.7,0.4,1.2,0.1,0.2,0.04,1,0.5,0.8,0.3,0.4,,
TEOWBtr5775,Broadleaf tree,Btr,GF,Btr,GFET,15.189,0.003,0.309,0.231,0.129,0.154,0.03,0.05,0.06,0.04,0.8,0.4,0.7,0.4,1.2,0.1,0.2,0.04,1,0.5,0.8,0.3,0.4,,
TEOWBtr5776,Broadleaf tree,Btr,GF,Btr,GFET,16.692,0.003,0.306,0.229,0.127,0.153,0.03,0.05,0.06,0.04,0.8,0.4,0.7,0.4,1.2,0.1,0.2,0.04,1,0.5,0.8,0.3,0.4,,
TEOWBtr5777,Broadleaf tree,Btr,GF,Btr,GFET,16.648,0.003,0.306,0.23,0.128,0.153,0.03,0.05,0.06,0.04,0.8,0.4,0.7,0.4,1.2,0.1,0.2,0.04,1,0.5,0.8,0.3,0.4,,
TEOWBtr5778,Broadleaf tree,Btr,GF,Btr,GFET,10.828,0.003,0.186,0.14,0.078,0.093,0.03,0.05,0.06,0.04,0.8,0.4,0.7,0.4,1.2,0.1,0.2,0.04,1,0.5,0.8,0.3,0.4,,
TEOWBtr5779,Broadleaf tree,Btr,GF,Btr,GFET,13.169,0.003,0.312,0.234,0.13,0.156,0.03,0.05,0.06,0.04,0.8,0.4,0.7,0.4,1.2,0.1,0.2,0.04,1,0.5,0.8,0.3,0.4,,
TEOWBtr5780,Broadleaf tree,Btr,GF,Btr,GFET,17.78,0.003,0.186,0.139,0.077,0.093,0.03,0.05,0.06,0.04,0.8,0.4,0.7,0.4,1.2,0.1,0.2,0.04,1,0.5,0.8,0.3,0.4,,
TEOWBtr5781,Broadleaf tree,Btr,GF,Btr,GFET,16.761,0.003,0.307,0.23,0.128,0.153,0.03,0.05,0.06,0.04,0.8,0.4,0.7,0.4,1.2,0.1,0.2,0.04,1,0.5,0.8,0.3,0.4,,
TEOWBtr5782,Broadleaf tree,Btr,GF,Btr,GFET,10.796,0.003,0.305,0.229,0.127,0.153,0.03,0.05,0.06,0.04,0.8,0.4,0.7,0.4,1.2,0.1,0.2,0.04,1,0.5,0.8,0.3,0.4,,
TEOWBtr5783,Broadleaf tree,Btr,GF,Btr,GFET,17.071,0.003,0.306,0.229,0.127,0.153,0.03,0.05,0.06,0.04,0.8,0.4,0.7,0.4,1.2,0.1,0.2,0.04,1,0.5,0.8,0.3,0.4,,
TEOWBtr5784,Broadleaf tree,Btr,GF,Btr,GFET,15.647,0.003,0.305,0.229,0.127,0.153,0.03,0.05,0.06,0.04,0.8,0.4,0.7,0.4,1.2,0.1,0.2,0.04,1,0.5,0.8,0.3,0.4,,
TEOWBtr5785,Broadleaf tree,Btr,GF,Btr,GFET,15.676,0.003,0.306,0.229,0.127,0.153,0.03,0.05,0.06,0.04,0.8,0.4,0.7,0.4,1.2,0.1,0.2,0.04,1,0.5,0.8,0.3,0.4,,
TEOWBtr5786,Broadleaf tree,Btr,GF,Btr,GFET,15.256,0.003,0.305,0.229,0.127,0.153,0.03,0.05,0.06,0.04,0.8,0.4,0.7,0.4,1.2,0.1,0.2,0.04,1,0.5,0.8,0.3,0.4,,
TEOWBtr5787,Broadleaf tree,Btr,GF,Btr,GFET,16.638,0.003,0.31,0.233,0.129,0.155,0.03,0.05,0.06,0.04,0.8,0.4,0.7,0.4,1.2,0.1,0.2,0.04,1,0.5,0.8,0.3,0.4,,
TEOWBtr5788,Broadleaf tree,Btr,GF,Btr,GFET,16.814,0.003,0.306,0.229,0.127,0.153,0.03,0.05,0.06,0.04,0.8,0.4,0.7,0.4,1.2,0.1,0.2,0.04,1,0.5,0.8,0.3,0.4,,
TEOWBtr5789,Broadleaf tree,Btr,GF,Btr,GFET,16.692,0.003,0.306,0.229,0.127,0.153,0.03,0.05,0.06,0.04,0.8,0.4,0.7,0.4,1.2,0.1,0.2,0.04,1,0.5,0.8,0.3,0.4,,
TEOWBtr5790,Broadleaf tree,Btr,GF,Btr,GFET,16.884,0.003,0.306,0.229,0.127,0.153,0.03,0.05,0.06,0.04,0.8,0.4,0.7,0.4,1.2,0.1,0.2,0.04,1,0.5,0.8,0.3,0.4,,
TEOWBtr5791,Broadleaf tree,Btr,GF,Btr,GFET,11.905,0.003,0.305,0.229,0.127,0.153,0.03,0.05,0.06,0.04,0.8,0.4,0.7,0.4,1.2,0.1,0.2,0.04,1,0.5,0.8,0.3,0.4,,
TEOWBtr5792,Broadleaf tree,Btr,GF,Btr,GFET,20.038,0.003,0.164,0.123,0.068,0.082,0.03,0.05,0.06,0.04,0.8,0.4,0.7,0.4,1.2,0.1,0.2,0.04,1,0.5,0.8,0.3,0.4,,
TEOWBtr5793,Broadleaf tree,Btr,GF,Btr,GFET,15.569,0.003,0.311,0.233,0.13,0.156,0.03,0.05,0.06,0.04,0.8,0.4,0.7,0.4,1.2,0.1,0.2,0.04,1,0.5,0.8,0.3,0.4,,
TEOWBtr5794,Broadleaf tree,Btr,GF,Btr,GFET,15.349,0.003,0.306,0.229,0.127,0.153,0.03,0.05,0.06,0.04,0.8,0.4,0.7,0.4,1.2,0.1,0.2,0.04,1,0.5,0.8,0.3,0.4,,
TEOWBtr5795,Broadleaf tree,Btr,GF,Btr,GFET,11.16,0.003,0.185,0.139,0.077,0.093,0.03,0.05,0.06,0.04,0.8,0.4,0.7,0.4,1.2,0.1,0.2,0.04,1,0.5,0.8,0.3,0.4,,
TEOWBtr5796,Broadleaf tree,Btr,GF,Btr,GFET,14.221,0.003,0.181,0.135,0.075,0.09,0.03,0.05,0.06,0.04,0.8,0.4,0.7,0.4,1.2,0.1,0.2,0.04,1,0.5,0.8,0.3,0.4,,
TEOWBtr5797,Broadleaf tree,Btr,GF,Btr,GFET,14.351,0.003,0.31,0.233,0.129,0.155,0.03,0.05,0.06,0.04,0.8,0.4,0.7,0.4,1.2,0.1,0.2,0.04,1,0.5,0.8,0.3,0.4,,
TEOWBtr5798,Broadleaf tree,Btr,GF,Btr,GFET,14.06,0.003,0.31,0.233,0.129,0.155,0.03,0.05,0.06,0.04,0.8,0.4,0.7,0.4,1.2,0.1,0.2,0.04,1,0.5,0.8,0.3,0.4,,
TEOWBtr5799,Broadleaf tree,Btr,GF,Btr,GFET,15.816,0.003,0.306,0.229,0.127,0.153,0.03,0.05,0.06,0.04,0.8,0.4,0.7,0.4,1.2,0.1,0.2,0.04,1,0.5,0.8,0.3,0.4,,
TEOWBtr5800,Broadleaf tree,Btr,GF,Btr,GFET,12.378,0.003,0.306,0.229,0.127,0.153,0.03,0.05,0.06,0.04,0.8,0.4,0.7,0.4,1.2,0.1,0.2,0.04,1,0.5,0.8,0.3,0.4,,
TEOWBtr5801,Broadleaf tree,Btr,GF,Btr,GFET,15.685,0.003,0.306,0.229,0.127,0.153,0.03,0.05,0.06,0.04,0.8,0.4,0.7,0.4,1.2,0.1,0.2,0.04,1,0.5,0.8,0.3,0.4,,
TEOWBtr5802,Broadleaf tree,Btr,GF,Btr,GFET,22.681,0.003,0.185,0.139,0.077,0.093,0.03,0.05,0.06,0.04,0.8,0.4,0.7,0.4,1.2,0.1,0.2,0.04,1,0.5,0.8,0.3,0.4,,
TEOWBtr5803,Broadleaf tree,Btr,GF,Btr,GFET,21.115,0.003,0.185,0.139,0.077,0.093,0.03,0.05,0.06,0.04,0.8,0.4,0.7,0.4,1.2,0.1,0.2,0.04,1,0.5,0.8,0.3,0.4,,
TEOWBtr5804,Broadleaf tree,Btr,GF,Btr,GFET,20.083,0.003,0.185,0.139,0.077,0.093,0.03,0.05,0.06,0.04,0.8,0.4,0.7,0.4,1.2,0.1,0.2,0.04,1,0.5,0.8,0.3,0.4,,
TEOWBtr5805,Broadleaf tree,Btr,GF,Btr,GFET,22.645,0.003,0.185,0.139,0.077,0.093,0.03,0.05,0.06,0.04,0.8,0.4,0.7,0.4,1.2,0.1,0.2,0.04,1,0.5,0.8,0.3,0.4,,
TEOWBtr5806,Broadleaf tree,Btr,GF,Btr,GFET,18.296,0.003,0.185,0.139,0.077,0.093,0.03,0.05,0.06,0.04,0.8,0.4,0.7,0.4,1.2,0.1,0.2,0.04,1,0.5,0.8,0.3,0.4,,
TEOWBtr5807,Broadleaf tree,Btr,GF,Btr,GFET,16.601,0.003,0.179,0.134,0.075,0.09,0.03,0.05,0.06,0.04,0.8,0.4,0.7,0.4,1.2,0.1,0.2,0.04,1,0.5,0.8,0.3,0.4,,
TEOWBtr5808,Broadleaf tree,Btr,GF,Btr,GFET,22.214,0.003,0.185,0.139,0.077,0.093,0.03,0.05,0.06,0.04,0.8,0.4,0.7,0.4,1.2,0.1,0.2,0.04,1,0.5,0.8,0.3,0.4,,
TEOWBtr5809,Broadleaf tree,Btr,GF,Btr,GFET,18.991,0.003,0.185,0.139,0.077,0.093,0.03,0.05,0.06,0.04,0.8,0.4,0.7,0.4,1.2,0.1,0.2,0.04,1,0.5,0.8,0.3,0.4,,
TEOWBtr5810,Broadleaf tree,Btr,GF,Btr,GFET,23.176,0.003,0.185,0.139,0.077,0.093,0.03,0.05,0.06,0.04,0.8,0.4,0.7,0.4,1.2,0.1,0.2,0.04,1,0.5,0.8,0.3,0.4,,
TEOWBtr5811,Broadleaf tree,Btr,GF,Btr,GFET,4.736,0.003,0.14,0.105,0.058,0.07,0.03,0.05,0.06,0.04,0.8,0.4,0.7,0.4,1.2,0.1,0.2,0.04,1,0.5,0.8,0.3,0.4,,
TEOWBtr5812,Broadleaf tree,Btr,GF,Btr,GFET,22.093,0.003,0.185,0.139,0.077,0.093,0.03,0.05,0.06,0.04,0.8,0.4,0.7,0.4,1.2,0.1,0.2,0.04,1,0.5,0.8,0.3,0.4,,
TEOWBtr5813,Broadleaf tree,Btr,GF,Btr,GFET,12.353,0.003,0.185,0.139,0.077,0.093,0.03,0.05,0.06,0.04,0.8,0.4,0.7,0.4,1.2,0.1,0.2,0.04,1,0.5,0.8,0.3,0.4,,
TEOWBtr5814,Broadleaf tree,Btr,GF,Btr,GFET,22.787,0.003,0.185,0.139,0.077,0.093,0.03,0.05,0.06,0.04,0.8,0.4,0.7,0.4,1.2,0.1,0.2,0.04,1,0.5,0.8,0.3,0.4,,
TEOWBtr5815,Broadleaf tree,Btr,GF,Btr,GFET,21.002,0.003,0.185,0.139,0.077,0.093,0.03,0.05,0.06,0.04,0.8,0.4,0.7,0.4,1.2,0.1,0.2,0.04,1,0.5,0.8,0.3,0.4,,
TEOWBtr5816,Broadleaf tree,Btr,GF,Btr,GFET,8.956,0.003,0.371,0.278,0.155,0.185,0.03,0.05,0.06,0.04,0.8,0.4,0.7,0.4,1.2,0.1,0.2,0.04,1,0.5,0.8,0.3,0.4,,
TEOWBtr5817,Broadleaf tree,Btr,GF,Btr,GFET,11.602,0.003,0.306,0.229,0.127,0.153,0.03,0.05,0.06,0.04,0.8,0.4,0.7,0.4,1.2,0.1,0.2,0.04,1,0.5,0.8,0.3,0.4,,
TEOWBtr5818,Broadleaf tree,Btr,GF,Btr,GFET,7.043,0.003,0.325,0.244,0.136,0.163,0.03,0.05,0.06,0.04,0.8,0.4,0.7,0.4,1.2,0.1,0.2,0.04,1,0.5,0.8,0.3,0.4,,
TEOWBtr5819,Broadleaf tree,Btr,GF,Btr,GFET,5.18,0.003,0.314,0.236,0.131,0.157,0.03,0.05,0.06,0.04,0.8,0.4,0.7,0.4,1.2,0.1,0.2,0.04,1,0.5,0.8,0.3,0.4,,
TEOWBtr5820,Broadleaf tree,Btr,GF,Btr,GFET,12.056,0.003,0.329,0.247,0.137,0.164,0.03,0.05,0.06,0.04,0.8,0.4,0.7,0.4,1.2,0.1,0.2,0.04,1,0.5,0.8,0.3,0.4,,
TEOWBtr5821,Broadleaf tree,Btr,GF,Btr,GFET,15.007,0.003,0.305,0.229,0.127,0.153,0.03,0.05,0.06,0.04,0.8,0.4,0.7,0.4,1.2,0.1,0.2,0.04,1,0.5,0.8,0.3,0.4,,
TEOWBtr5822,Broadleaf tree,Btr,GF,Btr,GFET,14.517,0.003,0.309,0.232,0.129,0.154,0.03,0.05,0.06,0.04,0.8,0.4,0.7,0.4,1.2,0.1,0.2,0.04,1,0.5,0.8,0.3,0.4,,
TEOWBtr5823,Broadleaf tree,Btr,GF,Btr,GFET,7.044,0.003,0.326,0.245,0.136,0.163,0.03,0.05,0.06,0.04,0.8,0.4,0.7,0.4,1.2,0.1,0.2,0.04,1,0.5,0.8,0.3,0.4,,
TEOWBtr5824,Broadleaf tree,Btr,GF,Btr,GFET,7.357,0.003,0.34,0.255,0.142,0.17,0.03,0.05,0.06,0.04,0.8,0.4,0.7,0.4,1.2,0.1,0.2,0.04,1,0.5,0.8,0.3,0.4,,
TEOWBtr5825,Broadleaf tree,Btr,GF,Btr,GFET,8.288,0.003,0.338,0.253,0.141,0.169,0.03,0.05,0.06,0.04,0.8,0.4,0.7,0.4,1.2,0.1,0.2,0.04,1,0.5,0.8,0.3,0.4,,
TEOWBtr5826,Broadleaf tree,Btr,GF,Btr,GFET,8.212,0.003,0.325,0.244,0.136,0.163,0.03,0.05,0.06,0.04,0.8,0.4,0.7,0.4,1.2,0.1,0.2,0.04,1,0.5,0.8,0.3,0.4,,
TEOWBtr5827,Broadleaf tree,Btr,GF,Btr,GFET,8.391,0.003,0.327,0.245,0.136,0.164,0.03,0.05,0.06,0.04,0.8,0.4,0.7,0.4,1.2,0.1,0.2,0.04,1,0.5,0.8,0.3,0.4,,
TEOWBtr5828,Broadleaf tree,Btr,GF,Btr,GFET,16.918,0.003,0.314,0.236,0.131,0.157,0.03,0.05,0.06,0.04,0.8,0.4,0.7,0.4,1.2,0.1,0.2,0.04,1,0.5,0.8,0.3,0.4,,
TEOWBtr5829,Broadleaf tree,Btr,GF,Btr,GFET,8.064,0.003,0.327,0.245,0.136,0.164,0.03,0.05,0.06,0.04,0.8,0.4,0.7,0.4,1.2,0.1,0.2,0.04,1,0.5,0.8,0.3,0.4,,
TEOWBtr5830,Broadleaf tree,Btr,GF,Btr,GFET,6.575,0.003,0.319,0.239,0.133,0.159,0.03,0.05,0.06,0.04,0.8,0.4,0.7,0.4,1.2,0.1,0.2,0.04,1,0.5,0.8,0.3,0.4,,
TEOWBtr5831,Broadleaf tree,Btr,GF,Btr,GFET,5.95,0.003,0.372,0.279,0.155,0.186,0.03,0.05,0.06,0.04,0.8,0.4,0.7,0.4,1.2,0.1,0.2,0.04,1,0.5,0.8,0.3,0.4,,
TEOWBtr5832,Broadleaf tree,Btr,GF,Btr,GFET,6.68,0.003,0.348,0.261,0.145,0.174,0.03,0.05,0.06,0.04,0.8,0.4,0.7,0.4,1.2,0.1,0.2,0.04,1,0.5,0.8,0.3,0.4,,
TEOWBtr5833,Broadleaf tree,Btr,GF,Btr,GFET,7.522,0.003,0.326,0.245,0.136,0.163,0.03,0.05,0.06,0.04,0.8,0.4,0.7,0.4,1.2,0.1,0.2,0.04,1,0.5,0.8,0.3,0.4,,
TEOWBtr5834,Broadleaf tree,Btr,GF,Btr,GFET,8.318,0.003,0.326,0.245,0.136,0.163,0.03,0.05,0.06,0.04,0.8,0.4,0.7,0.4,1.2,0.1,0.2,0.04,1,0.5,0.8,0.3,0.4,,
TEOWBtr5835,Broadleaf tree,Btr,GF,Btr,GFET,13.09,0.003,0.306,0.23,0.128,0.153,0.03,0.05,0.06,0.04,0.8,0.4,0.7,0.4,1.2,0.1,0.2,0.04,1,0.5,0.8,0.3,0.4,,
TEOWBtr5836,Broadleaf tree,Btr,GF,Btr,GFET,6.102,0.003,0.452,0.339,0.189,0.226,0.03,0.05,0.06,0.04,0.8,0.4,0.7,0.4,1.2,0.1,0.2,0.04,1,0.5,0.8,0.3,0.4,,
TEOWBtr5837,Broadleaf tree,Btr,GF,Btr,GFET,9.279,0.003,0.328,0.246,0.137,0.164,0.03,0.05,0.06,0.04,0.8,0.4,0.7,0.4,1.2,0.1,0.2,0.04,1,0.5,0.8,0.3,0.4,,
TEOWBtr5838,Broadleaf tree,Btr,GF,Btr,GFET,16.713,0.003,0.306,0.229,0.127,0.153,0.03,0.05,0.06,0.04,0.8,0.4,0.7,0.4,1.2,0.1,0.2,0.04,1,0.5,0.8,0.3,0.4,,
TEOWBtr5839,Broadleaf tree,Btr,GF,Btr,GFET,20.287,0.003,0.168,0.126,0.07,0.084,0.03,0.05,0.06,0.04,0.8,0.4,0.7,0.4,1.2,0.1,0.2,0.04,1,0.5,0.8,0.3,0.4,,
TEOWBtr5840,Broadleaf tree,Btr,GF,Btr,GFET,16.641,0.003,0.308,0.231,0.128,0.154,0.03,0.05,0.06,0.04,0.8,0.4,0.7,0.4,1.2,0.1,0.2,0.04,1,0.5,0.8,0.3,0.4,,
TEOWBtr5841,Broadleaf tree,Btr,GF,Btr,GFET,17.152,0.003,0.289,0.217,0.12,0.144,0.03,0.05,0.06,0.04,0.8,0.4,0.7,0.4,1.2,0.1,0.2,0.04,1,0.5,0.8,0.3,0.4,,
TEOWBtr5842,Broadleaf tree,Btr,GF,Btr,GFET,14.454,0.003,0.308,0.231,0.128,0.154,0.03,0.05,0.06,0.04,0.8,0.4,0.7,0.4,1.2,0.1,0.2,0.04,1,0.5,0.8,0.3,0.4,,
TEOWBtr5843,Broadleaf tree,Btr,GF,Btr,GFET,16.701,0.003,0.33,0.247,0.137,0.165,0.03,0.05,0.06,0.04,0.8,0.4,0.7,0.4,1.2,0.1,0.2,0.04,1,0.5,0.8,0.3,0.4,,
TEOWBtr5844,Broadleaf tree,Btr,GF,Btr,GFET,15.594,0.003,0.323,0.242,0.135,0.162,0.03,0.05,0.06,0.04,0.8,0.4,0.7,0.4,1.2,0.1,0.2,0.04,1,0.5,0.8,0.3,0.4,,
TEOWBtr5845,Broadleaf tree,Btr,GF,Btr,GFET,19.528,0.003,0.185,0.139,0.077,0.093,0.03,0.05,0.06,0.04,0.8,0.4,0.7,0.4,1.2,0.1,0.2,0.04,1,0.5,0.8,0.3,0.4,,
TEOWBtr5846,Broadleaf tree,Btr,GF,Btr,GFET,16.872,0.003,0.306,0.23,0.128,0.153,0.03,0.05,0.06,0.04,0.8,0.4,0.7,0.4,1.2,0.1,0.2,0.04,1,0.5,0.8,0.3,0.4,,
TEOWBtr5847,Broadleaf tree,Btr,GF,Btr,GFET,15.57,0.003,0.309,0.231,0.129,0.154,0.03,0.05,0.06,0.04,0.8,0.4,0.7,0.4,1.2,0.1,0.2,0.04,1,0.5,0.8,0.3,0.4,,
TEOWBtr5848,Broadleaf tree,Btr,GF,Btr,GFET,15.404,0.003,0.314,0.236,0.131,0.157,0.03,0.05,0.06,0.04,0.8,0.4,0.7,0.4,1.2,0.1,0.2,0.04,1,0.5,0.8,0.3,0.4,,
TEOWBtr5849,Broadleaf tree,Btr,GF,Btr,GFET,16.371,0.003,0.331,0.248,0.138,0.165,0.03,0.05,0.06,0.04,0.8,0.4,0.7,0.4,1.2,0.1,0.2,0.04,1,0.5,0.8,0.3,0.4,,
TEOWBtr5850,Broadleaf tree,Btr,GF,Btr,GFET,16.684,0.003,0.307,0.23,0.128,0.153,0.03,0.05,0.06,0.04,0.8,0.4,0.7,0.4,1.2,0.1,0.2,0.04,1,0.5,0.8,0.3,0.4,,
TEOWBtr5851,Broadleaf tree,Btr,GF,Btr,GFET,17.043,0.003,0.303,0.228,0.126,0.152,0.03,0.05,0.06,0.04,0.8,0.4,0.7,0.4,1.2,0.1,0.2,0.04,1,0.5,0.8,0.3,0.4,,
TEOWBtr5852,Broadleaf tree,Btr,GF,Btr,GFET,16.963,0.003,0.304,0.228,0.126,0.152,0.03,0.05,0.06,0.04,0.8,0.4,0.7,0.4,1.2,0.1,0.2,0.04,1,0.5,0.8,0.3,0.4,,
TEOWBtr5853,Broadleaf tree,Btr,GF,Btr,GFET,16.222,0.003,0.185,0.139,0.077,0.093,0.03,0.05,0.06,0.04,0.8,0.4,0.7,0.4,1.2,0.1,0.2,0.04,1,0.5,0.8,0.3,0.4,,
TEOWBtr5854,Broadleaf tree,Btr,GF,Btr,GFET,14.991,0.003,0.299,0.224,0.125,0.15,0.03,0.05,0.06,0.04,0.8,0.4,0.7,0.4,1.2,0.1,0.2,0.04,1,0.5,0.8,0.3,0.4,,
TEOWBtr5855,Broadleaf tree,Btr,GF,Btr,GFET,16.229,0.003,0.305,0.228,0.127,0.152,0.03,0.05,0.06,0.04,0.8,0.4,0.7,0.4,1.2,0.1,0.2,0.04,1,0.5,0.8,0.3,0.4,,
TEOWBtr5856,Broadleaf tree,Btr,GF,Btr,GFET,16.413,0.003,0.294,0.22,0.122,0.147,0.03,0.05,0.06,0.04,0.8,0.4,0.7,0.4,1.2,0.1,0.2,0.04,1,0.5,0.8,0.3,0.4,,
TEOWBtr5857,Broadleaf tree,Btr,GF,Btr,GFET,16.819,0.003,0.311,0.233,0.13,0.156,0.03,0.05,0.06,0.04,0.8,0.4,0.7,0.4,1.2,0.1,0.2,0.04,1,0.5,0.8,0.3,0.4,,
TEOWBtr5858,Broadleaf tree,Btr,GF,Btr,GFET,16.896,0.003,0.33,0.247,0.137,0.165,0.03,0.05,0.06,0.04,0.8,0.4,0.7,0.4,1.2,0.1,0.2,0.04,1,0.5,0.8,0.3,0.4,,
TEOWBtr5859,Broadleaf tree,Btr,GF,Btr,GFET,16.722,0.003,0.311,0.233,0.13,0.156,0.03,0.05,0.06,0.04,0.8,0.4,0.7,0.4,1.2,0.1,0.2,0.04,1,0.5,0.8,0.3,0.4,,
TEOWBtr5860,Broadleaf tree,Btr,GF,Btr,GFET,17.015,0.003,0.306,0.23,0.128,0.153,0.03,0.05,0.06,0.04,0.8,0.4,0.7,0.4,1.2,0.1,0.2,0.04,1,0.5,0.8,0.3,0.4,,
TEOWBtr5861,Broadleaf tree,Btr,GF,Btr,GFET,16.926,0.003,0.306,0.23,0.128,0.153,0.03,0.05,0.06,0.04,0.8,0.4,0.7,0.4,1.2,0.1,0.2,0.04,1,0.5,0.8,0.3,0.4,,
TEOWBtr5862,Broadleaf tree,Btr,GF,Btr,GFET,16.86,0.003,0.305,0.229,0.127,0.153,0.03,0.05,0.06,0.04,0.8,0.4,0.7,0.4,1.2,0.1,0.2,0.04,1,0.5,0.8,0.3,0.4,,
TEOWBtr5863,Broadleaf tree,Btr,GF,Btr,GFET,16.906,0.003,0.307,0.23,0.128,0.153,0.03,0.05,0.06,0.04,0.8,0.4,0.7,0.4,1.2,0.1,0.2,0.04,1,0.5,0.8,0.3,0.4,,
TEOWBtr5864,Broadleaf tree,Btr,GF,Btr,GFET,16.595,0.003,0.322,0.242,0.134,0.161,0.03,0.05,0.06,0.04,0.8,0.4,0.7,0.4,1.2,0.1,0.2,0.04,1,0.5,0.8,0.3,0.4,,
TEOWBtr5865,Broadleaf tree,Btr,GF,Btr,GFET,16.873,0.003,0.308,0.231,0.128,0.154,0.03,0.05,0.06,0.04,0.8,0.4,0.7,0.4,1.2,0.1,0.2,0.04,1,0.5,0.8,0.3,0.4,,
TEOWBtr5866,Broadleaf tree,Btr,GF,Btr,GFET,16.998,0.003,0.304,0.228,0.127,0.152,0.03,0.05,0.06,0.04,0.8,0.4,0.7,0.4,1.2,0.1,0.2,0.04,1,0.5,0.8,0.3,0.4,,
TEOWBtr5867,Broadleaf tree,Btr,GF,Btr,GFET,16.029,0.003,0.313,0.235,0.13,0.156,0.03,0.05,0.06,0.04,0.8,0.4,0.7,0.4,1.2,0.1,0.2,0.04,1,0.5,0.8,0.3,0.4,,
TEOWBtr5868,Broadleaf tree,Btr,GF,Btr,GFET,16,0.003,0.3,0.23,0.13,0.16,0.03,0.05,0.06,0.04,0.8,0.4,0.7,0.4,1.2,0.1,0.2,0.04,1,0.5,0.8,0.3,0.4,,
TEOWBtr5869,Broadleaf tree,Btr,GF,Btr,GFET,17.159,0.003,0.305,0.229,0.127,0.153,0.03,0.05,0.06,0.04,0.8,0.4,0.7,0.4,1.2,0.1,0.2,0.04,1,0.5,0.8,0.3,0.4,,
TEOWNtr5001,Needleleaf tree,Ntr,GF,Ntr,GFET,0.65,0.149,0.036,0.027,0.015,0.5,0.03,0.05,0.09,0.06,1.6,0.4,0.7,0.4,1.5,0.1,0.2,0.04,1,0.5,0.8,0.3,0.4,,
TEOWNtr5002,Needleleaf tree,Ntr,GF,Ntr,GFET,4.794,0.367,0.268,0.201,0.112,0.5,0.03,0.05,0.09,0.06,1.6,0.4,0.7,0.4,1.5,0.1,0.2,0.04,1,0.5,0.8,0.3,0.4,,
TEOWNtr5003,Needleleaf tree,Ntr,GF,Ntr,GFET,13.251,0.041,0.905,0.679,0.377,0.5,0.03,0.05,0.09,0.06,1.6,0.4,0.7,0.4,1.5,0.1,0.2,0.04,1,0.5,0.8,0.3,0.4,,
TEOWNtr5004,Needleleaf tree,Ntr,GF,Ntr,GFET,15.579,0.042,0.906,0.679,0.377,0.5,0.03,0.05,0.09,0.06,1.6,0.4,0.7,0.4,1.5,0.1,0.2,0.04,1,0.5,0.8,0.3,0.4,,
TEOWNtr5005,Needleleaf tree,Ntr,GF,Ntr,GFET,16.41,0.04,0.905,0.679,0.377,0.5,0.03,0.05,0.09,0.06,1.6,0.4,0.7,0.4,1.5,0.1,0.2,0.04,1,0.5,0.8,0.3,0.4,,
TEOWNtr5006,Needleleaf tree,Ntr,GF,Ntr,GFET,14.966,0.043,0.905,0.679,0.377,0.5,0.03,0.05,0.09,0.06,1.6,0.4,0.7,0.4,1.5,0.1,0.2,0.04,1,0.5,0.8,0.3,0.4,,
TEOWNtr5007,Needleleaf tree,Ntr,GF,Ntr,GFET,12.246,0.043,0.905,0.679,0.377,0.5,0.03,0.05,0.09,0.06,1.6,0.4,0.7,0.4,1.5,0.1,0.2,0.04,1,0.5,0.8,0.3,0.4,,
TEOWNtr5008,Needleleaf tree,Ntr,GF,Ntr,GFET,16.314,0.042,0.905,0.679,0.377,0.5,0.03,0.05,0.09,0.06,1.6,0.4,0.7,0.4,1.5,0.1,0.2,0.04,1,0.5,0.8,0.3,0.4,,
TEOWNtr5009,Needleleaf tree,Ntr,GF,Ntr,GFET,13.277,0.043,0.905,0.679,0.377,0.5,0.03,0.05,0.09,0.06,1.6,0.4,0.7,0.4,1.5,0.1,0.2,0.04,1,0.5,0.8,0.3,0.4,,
TEOWNtr5010,Needleleaf tree,Ntr,GF,Ntr,GFET,16.511,0.04,0.905,0.679,0.377,0.5,0.03,0.05,0.09,0.06,1.6,0.4,0.7,0.4,1.5,0.1,0.2,0.04,1,0.5,0.8,0.3,0.4,,
TEOWNtr5011,Needleleaf tree,Ntr,GF,Ntr,GFET,0.01,0.01,0.012,0.009,0.005,0.5,0.03,0.05,0.09,0.06,1.6,0.4,0.7,0.4,1.5,0.1,0.2,0.04,1,0.5,0.8,0.3,0.4,,
TEOWNtr5012,Needleleaf tree,Ntr,GF,Ntr,GFET,14.684,0.042,0.905,0.679,0.377,0.5,0.03,0.05,0.09,0.06,1.6,0.4,0.7,0.4,1.5,0.1,0.2,0.04,1,0.5,0.8,0.3,0.4,,
TEOWNtr5013,Needleleaf tree,Ntr,GF,Ntr,GFET,14.696,0.042,0.905,0.679,0.377,0.5,0.03,0.05,0.09,0.06,1.6,0.4,0.7,0.4,1.5,0.1,0.2,0.04,1,0.5,0.8,0.3,0.4,,
TEOWNtr5014,Needleleaf tree,Ntr,GF,Ntr,GFET,10.283,0.043,0.905,0.679,0.377,0.5,0.03,0.05,0.09,0.06,1.6,0.4,0.7,0.4,1.5,0.1,0.2,0.04,1,0.5,0.8,0.3,0.4,,
TEOWNtr5015,Needleleaf tree,Ntr,GF,Ntr,GFET,13.385,0.043,0.905,0.679,0.377,0.5,0.03,0.05,0.09,0.06,1.6,0.4,0.7,0.4,1.5,0.1,0.2,0.04,1,0.5,0.8,0.3,0.4,,
TEOWNtr5016,Needleleaf tree,Ntr,GF,Ntr,GFET,0.01,0.01,0.012,0.009,0.005,0.5,0.03,0.05,0.09,0.06,1.6,0.4,0.7,0.4,1.5,0.1,0.2,0.04,1,0.5,0.8,0.3,0.4,,
TEOWNtr5017,Needleleaf tree,Ntr,GF,Ntr,GFET,16.261,0.041,0.905,0.679,0.377,0.5,0.03,0.05,0.09,0.06,1.6,0.4,0.7,0.4,1.5,0.1,0.2,0.04,1,0.5,0.8,0.3,0.4,,
TEOWNtr5018,Needleleaf tree,Ntr,GF,Ntr,GFET,14.996,0.043,0.905,0.679,0.377,0.5,0.03,0.05,0.09,0.06,1.6,0.4,0.7,0.4,1.5,0.1,0.2,0.04,1,0.5,0.8,0.3,0.4,,
TEOWNtr5019,Needleleaf tree,Ntr,GF,Ntr,GFET,18.895,0.039,0.839,0.629,0.35,0.5,0.03,0.05,0.09,0.06,1.6,0.4,0.7,0.4,1.5,0.1,0.2,0.04,1,0.5,0.8,0.3,0.4,,
TEOWNtr5020,Needleleaf tree,Ntr,GF,Ntr,GFET,15.969,0.042,0.905,0.679,0.377,0.5,0.03,0.05,0.09,0.06,1.6,0.4,0.7,0.4,1.5,0.1,0.2,0.04,1,0.5,0.8,0.3,0.4,,
TEOWNtr5021,Needleleaf tree,Ntr,GF,Ntr,GFET,14.761,0.042,0.905,0.679,0.377,0.5,0.03,0.05,0.09,0.06,1.6,0.4,0.7,0.4,1.5,0.1,0.2,0.04,1,0.5,0.8,0.3,0.4,,
TEOWNtr5022,Needleleaf tree,Ntr,GF,Ntr,GFET,14.506,0.043,0.905,0.679,0.377,0.5,0.03,0.05,0.09,0.06,1.6,0.4,0.7,0.4,1.5,0.1,0.2,0.04,1,0.5,0.8,0.3,0.4,,
TEOWNtr5023,Needleleaf tree,Ntr,GF,Ntr,GFET,14.759,0.042,0.905,0.679,0.377,0.5,0.03,0.05,0.09,0.06,1.6,0.4,0.7,0.4,1.5,0.1,0.2,0.04,1,0.5,0.8,0.3,0.4,,
TEOWNtr5024,Needleleaf tree,Ntr,GF,Ntr,GFET,15.701,0.042,0.905,0.679,0.377,0.5,0.03,0.05,0.09,0.06,1.6,0.4,0.7,0.4,1.5,0.1,0.2,0.04,1,0.5,0.8,0.3,0.4,,
TEOWNtr5025,Needleleaf tree,Ntr,GF,Ntr,GFET,14.498,0.043,0.906,0.68,0.378,0.5,0.03,0.05,0.09,0.06,1.6,0.4,0.7,0.4,1.5,0.1,0.2,0.04,1,0.5,0.8,0.3,0.4,,
TEOWNtr5026,Needleleaf tree,Ntr,GF,Ntr,GFET,14.326,0.043,0.905,0.679,0.377,0.5,0.03,0.05,0.09,0.06,1.6,0.4,0.7,0.4,1.5,0.1,0.2,0.04,1,0.5,0.8,0.3,0.4,,
TEOWNtr5027,Needleleaf tree,Ntr,GF,Ntr,GFET,15.632,0.042,0.905,0.679,0.377,0.5,0.03,0.05,0.09,0.06,1.6,0.4,0.7,0.4,1.5,0.1,0.2,0.04,1,0.5,0.8,0.3,0.4,,
TEOWNtr5028,Needleleaf tree,Ntr,GF,Ntr,GFET,14.037,0.043,0.905,0.679,0.377,0.5,0.03,0.05,0.09,0.06,1.6,0.4,0.7,0.4,1.5,0.1,0.2,0.04,1,0.5,0.8,0.3,0.4,,
TEOWNtr5029,Needleleaf tree,Ntr,GF,Ntr,GFET,14.701,0.043,0.905,0.679,0.377,0.5,0.03,0.05,0.09,0.06,1.6,0.4,0.7,0.4,1.5,0.1,0.2,0.04,1,0.5,0.8,0.3,0.4,,
TEOWNtr5030,Needleleaf tree,Ntr,GF,Ntr,GFET,16.674,0.041,0.905,0.679,0.377,0.5,0.03,0.05,0.09,0.06,1.6,0.4,0.7,0.4,1.5,0.1,0.2,0.04,1,0.5,0.8,0.3,0.4,,
TEOWNtr5031,Needleleaf tree,Ntr,GF,Ntr,GFET,13.909,0.043,0.906,0.68,0.378,0.5,0.03,0.05,0.09,0.06,1.6,0.4,0.7,0.4,1.5,0.1,0.2,0.04,1,0.5,0.8,0.3,0.4,,
TEOWNtr5032,Needleleaf tree,Ntr,GF,Ntr,GFET,10.013,0.043,0.905,0.679,0.377,0.5,0.03,0.05,0.09,0.06,1.6,0.4,0.7,0.4,1.5,0.1,0.2,0.04,1,0.5,0.8,0.3,0.4,,
TEOWNtr5033,Needleleaf tree,Ntr,GF,Ntr,GFET,11.661,0.043,0.907,0.68,0.378,0.5,0.03,0.05,0.09,0.06,1.6,0.4,0.7,0.4,1.5,0.1,0.2,0.04,1,0.5,0.8,0.3,0.4,,
TEOWNtr5034,Needleleaf tree,Ntr,GF,Ntr,GFET,12.351,0.038,0.807,0.605,0.336,0.5,0.03,0.05,0.09,0.06,1.6,0.4,0.7,0.4,1.5,0.1,0.2,0.04,1,0.5,0.8,0.3,0.4,,
TEOWNtr5035,Needleleaf tree,Ntr,GF,Ntr,GFET,0.01,0.01,0.012,0.009,0.005,0.5,0.03,0.05,0.09,0.06,1.6,0.4,0.7,0.4,1.5,0.1,0.2,0.04,1,0.5,0.8,0.3,0.4,,
TEOWNtr5036,Needleleaf tree,Ntr,GF,Ntr,GFET,28.192,0.038,0.792,0.594,0.33,0.5,0.03,0.05,0.09,0.06,1.6,0.4,0.7,0.4,1.5,0.1,0.2,0.04,1,0.5,0.8,0.3,0.4,,
TEOWNtr5037,Needleleaf tree,Ntr,GF,Ntr,GFET,6.404,0.043,0.905,0.679,0.377,0.5,0.03,0.05,0.09,0.06,1.6,0.4,0.7,0.4,1.5,0.1,0.2,0.04,1,0.5,0.8,0.3,0.4,,
TEOWNtr5038,Needleleaf tree,Ntr,GF,Ntr,GFET,4.005,0.043,0.905,0.679,0.377,0.5,0.03,0.05,0.09,0.06,1.6,0.4,0.7,0.4,1.5,0.1,0.2,0.04,1,0.5,0.8,0.3,0.4,,
TEOWNtr5039,Needleleaf tree,Ntr,GF,Ntr,GFET,11.614,0.043,0.907,0.68,0.378,0.5,0.03,0.05,0.09,0.06,1.6,0.4,0.7,0.4,1.5,0.1,0.2,0.04,1,0.5,0.8,0.3,0.4,,
TEOWNtr5040,Needleleaf tree,Ntr,GF,Ntr,GFET,14.399,0.042,0.908,0.681,0.378,0.5,0.03,0.05,0.09,0.06,1.6,0.4,0.7,0.4,1.5,0.1,0.2,0.04,1,0.5,0.8,0.3,0.4,,
TEOWNtr5041,Needleleaf tree,Ntr,GF,Ntr,GFET,3.454,0.043,0.905,0.679,0.377,0.5,0.03,0.05,0.09,0.06,1.6,0.4,0.7,0.4,1.5,0.1,0.2,0.04,1,0.5,0.8,0.3,0.4,,
TEOWNtr5042,Needleleaf tree,Ntr,GF,Ntr,GFET,5.52,0.043,0.906,0.68,0.378,0.5,0.03,0.05,0.09,0.06,1.6,0.4,0.7,0.4,1.5,0.1,0.2,0.04,1,0.5,0.8,0.3,0.4,,
TEOWNtr5043,Needleleaf tree,Ntr,GF,Ntr,GFET,29.277,0.039,0.841,0.631,0.35,0.5,0.03,0.05,0.09,0.06,1.6,0.4,0.7,0.4,1.5,0.1,0.2,0.04,1,0.5,0.8,0.3,0.4,,
TEOWNtr5044,Needleleaf tree,Ntr,GF,Ntr,GFET,13.587,0.043,0.906,0.679,0.377,0.5,0.03,0.05,0.09,0.06,1.6,0.4,0.7,0.4,1.5,0.1,0.2,0.04,1,0.5,0.8,0.3,0.4,,
TEOWNtr5045,Needleleaf tree,Ntr,GF,Ntr,GFET,29.892,0.039,0.813,0.61,0.339,0.5,0.03,0.05,0.09,0.06,1.6,0.4,0.7,0.4,1.5,0.1,0.2,0.04,1,0.5,0.8,0.3,0.4,,
TEOWNtr5046,Needleleaf tree,Ntr,GF,Ntr,GFET,28.607,0.039,0.793,0.595,0.331,0.5,0.03,0.05,0.09,0.06,1.6,0.4,0.7,0.4,1.5,0.1,0.2,0.04,1,0.5,0.8,0.3,0.4,,
TEOWNtr5047,Needleleaf tree,Ntr,GF,Ntr,GFET,29.145,0.04,0.827,0.62,0.344,0.5,0.03,0.05,0.09,0.06,1.6,0.4,0.7,0.4,1.5,0.1,0.2,0.04,1,0.5,0.8,0.3,0.4,,
TEOWNtr5048,Needleleaf tree,Ntr,GF,Ntr,GFET,5.493,0.043,0.905,0.679,0.377,0.5,0.03,0.05,0.09,0.06,1.6,0.4,0.7,0.4,1.5,0.1,0.2,0.04,1,0.5,0.8,0.3,0.4,,
TEOWNtr5049,Needleleaf tree,Ntr,GF,Ntr,GFET,24.868,0.035,0.752,0.564,0.313,0.5,0.03,0.05,0.09,0.06,1.6,0.4,0.7,0.4,1.5,0.1,0.2,0.04,1,0.5,0.8,0.3,0.4,,
TEOWNtr5050,Needleleaf tree,Ntr,GF,Ntr,GFET,24.381,0.038,0.802,0.602,0.334,0.5,0.03,0.05,0.09,0.06,1.6,0.4,0.7,0.4,1.5,0.1,0.2,0.04,1,0.5,0.8,0.3,0.4,,
TEOWNtr5051,Needleleaf tree,Ntr,GF,Ntr,GFET,21.857,0.035,0.731,0.549,0.305,0.5,0.03,0.05,0.09,0.06,1.6,0.4,0.7,0.4,1.5,0.1,0.2,0.04,1,0.5,0.8,0.3,0.4,,
TEOWNtr5052,Needleleaf tree,Ntr,GF,Ntr,GFET,26.512,0.038,0.859,0.644,0.358,0.5,0.03,0.05,0.09,0.06,1.6,0.4,0.7,0.4,1.5,0.1,0.2,0.04,1,0.5,0.8,0.3,0.4,,
TEOWNtr5053,Needleleaf tree,Ntr,GF,Ntr,GFET,25.351,0.036,0.767,0.575,0.32,0.5,0.03,0.05,0.09,0.06,1.6,0.4,0.7,0.4,1.5,0.1,0.2,0.04,1,0.5,0.8,0.3,0.4,,
TEOWNtr5054,Needleleaf tree,Ntr,GF,Ntr,GFET,27.15,0.04,0.84,0.63,0.35,0.5,0.03,0.05,0.09,0.06,1.6,0.4,0.7,0.4,1.5,0.1,0.2,0.04,1,0.5,0.8,0.3,0.4,,
TEOWNtr5055,Needleleaf tree,Ntr,GF,Ntr,GFET,29.809,0.041,0.916,0.687,0.382,0.5,0.03,0.05,0.09,0.06,1.6,0.4,0.7,0.4,1.5,0.1,0.2,0.04,1,0.5,0.8,0.3,0.4,,
TEOWNtr5056,Needleleaf tree,Ntr,GF,Ntr,GFET,20.112,0.043,0.905,0.679,0.377,0.5,0.03,0.05,0.09,0.06,1.6,0.4,0.7,0.4,1.5,0.1,0.2,0.04,1,0.5,0.8,0.3,0.4,,
TEOWNtr5057,Needleleaf tree,Ntr,GF,Ntr,GFET,26.294,0.04,0.846,0.635,0.353,0.5,0.03,0.05,0.09,0.06,1.6,0.4,0.7,0.4,1.5,0.1,0.2,0.04,1,0.5,0.8,0.3,0.4,,
TEOWNtr5058,Needleleaf tree,Ntr,GF,Ntr,GFET,22.475,0.043,0.909,0.682,0.379,0.5,0.03,0.05,0.09,0.06,1.6,0.4,0.7,0.4,1.5,0.1,0.2,0.04,1,0.5,0.8,0.3,0.4,,
TEOWNtr5059,Needleleaf tree,Ntr,GF,Ntr,GFET,27.842,0.038,0.903,0.677,0.376,0.5,0.03,0.05,0.09,0.06,1.6,0.4,0.7,0.4,1.5,0.1,0.2,0.04,1,0.5,0.8,0.3,0.4,,
TEOWNtr5060,Needleleaf tree,Ntr,GF,Ntr,GFET,27.218,0.037,0.857,0.643,0.357,0.5,0.03,0.05,0.09,0.06,1.6,0.4,0.7,0.4,1.5,0.1,0.2,0.04,1,0.5,0.8,0.3,0.4,,
TEOWNtr5061,Needleleaf tree,Ntr,GF,Ntr,GFET,33.529,0.037,0.724,0.543,0.302,0.5,0.03,0.05,0.09,0.06,1.6,0.4,0.7,0.4,1.5,0.1,0.2,0.04,1,0.5,0.8,0.3,0.4,,
TEOWNtr5062,Needleleaf tree,Ntr,GF,Ntr,GFET,18.544,0.043,0.905,0.679,0.377,0.5,0.03,0.05,0.09,0.06,1.6,0.4,0.7,0.4,1.5,0.1,0.2,0.04,1,0.5,0.8,0.3,0.4,,
TEOWNtr5063,Needleleaf tree,Ntr,GF,Ntr,GFET,12.34,0.043,0.906,0.679,0.377,0.5,0.03,0.05,0.09,0.06,1.6,0.4,0.7,0.4,1.5,0.1,0.2,0.04,1,0.5,0.8,0.3,0.4,,
TEOWNtr5064,Needleleaf tree,Ntr,GF,Ntr,GFET,0.01,0.01,0.012,0.009,0.005,0.5,0.03,0.05,0.09,0.06,1.6,0.4,0.7,0.4,1.5,0.1,0.2,0.04,1,0.5,0.8,0.3,0.4,,
TEOWNtr5065,Needleleaf tree,Ntr,GF,Ntr,GFET,26.587,0.036,0.781,0.585,0.325,0.5,0.03,0.05,0.09,0.06,1.6,0.4,0.7,0.4,1.5,0.1,0.2,0.04,1,0.5,0.8,0.3,0.4,,
TEOWNtr5066,Needleleaf tree,Ntr,GF,Ntr,GFET,29.436,0.036,0.91,0.683,0.379,0.5,0.03,0.05,0.09,0.06,1.6,0.4,0.7,0.4,1.5,0.1,0.2,0.04,1,0.5,0.8,0.3,0.4,,
TEOWNtr5067,Needleleaf tree,Ntr,GF,Ntr,GFET,31.475,0.036,0.996,0.747,0.415,0.5,0.03,0.05,0.09,0.06,1.6,0.4,0.7,0.4,1.5,0.1,0.2,0.04,1,0.5,0.8,0.3,0.4,,
TEOWNtr5068,Needleleaf tree,Ntr,GF,Ntr,GFET,31.32,0.039,0.807,0.605,0.336,0.5,0.03,0.05,0.09,0.06,1.6,0.4,0.7,0.4,1.5,0.1,0.2,0.04,1,0.5,0.8,0.3,0.4,,
TEOWNtr5069,Needleleaf tree,Ntr,GF,Ntr,GFET,23.943,0.042,0.897,0.673,0.374,0.5,0.03,0.05,0.09,0.06,1.6,0.4,0.7,0.4,1.5,0.1,0.2,0.04,1,0.5,0.8,0.3,0.4,,
TEOWNtr5070,Needleleaf tree,Ntr,GF,Ntr,GFET,28.104,0.039,0.911,0.683,0.38,0.5,0.03,0.05,0.09,0.06,1.6,0.4,0.7,0.4,1.5,0.1,0.2,0.04,1,0.5,0.8,0.3,0.4,,
TEOWNtr5071,Needleleaf tree,Ntr,GF,Ntr,GFET,30.286,0.034,0.877,0.657,0.365,0.5,0.03,0.05,0.09,0.06,1.6,0.4,0.7,0.4,1.5,0.1,0.2,0.04,1,0.5,0.8,0.3,0.4,,
TEOWNtr5072,Needleleaf tree,Ntr,GF,Ntr,GFET,25.581,0.04,0.854,0.64,0.356,0.5,0.03,0.05,0.09,0.06,1.6,0.4,0.7,0.4,1.5,0.1,0.2,0.04,1,0.5,0.8,0.3,0.4,,
TEOWNtr5073,Needleleaf tree,Ntr,GF,Ntr,GFET,29.285,0.039,0.984,0.738,0.41,0.5,0.03,0.05,0.09,0.06,1.6,0.4,0.7,0.4,1.5,0.1,0.2,0.04,1,0.5,0.8,0.3,0.4,,
TEOWNtr5074,Needleleaf tree,Ntr,GF,Ntr,GFET,28.737,0.037,0.88,0.66,0.367,0.5,0.03,0.05,0.09,0.06,1.6,0.4,0.7,0.4,1.5,0.1,0.2,0.04,1,0.5,0.8,0.3,0.4,,
TEOWNtr5075,Needleleaf tree,Ntr,GF,Ntr,GFET,34.922,0.02,0.946,0.709,0.394,0.5,0.03,0.05,0.09,0.06,1.6,0.4,0.7,0.4,1.5,0.1,0.2,0.04,1,0.5,0.8,0.3,0.4,,
TEOWNtr5076,Needleleaf tree,Ntr,GF,Ntr,GFET,31.859,0.043,0.904,0.678,0.377,0.5,0.03,0.05,0.09,0.06,1.6,0.4,0.7,0.4,1.5,0.1,0.2,0.04,1,0.5,0.8,0.3,0.4,,
TEOWNtr5077,Needleleaf tree,Ntr,GF,Ntr,GFET,33.445,0.025,0.906,0.68,0.378,0.5,0.03,0.05,0.09,0.06,1.6,0.4,0.7,0.4,1.5,0.1,0.2,0.04,1,0.5,0.8,0.3,0.4,,
TEOWNtr5078,Needleleaf tree,Ntr,GF,Ntr,GFET,32.961,0.033,0.907,0.68,0.378,0.5,0.03,0.05,0.09,0.06,1.6,0.4,0.7,0.4,1.5,0.1,0.2,0.04,1,0.5,0.8,0.3,0.4,,
TEOWNtr5079,Needleleaf tree,Ntr,GF,Ntr,GFET,33.693,0.022,0.909,0.682,0.379,0.5,0.03,0.05,0.09,0.06,1.6,0.4,0.7,0.4,1.5,0.1,0.2,0.04,1,0.5,0.8,0.3,0.4,,
TEOWNtr5080,Needleleaf tree,Ntr,GF,Ntr,GFET,32.136,0.041,0.899,0.674,0.375,0.5,0.03,0.05,0.09,0.06,1.6,0.4,0.7,0.4,1.5,0.1,0.2,0.04,1,0.5,0.8,0.3,0.4,,
TEOWNtr5081,Needleleaf tree,Ntr,GF,Ntr,GFET,32.298,0.037,0.906,0.68,0.378,0.5,0.03,0.05,0.09,0.06,1.6,0.4,0.7,0.4,1.5,0.1,0.2,0.04,1,0.5,0.8,0.3,0.4,,
TEOWNtr5082,Needleleaf tree,Ntr,GF,Ntr,GFET,33.258,0.027,0.928,0.696,0.387,0.5,0.03,0.05,0.09,0.06,1.6,0.4,0.7,0.4,1.5,0.1,0.2,0.04,1,0.5,0.8,0.3,0.4,,
TEOWNtr5083,Needleleaf tree,Ntr,GF,Ntr,GFET,31.596,0.024,0.971,0.728,0.405,0.5,0.03,0.05,0.09,0.06,1.6,0.4,0.7,0.4,1.5,0.1,0.2,0.04,1,0.5,0.8,0.3,0.4,,
TEOWNtr5084,Needleleaf tree,Ntr,GF,Ntr,GFET,31.138,0.025,0.975,0.732,0.406,0.5,0.03,0.05,0.09,0.06,1.6,0.4,0.7,0.4,1.5,0.1,0.2,0.04,1,0.5,0.8,0.3,0.4,,
TEOWNtr5085,Needleleaf tree,Ntr,GF,Ntr,GFET,0.003,0.042,0.905,0.679,0.377,0.5,0.03,0.05,0.09,0.06,1.6,0.4,0.7,0.4,1.5,0.1,0.2,0.04,1,0.5,0.8,0.3,0.4,,
TEOWNtr5086,Needleleaf tree,Ntr,GF,Ntr,GFET,0.01,0.01,0.012,0.009,0.005,0.5,0.03,0.05,0.09,0.06,1.6,0.4,0.7,0.4,1.5,0.1,0.2,0.04,1,0.5,0.8,0.3,0.4,,
TEOWNtr5087,Needleleaf tree,Ntr,GF,Ntr,GFET,0.01,0.01,0.012,0.009,0.005,0.5,0.03,0.05,0.09,0.06,1.6,0.4,0.7,0.4,1.5,0.1,0.2,0.04,1,0.5,0.8,0.3,0.4,,
TEOWNtr5088,Needleleaf tree,Ntr,GF,Ntr,GFET,0.01,0.01,0.012,0.009,0.005,0.5,0.03,0.05,0.09,0.06,1.6,0.4,0.7,0.4,1.5,0.1,0.2,0.04,1,0.5,0.8,0.3,0.4,,
TEOWNtr5089,Needleleaf tree,Ntr,GF,Ntr,GFET,0.01,0.01,0.012,0.009,0.005,0.5,0.03,0.05,0.09,0.06,1.6,0.4,0.7,0.4,1.5,0.1,0.2,0.04,1,0.5,0.8,0.3,0.4,,
TEOWNtr5090,Needleleaf tree,Ntr,GF,Ntr,GFET,5.014,0.041,0.855,0.641,0.356,0.5,0.03,0.05,0.09,0.06,1.6,0.4,0.7,0.4,1.5,0.1,0.2,0.04,1,0.5,0.8,0.3,0.4,,
TEOWNtr5091,Needleleaf tree,Ntr,GF,Ntr,GFET,7.665,0.042,0.937,0.703,0.391,0.5,0.03,0.05,0.09,0.06,1.6,0.4,0.7,0.4,1.5,0.1,0.2,0.04,1,0.5,0.8,0.3,0.4,,
TEOWNtr5092,Needleleaf tree,Ntr,GF,Ntr,GFET,6.976,0.043,0.907,0.68,0.378,0.5,0.03,0.05,0.09,0.06,1.6,0.4,0.7,0.4,1.5,0.1,0.2,0.04,1,0.5,0.8,0.3,0.4,,
TEOWNtr5093,Needleleaf tree,Ntr,GF,Ntr,GFET,7.718,0.042,0.913,0.685,0.381,0.5,0.03,0.05,0.09,0.06,1.6,0.4,0.7,0.4,1.5,0.1,0.2,0.04,1,0.5,0.8,0.3,0.4,,
TEOWNtr5094,Needleleaf tree,Ntr,GF,Ntr,GFET,5.759,0.043,0.905,0.679,0.377,0.5,0.03,0.05,0.09,0.06,1.6,0.4,0.7,0.4,1.5,0.1,0.2,0.04,1,0.5,0.8,0.3,0.4,,
TEOWNtr5095,Needleleaf tree,Ntr,GF,Ntr,GFET,6.466,0.043,0.906,0.679,0.377,0.5,0.03,0.05,0.09,0.06,1.6,0.4,0.7,0.4,1.5,0.1,0.2,0.04,1,0.5,0.8,0.3,0.4,,
TEOWNtr5096,Needleleaf tree,Ntr,GF,Ntr,GFET,6.454,0.043,0.905,0.679,0.377,0.5,0.03,0.05,0.09,0.06,1.6,0.4,0.7,0.4,1.5,0.1,0.2,0.04,1,0.5,0.8,0.3,0.4,,
TEOWNtr5097,Needleleaf tree,Ntr,GF,Ntr,GFET,4.93,0.042,0.881,0.661,0.367,0.5,0.03,0.05,0.09,0.06,1.6,0.4,0.7,0.4,1.5,0.1,0.2,0.04,1,0.5,0.8,0.3,0.4,,
TEOWNtr5098,Needleleaf tree,Ntr,GF,Ntr,GFET,4.811,0.056,0.716,0.537,0.299,0.5,0.03,0.05,0.09,0.06,1.6,0.4,0.7,0.4,1.5,0.1,0.2,0.04,1,0.5,0.8,0.3,0.4,,
TEOWNtr5099,Needleleaf tree,Ntr,GF,Ntr,GFET,11.72,0.043,0.917,0.688,0.382,0.5,0.03,0.05,0.09,0.06,1.6,0.4,0.7,0.4,1.5,0.1,0.2,0.04,1,0.5,0.8,0.3,0.4,,
TEOWNtr5100,Needleleaf tree,Ntr,GF,Ntr,GFET,6.173,0.043,0.905,0.679,0.377,0.5,0.03,0.05,0.09,0.06,1.6,0.4,0.7,0.4,1.5,0.1,0.2,0.04,1,0.5,0.8,0.3,0.4,,
TEOWNtr5101,Needleleaf tree,Ntr,GF,Ntr,GFET,7.049,0.043,0.912,0.684,0.38,0.5,0.03,0.05,0.09,0.06,1.6,0.4,0.7,0.4,1.5,0.1,0.2,0.04,1,0.5,0.8,0.3,0.4,,
TEOWNtr5102,Needleleaf tree,Ntr,GF,Ntr,GFET,0.01,0.01,0.012,0.009,0.005,0.5,0.03,0.05,0.09,0.06,1.6,0.4,0.7,0.4,1.5,0.1,0.2,0.04,1,0.5,0.8,0.3,0.4,,
TEOWNtr5103,Needleleaf tree,Ntr,GF,Ntr,GFET,6.375,0.043,0.906,0.68,0.378,0.5,0.03,0.05,0.09,0.06,1.6,0.4,0.7,0.4,1.5,0.1,0.2,0.04,1,0.5,0.8,0.3,0.4,,
TEOWNtr5104,Needleleaf tree,Ntr,GF,Ntr,GFET,17.966,0.504,0.628,0.471,0.262,0.5,0.03,0.05,0.09,0.06,1.6,0.4,0.7,0.4,1.5,0.1,0.2,0.04,1,0.5,0.8,0.3,0.4,,
TEOWNtr5105,Needleleaf tree,Ntr,GF,Ntr,GFET,7.503,0.384,0.82,0.615,0.342,0.5,0.03,0.05,0.09,0.06,1.6,0.4,0.7,0.4,1.5,0.1,0.2,0.04,1,0.5,0.8,0.3,0.4,,
TEOWNtr5106,Needleleaf tree,Ntr,GF,Ntr,GFET,7.514,0.043,0.906,0.679,0.377,0.5,0.03,0.05,0.09,0.06,1.6,0.4,0.7,0.4,1.5,0.1,0.2,0.04,1,0.5,0.8,0.3,0.4,,
TEOWNtr5107,Needleleaf tree,Ntr,GF,Ntr,GFET,7.358,0.043,0.906,0.679,0.377,0.5,0.03,0.05,0.09,0.06,1.6,0.4,0.7,0.4,1.5,0.1,0.2,0.04,1,0.5,0.8,0.3,0.4,,
TEOWNtr5108,Needleleaf tree,Ntr,GF,Ntr,GFET,7.076,0.05,0.872,0.654,0.363,0.5,0.03,0.05,0.09,0.06,1.6,0.4,0.7,0.4,1.5,0.1,0.2,0.04,1,0.5,0.8,0.3,0.4,,
TEOWNtr5109,Needleleaf tree,Ntr,GF,Ntr,GFET,0.01,0.01,0.012,0.009,0.005,0.5,0.03,0.05,0.09,0.06,1.6,0.4,0.7,0.4,1.5,0.1,0.2,0.04,1,0.5,0.8,0.3,0.4,,
TEOWNtr5110,Needleleaf tree,Ntr,GF,Ntr,GFET,7.618,0.042,0.905,0.679,0.377,0.5,0.03,0.05,0.09,0.06,1.6,0.4,0.7,0.4,1.5,0.1,0.2,0.04,1,0.5,0.8,0.3,0.4,,
TEOWNtr5111,Needleleaf tree,Ntr,GF,Ntr,GFET,4.82,0.043,0.905,0.679,0.377,0.5,0.03,0.05,0.09,0.06,1.6,0.4,0.7,0.4,1.5,0.1,0.2,0.04,1,0.5,0.8,0.3,0.4,,
TEOWNtr5112,Needleleaf tree,Ntr,GF,Ntr,GFET,6.212,0.043,0.906,0.68,0.378,0.5,0.03,0.05,0.09,0.06,1.6,0.4,0.7,0.4,1.5,0.1,0.2,0.04,1,0.5,0.8,0.3,0.4,,
TEOWNtr5113,Needleleaf tree,Ntr,GF,Ntr,GFET,8.113,0.043,0.904,0.678,0.377,0.5,0.03,0.05,0.09,0.06,1.6,0.4,0.7,0.4,1.5,0.1,0.2,0.04,1,0.5,0.8,0.3,0.4,,
TEOWNtr5114,Needleleaf tree,Ntr,GF,Ntr,GFET,2.764,0.043,0.891,0.669,0.371,0.5,0.03,0.05,0.09,0.06,1.6,0.4,0.7,0.4,1.5,0.1,0.2,0.04,1,0.5,0.8,0.3,0.4,,
TEOWNtr5115,Needleleaf tree,Ntr,GF,Ntr,GFET,7.876,0.042,0.925,0.694,0.385,0.5,0.03,0.05,0.09,0.06,1.6,0.4,0.7,0.4,1.5,0.1,0.2,0.04,1,0.5,0.8,0.3,0.4,,
TEOWNtr5116,Needleleaf tree,Ntr,GF,Ntr,GFET,3.346,0.043,0.905,0.679,0.377,0.5,0.03,0.05,0.09,0.06,1.6,0.4,0.7,0.4,1.5,0.1,0.2,0.04,1,0.5,0.8,0.3,0.4,,
TEOWNtr5117,Needleleaf tree,Ntr,GF,Ntr,GFET,5.281,0.043,0.903,0.678,0.376,0.5,0.03,0.05,0.09,0.06,1.6,0.4,0.7,0.4,1.5,0.1,0.2,0.04,1,0.5,0.8,0.3,0.4,,
TEOWNtr5118,Needleleaf tree,Ntr,GF,Ntr,GFET,14.325,0.043,0.925,0.694,0.386,0.5,0.03,0.05,0.09,0.06,1.6,0.4,0.7,0.4,1.5,0.1,0.2,0.04,1,0.5,0.8,0.3,0.4,,
TEOWNtr5119,Needleleaf tree,Ntr,GF,Ntr,GFET,6.355,0.043,0.906,0.679,0.377,0.5,0.03,0.05,0.09,0.06,1.6,0.4,0.7,0.4,1.5,0.1,0.2,0.04,1,0.5,0.8,0.3,0.4,,
TEOWNtr5120,Needleleaf tree,Ntr,GF,Ntr,GFET,0.01,0.01,0.012,0.009,0.005,0.5,0.03,0.05,0.09,0.06,1.6,0.4,0.7,0.4,1.5,0.1,0.2,0.04,1,0.5,0.8,0.3,0.4,,
TEOWNtr5121,Needleleaf tree,Ntr,GF,Ntr,GFET,12.157,0.043,0.906,0.679,0.377,0.5,0.03,0.05,0.09,0.06,1.6,0.4,0.7,0.4,1.5,0.1,0.2,0.04,1,0.5,0.8,0.3,0.4,,
TEOWNtr5122,Needleleaf tree,Ntr,GF,Ntr,GFET,6.64,0.043,0.927,0.695,0.386,0.5,0.03,0.05,0.09,0.06,1.6,0.4,0.7,0.4,1.5,0.1,0.2,0.04,1,0.5,0.8,0.3,0.4,,
TEOWNtr5123,Needleleaf tree,Ntr,GF,Ntr,GFET,7.479,0.043,0.879,0.659,0.366,0.5,0.03,0.05,0.09,0.06,1.6,0.4,0.7,0.4,1.5,0.1,0.2,0.04,1,0.5,0.8,0.3,0.4,,
TEOWNtr5124,Needleleaf tree,Ntr,GF,Ntr,GFET,4.71,0.042,0.885,0.664,0.369,0.5,0.03,0.05,0.09,0.06,1.6,0.4,0.7,0.4,1.5,0.1,0.2,0.04,1,0.5,0.8,0.3,0.4,,
TEOWNtr5125,Needleleaf tree,Ntr,GF,Ntr,GFET,0.01,0.01,0.012,0.009,0.005,0.5,0.03,0.05,0.09,0.06,1.6,0.4,0.7,0.4,1.5,0.1,0.2,0.04,1,0.5,0.8,0.3,0.4,,
TEOWNtr5126,Needleleaf tree,Ntr,GF,Ntr,GFET,4.427,0.043,0.896,0.672,0.373,0.5,0.03,0.05,0.09,0.06,1.6,0.4,0.7,0.4,1.5,0.1,0.2,0.04,1,0.5,0.8,0.3,0.4,,
TEOWNtr5127,Needleleaf tree,Ntr,GF,Ntr,GFET,14.105,0.043,0.91,0.683,0.379,0.5,0.03,0.05,0.09,0.06,1.6,0.4,0.7,0.4,1.5,0.1,0.2,0.04,1,0.5,0.8,0.3,0.4,,
TEOWNtr5128,Needleleaf tree,Ntr,GF,Ntr,GFET,5.311,0.043,0.9,0.675,0.375,0.5,0.03,0.05,0.09,0.06,1.6,0.4,0.7,0.4,1.5,0.1,0.2,0.04,1,0.5,0.8,0.3,0.4,,
TEOWNtr5129,Needleleaf tree,Ntr,GF,Ntr,GFET,10.871,0.043,0.905,0.679,0.377,0.5,0.03,0.05,0.09,0.06,1.6,0.4,0.7,0.4,1.5,0.1,0.2,0.04,1,0.5,0.8,0.3,0.4,,
TEOWNtr5130,Needleleaf tree,Ntr,GF,Ntr,GFET,11.463,0.043,0.904,0.678,0.376,0.5,0.03,0.05,0.09,0.06,1.6,0.4,0.7,0.4,1.5,0.1,0.2,0.04,1,0.5,0.8,0.3,0.4,,
TEOWNtr5131,Needleleaf tree,Ntr,GF,Ntr,GFET,3.698,0.04,0.922,0.692,0.384,0.5,0.03,0.05,0.09,0.06,1.6,0.4,0.7,0.4,1.5,0.1,0.2,0.04,1,0.5,0.8,0.3,0.4,,
TEOWNtr5132,Needleleaf tree,Ntr,GF,Ntr,GFET,13.908,0.043,0.921,0.691,0.384,0.5,0.03,0.05,0.09,0.06,1.6,0.4,0.7,0.4,1.5,0.1,0.2,0.04,1,0.5,0.8,0.3,0.4,,
TEOWNtr5133,Needleleaf tree,Ntr,GF,Ntr,GFET,2.046,0.039,0.867,0.65,0.361,0.5,0.03,0.05,0.09,0.06,1.6,0.4,0.7,0.4,1.5,0.1,0.2,0.04,1,0.5,0.8,0.3,0.4,,
TEOWNtr5134,Needleleaf tree,Ntr,GF,Ntr,GFET,10.656,0.043,0.906,0.68,0.378,0.5,0.03,0.05,0.09,0.06,1.6,0.4,0.7,0.4,1.5,0.1,0.2,0.04,1,0.5,0.8,0.3,0.4,,
TEOWNtr5135,Needleleaf tree,Ntr,GF,Ntr,GFET,13.032,0.042,0.928,0.696,0.387,0.5,0.03,0.05,0.09,0.06,1.6,0.4,0.7,0.4,1.5,0.1,0.2,0.04,1,0.5,0.8,0.3,0.4,,
TEOWNtr5136,Needleleaf tree,Ntr,GF,Ntr,GFET,5.322,0.044,0.91,0.682,0.379,0.5,0.03,0.05,0.09,0.06,1.6,0.4,0.7,0.4,1.5,0.1,0.2,0.04,1,0.5,0.8,0.3,0.4,,
TEOWNtr5137,Needleleaf tree,Ntr,GF,Ntr,GFET,1.872,0.04,0.915,0.687,0.381,0.5,0.03,0.05,0.09,0.06,1.6,0.4,0.7,0.4,1.5,0.1,0.2,0.04,1,0.5,0.8,0.3,0.4,,
TEOWNtr5138,Needleleaf tree,Ntr,GF,Ntr,GFET,2.769,0.042,0.889,0.667,0.371,0.5,0.03,0.05,0.09,0.06,1.6,0.4,0.7,0.4,1.5,0.1,0.2,0.04,1,0.5,0.8,0.3,0.4,,
TEOWNtr5139,Needleleaf tree,Ntr,GF,Ntr,GFET,5.507,0.054,0.885,0.664,0.369,0.5,0.03,0.05,0.09,0.06,1.6,0.4,0.7,0.4,1.5,0.1,0.2,0.04,1,0.5,0.8,0.3,0.4,,
TEOWNtr5140,Needleleaf tree,Ntr,GF,Ntr,GFET,6.691,0.043,0.897,0.673,0.374,0.5,0.03,0.05,0.09,0.06,1.6,0.4,0.7,0.4,1.5,0.1,0.2,0.04,1,0.5,0.8,0.3,0.4,,
TEOWNtr5141,Needleleaf tree,Ntr,GF,Ntr,GFET,5.562,0.043,0.9,0.675,0.375,0.5,0.03,0.05,0.09,0.06,1.6,0.4,0.7,0.4,1.5,0.1,0.2,0.04,1,0.5,0.8,0.3,0.4,,
TEOWNtr5142,Needleleaf tree,Ntr,GF,Ntr,GFET,0.01,0.01,0.012,0.009,0.005,0.5,0.03,0.05,0.09,0.06,1.6,0.4,0.7,0.4,1.5,0.1,0.2,0.04,1,0.5,0.8,0.3,0.4,,
TEOWNtr5143,Needleleaf tree,Ntr,GF,Ntr,GFET,2.643,0.029,0.614,0.46,0.256,0.5,0.03,0.05,0.09,0.06,1.6,0.4,0.7,0.4,1.5,0.1,0.2,0.04,1,0.5,0.8,0.3,0.4,,
TEOWNtr5144,Needleleaf tree,Ntr,GF,Ntr,GFET,11.143,0.042,0.913,0.684,0.38,0.5,0.03,0.05,0.09,0.06,1.6,0.4,0.7,0.4,1.5,0.1,0.2,0.04,1,0.5,0.8,0.3,0.4,,
TEOWNtr5145,Needleleaf tree,Ntr,GF,Ntr,GFET,6.71,0.043,0.897,0.673,0.374,0.5,0.03,0.05,0.09,0.06,1.6,0.4,0.7,0.4,1.5,0.1,0.2,0.04,1,0.5,0.8,0.3,0.4,,
TEOWNtr5146,Needleleaf tree,Ntr,GF,Ntr,GFET,5.979,0.043,0.883,0.662,0.368,0.5,0.03,0.05,0.09,0.06,1.6,0.4,0.7,0.4,1.5,0.1,0.2,0.04,1,0.5,0.8,0.3,0.4,,
TEOWNtr5147,Needleleaf tree,Ntr,GF,Ntr,GFET,4.661,0.051,0.855,0.642,0.356,0.5,0.03,0.05,0.09,0.06,1.6,0.4,0.7,0.4,1.5,0.1,0.2,0.04,1,0.5,0.8,0.3,0.4,,
TEOWNtr5148,Needleleaf tree,Ntr,GF,Ntr,GFET,7.905,0.043,0.916,0.687,0.381,0.5,0.03,0.05,0.09,0.06,1.6,0.4,0.7,0.4,1.5,0.1,0.2,0.04,1,0.5,0.8,0.3,0.4,,
TEOWNtr5149,Needleleaf tree,Ntr,GF,Ntr,GFET,16.418,0.03,0.908,0.681,0.378,0.5,0.03,0.05,0.09,0.06,1.6,0.4,0.7,0.4,1.5,0.1,0.2,0.04,1,0.5,0.8,0.3,0.4,,
TEOWNtr5150,Needleleaf tree,Ntr,GF,Ntr,GFET,0.01,0.01,0.012,0.009,0.005,0.5,0.03,0.05,0.09,0.06,1.6,0.4,0.7,0.4,1.5,0.1,0.2,0.04,1,0.5,0.8,0.3,0.4,,
TEOWNtr5151,Needleleaf tree,Ntr,GF,Ntr,GFET,0.01,0.01,0.012,0.009,0.005,0.5,0.03,0.05,0.09,0.06,1.6,0.4,0.7,0.4,1.5,0.1,0.2,0.04,1,0.5,0.8,0.3,0.4,,
TEOWNtr5152,Needleleaf tree,Ntr,GF,Ntr,GFET,4.438,0.046,1.022,0.766,0.426,0.5,0.03,0.05,0.09,0.06,1.6,0.4,0.7,0.4,1.5,0.1,0.2,0.04,1,0.5,0.8,0.3,0.4,,
TEOWNtr5153,Needleleaf tree,Ntr,GF,Ntr,GFET,8.711,0.04,0.838,0.629,0.349,0.5,0.03,0.05,0.09,0.06,1.6,0.4,0.7,0.4,1.5,0.1,0.2,0.04,1,0.5,0.8,0.3,0.4,,
TEOWNtr5154,Needleleaf tree,Ntr,GF,Ntr,GFET,16.628,0.029,0.953,0.715,0.397,0.5,0.03,0.05,0.09,0.06,1.6,0.4,0.7,0.4,1.5,0.1,0.2,0.04,1,0.5,0.8,0.3,0.4,,
TEOWNtr5155,Needleleaf tree,Ntr,GF,Ntr,GFET,15.912,0.037,0.937,0.703,0.39,0.5,0.03,0.05,0.09,0.06,1.6,0.4,0.7,0.4,1.5,0.1,0.2,0.04,1,0.5,0.8,0.3,0.4,,
TEOWNtr5156,Needleleaf tree,Ntr,GF,Ntr,GFET,13.767,0.043,0.909,0.682,0.379,0.5,0.03,0.05,0.09,0.06,1.6,0.4,0.7,0.4,1.5,0.1,0.2,0.04,1,0.5,0.8,0.3,0.4,,
TEOWNtr5157,Needleleaf tree,Ntr,GF,Ntr,GFET,4.534,0.043,0.846,0.635,0.353,0.5,0.03,0.05,0.09,0.06,1.6,0.4,0.7,0.4,1.5,0.1,0.2,0.04,1,0.5,0.8,0.3,0.4,,
TEOWNtr5158,Needleleaf tree,Ntr,GF,Ntr,GFET,7.164,0.043,0.873,0.655,0.364,0.5,0.03,0.05,0.09,0.06,1.6,0.4,0.7,0.4,1.5,0.1,0.2,0.04,1,0.5,0.8,0.3,0.4,,
TEOWNtr5159,Needleleaf tree,Ntr,GF,Ntr,GFET,6.182,0.043,0.915,0.687,0.381,0.5,0.03,0.05,0.09,0.06,1.6,0.4,0.7,0.4,1.5,0.1,0.2,0.04,1,0.5,0.8,0.3,0.4,,
TEOWNtr5160,Needleleaf tree,Ntr,GF,Ntr,GFET,10.132,0.043,0.905,0.679,0.377,0.5,0.03,0.05,0.09,0.06,1.6,0.4,0.7,0.4,1.5,0.1,0.2,0.04,1,0.5,0.8,0.3,0.4,,
TEOWNtr5161,Needleleaf tree,Ntr,GF,Ntr,GFET,5.206,0.042,0.87,0.652,0.362,0.5,0.03,0.05,0.09,0.06,1.6,0.4,0.7,0.4,1.5,0.1,0.2,0.04,1,0.5,0.8,0.3,0.4,,
TEOWNtr5162,Needleleaf tree,Ntr,GF,Ntr,GFET,16.463,1.563,0.596,0.447,0.248,0.5,0.03,0.05,0.09,0.06,1.6,0.4,0.7,0.4,1.5,0.1,0.2,0.04,1,0.5,0.8,0.3,0.4,,
TEOWNtr5163,Needleleaf tree,Ntr,GF,Ntr,GFET,12.633,1.038,0.694,0.521,0.289,0.5,0.03,0.05,0.09,0.06,1.6,0.4,0.7,0.4,1.5,0.1,0.2,0.04,1,0.5,0.8,0.3,0.4,,
TEOWNtr5164,Needleleaf tree,Ntr,GF,Ntr,GFET,5.632,0.043,0.916,0.687,0.381,0.5,0.03,0.05,0.09,0.06,1.6,0.4,0.7,0.4,1.5,0.1,0.2,0.04,1,0.5,0.8,0.3,0.4,,
TEOWNtr5165,Needleleaf tree,Ntr,GF,Ntr,GFET,5.48,0.043,0.907,0.68,0.378,0.5,0.03,0.05,0.09,0.06,1.6,0.4,0.7,0.4,1.5,0.1,0.2,0.04,1,0.5,0.8,0.3,0.4,,
TEOWNtr5166,Needleleaf tree,Ntr,GF,Ntr,GFET,12.037,0.043,0.91,0.682,0.379,0.5,0.03,0.05,0.09,0.06,1.6,0.4,0.7,0.4,1.5,0.1,0.2,0.04,1,0.5,0.8,0.3,0.4,,
TEOWNtr5167,Needleleaf tree,Ntr,GF,Ntr,GFET,11.798,0.043,0.908,0.681,0.378,0.5,0.03,0.05,0.09,0.06,1.6,0.4,0.7,0.4,1.5,0.1,0.2,0.04,1,0.5,0.8,0.3,0.4,,
TEOWNtr5168,Needleleaf tree,Ntr,GF,Ntr,GFET,16.58,1.476,0.615,0.461,0.256,0.5,0.03,0.05,0.09,0.06,1.6,0.4,0.7,0.4,1.5,0.1,0.2,0.04,1,0.5,0.8,0.3,0.4,,
TEOWNtr5169,Needleleaf tree,Ntr,GF,Ntr,GFET,13.406,0.043,0.918,0.689,0.383,0.5,0.03,0.05,0.09,0.06,1.6,0.4,0.7,0.4,1.5,0.1,0.2,0.04,1,0.5,0.8,0.3,0.4,,
TEOWNtr5170,Needleleaf tree,Ntr,GF,Ntr,GFET,13.63,0.043,0.906,0.679,0.377,0.5,0.03,0.05,0.09,0.06,1.6,0.4,0.7,0.4,1.5,0.1,0.2,0.04,1,0.5,0.8,0.3,0.4,,
TEOWNtr5171,Needleleaf tree,Ntr,GF,Ntr,GFET,6.592,0.408,0.811,0.608,0.338,0.5,0.03,0.05,0.09,0.06,1.6,0.4,0.7,0.4,1.5,0.1,0.2,0.04,1,0.5,0.8,0.3,0.4,,
TEOWNtr5172,Needleleaf tree,Ntr,GF,Ntr,GFET,13.488,0.038,0.921,0.69,0.384,0.5,0.03,0.05,0.09,0.06,1.6,0.4,0.7,0.4,1.5,0.1,0.2,0.04,1,0.5,0.8,0.3,0.4,,
TEOWNtr5173,Needleleaf tree,Ntr,GF,Ntr,GFET,8.026,0.043,0.886,0.664,0.369,0.5,0.03,0.05,0.09,0.06,1.6,0.4,0.7,0.4,1.5,0.1,0.2,0.04,1,0.5,0.8,0.3,0.4,,
TEOWNtr5174,Needleleaf tree,Ntr,GF,Ntr,GFET,4.305,0.049,0.833,0.624,0.347,0.5,0.03,0.05,0.09,0.06,1.6,0.4,0.7,0.4,1.5,0.1,0.2,0.04,1,0.5,0.8,0.3,0.4,,
TEOWNtr5175,Needleleaf tree,Ntr,GF,Ntr,GFET,10.061,0.658,0.784,0.588,0.327,0.5,0.03,0.05,0.09,0.06,1.6,0.4,0.7,0.4,1.5,0.1,0.2,0.04,1,0.5,0.8,0.3,0.4,,
TEOWNtr5176,Needleleaf tree,Ntr,GF,Ntr,GFET,14.297,2.028,0.552,0.414,0.23,0.5,0.03,0.05,0.09,0.06,1.6,0.4,0.7,0.4,1.5,0.1,0.2,0.04,1,0.5,0.8,0.3,0.4,,
TEOWNtr5177,Needleleaf tree,Ntr,GF,Ntr,GFET,16.412,2.009,0.546,0.41,0.228,0.5,0.03,0.05,0.09,0.06,1.6,0.4,0.7,0.4,1.5,0.1,0.2,0.04,1,0.5,0.8,0.3,0.4,,
TEOWNtr5179,Needleleaf tree,Ntr,GF,Ntr,GFET,17.16,0.06,0.902,0.677,0.376,0.5,0.03,0.05,0.09,0.06,1.6,0.4,0.7,0.4,1.5,0.1,0.2,0.04,1,0.5,0.8,0.3,0.4,,
TEOWNtr5180,Needleleaf tree,Ntr,GF,Ntr,GFET,16.752,0.036,0.908,0.681,0.378,0.5,0.03,0.05,0.09,0.06,1.6,0.4,0.7,0.4,1.5,0.1,0.2,0.04,1,0.5,0.8,0.3,0.4,,
TEOWNtr5181,Needleleaf tree,Ntr,GF,Ntr,GFET,15.769,0.038,0.933,0.7,0.389,0.5,0.03,0.05,0.09,0.06,1.6,0.4,0.7,0.4,1.5,0.1,0.2,0.04,1,0.5,0.8,0.3,0.4,,
TEOWNtr5182,Needleleaf tree,Ntr,GF,Ntr,GFET,16.762,0.022,0.908,0.681,0.378,0.5,0.03,0.05,0.09,0.06,1.6,0.4,0.7,0.4,1.5,0.1,0.2,0.04,1,0.5,0.8,0.3,0.4,,
TEOWNtr5183,Needleleaf tree,Ntr,GF,Ntr,GFET,16.502,0.035,0.91,0.683,0.379,0.5,0.03,0.05,0.09,0.06,1.6,0.4,0.7,0.4,1.5,0.1,0.2,0.04,1,0.5,0.8,0.3,0.4,,
TEOWNtr5184,Needleleaf tree,Ntr,GF,Ntr,GFET,16.713,0.032,0.907,0.68,0.378,0.5,0.03,0.05,0.09,0.06,1.6,0.4,0.7,0.4,1.5,0.1,0.2,0.04,1,0.5,0.8,0.3,0.4,,
TEOWNtr5185,Needleleaf tree,Ntr,GF,Ntr,GFET,16.085,0.039,0.91,0.682,0.379,0.5,0.03,0.05,0.09,0.06,1.6,0.4,0.7,0.4,1.5,0.1,0.2,0.04,1,0.5,0.8,0.3,0.4,,
TEOWNtr5186,Needleleaf tree,Ntr,GF,Ntr,GFET,2.973,0.051,0.928,0.696,0.387,0.5,0.03,0.05,0.09,0.06,1.6,0.4,0.7,0.4,1.5,0.1,0.2,0.04,1,0.5,0.8,0.3,0.4,,
TEOWNtr5187,Needleleaf tree,Ntr,GF,Ntr,GFET,8.034,0.042,0.752,0.564,0.313,0.5,0.03,0.05,0.09,0.06,1.6,0.4,0.7,0.4,1.5,0.1,0.2,0.04,1,0.5,0.8,0.3,0.4,,
TEOWNtr5188,Needleleaf tree,Ntr,GF,Ntr,GFET,13.68,0.043,0.906,0.679,0.377,0.5,0.03,0.05,0.09,0.06,1.6,0.4,0.7,0.4,1.5,0.1,0.2,0.04,1,0.5,0.8,0.3,0.4,,
TEOWNtr5189,Needleleaf tree,Ntr,GF,Ntr,GFET,13.417,0.043,0.906,0.679,0.377,0.5,0.03,0.05,0.09,0.06,1.6,0.4,0.7,0.4,1.5,0.1,0.2,0.04,1,0.5,0.8,0.3,0.4,,
TEOWNtr5190,Needleleaf tree,Ntr,GF,Ntr,GFET,16.618,0.036,0.907,0.68,0.378,0.5,0.03,0.05,0.09,0.06,1.6,0.4,0.7,0.4,1.5,0.1,0.2,0.04,1,0.5,0.8,0.3,0.4,,
TEOWNtr5191,Needleleaf tree,Ntr,GF,Ntr,GFET,19.949,0.772,0.704,0.528,0.293,0.5,0.03,0.05,0.09,0.06,1.6,0.4,0.7,0.4,1.5,0.1,0.2,0.04,1,0.5,0.8,0.3,0.4,,
TEOWNtr5192,Needleleaf tree,Ntr,GF,Ntr,GFET,10.257,0.003,0.576,0.432,0.24,0.5,0.03,0.05,0.09,0.06,1.6,0.4,0.7,0.4,1.5,0.1,0.2,0.04,1,0.5,0.8,0.3,0.4,,
TEOWNtr5193,Needleleaf tree,Ntr,GF,Ntr,GFET,6.589,0.04,0.993,0.745,0.414,0.5,0.03,0.05,0.09,0.06,1.6,0.4,0.7,0.4,1.5,0.1,0.2,0.04,1,0.5,0.8,0.3,0.4,,
TEOWNtr5194,Needleleaf tree,Ntr,GF,Ntr,GFET,17.132,0.006,0.906,0.68,0.378,0.5,0.03,0.05,0.09,0.06,1.6,0.4,0.7,0.4,1.5,0.1,0.2,0.04,1,0.5,0.8,0.3,0.4,,
TEOWNtr5195,Needleleaf tree,Ntr,GF,Ntr,GFET,16.489,0.038,0.908,0.681,0.378,0.5,0.03,0.05,0.09,0.06,1.6,0.4,0.7,0.4,1.5,0.1,0.2,0.04,1,0.5,0.8,0.3,0.4,,
TEOWNtr5196,Needleleaf tree,Ntr,GF,Ntr,GFET,16.372,0.031,0.908,0.681,0.378,0.5,0.03,0.05,0.09,0.06,1.6,0.4,0.7,0.4,1.5,0.1,0.2,0.04,1,0.5,0.8,0.3,0.4,,
TEOWNtr5197,Needleleaf tree,Ntr,GF,Ntr,GFET,16.389,0.042,0.909,0.682,0.379,0.5,0.03,0.05,0.09,0.06,1.6,0.4,0.7,0.4,1.5,0.1,0.2,0.04,1,0.5,0.8,0.3,0.4,,
TEOWNtr5198,Needleleaf tree,Ntr,GF,Ntr,GFET,16.223,0.04,0.912,0.684,0.38,0.5,0.03,0.05,0.09,0.06,1.6,0.4,0.7,0.4,1.5,0.1,0.2,0.04,1,0.5,0.8,0.3,0.4,,
TEOWNtr5199,Needleleaf tree,Ntr,GF,Ntr,GFET,20.067,0.748,0.662,0.497,0.276,0.5,0.03,0.05,0.09,0.06,1.6,0.4,0.7,0.4,1.5,0.1,0.2,0.04,1,0.5,0.8,0.3,0.4,,
TEOWNtr5200,Needleleaf tree,Ntr,GF,Ntr,GFET,0.292,0.043,0.904,0.678,0.377,0.5,0.03,0.05,0.09,0.06,1.6,0.4,0.7,0.4,1.5,0.1,0.2,0.04,1,0.5,0.8,0.3,0.4,,
TEOWNtr5201,Needleleaf tree,Ntr,GF,Ntr,GFET,2.221,0.043,0.906,0.68,0.378,0.5,0.03,0.05,0.09,0.06,1.6,0.4,0.7,0.4,1.5,0.1,0.2,0.04,1,0.5,0.8,0.3,0.4,,
TEOWNtr5202,Needleleaf tree,Ntr,GF,Ntr,GFET,0.003,0.043,0.907,0.68,0.378,0.5,0.03,0.05,0.09,0.06,1.6,0.4,0.7,0.4,1.5,0.1,0.2,0.04,1,0.5,0.8,0.3,0.4,,
TEOWNtr5203,Needleleaf tree,Ntr,GF,Ntr,GFET,0.003,0.043,0.906,0.68,0.378,0.5,0.03,0.05,0.09,0.06,1.6,0.4,0.7,0.4,1.5,0.1,0.2,0.04,1,0.5,0.8,0.3,0.4,,
TEOWNtr5204,Needleleaf tree,Ntr,GF,Ntr,GFET,6.966,0.114,0.901,0.676,0.375,0.5,0.03,0.05,0.09,0.06,1.6,0.4,0.7,0.4,1.5,0.1,0.2,0.04,1,0.5,0.8,0.3,0.4,,
TEOWNtr5205,Needleleaf tree,Ntr,GF,Ntr,GFET,13.877,0.042,0.905,0.679,0.377,0.5,0.03,0.05,0.09,0.06,1.6,0.4,0.7,0.4,1.5,0.1,0.2,0.04,1,0.5,0.8,0.3,0.4,,
TEOWNtr5206,Needleleaf tree,Ntr,GF,Ntr,GFET,15.79,0.042,0.907,0.68,0.378,0.5,0.03,0.05,0.09,0.06,1.6,0.4,0.7,0.4,1.5,0.1,0.2,0.04,1,0.5,0.8,0.3,0.4,,
TEOWNtr5207,Needleleaf tree,Ntr,GF,Ntr,GFET,16.368,0.042,0.906,0.679,0.377,0.5,0.03,0.05,0.09,0.06,1.6,0.4,0.7,0.4,1.5,0.1,0.2,0.04,1,0.5,0.8,0.3,0.4,,
TEOWNtr5208,Needleleaf tree,Ntr,GF,Ntr,GFET,15.099,0.043,0.905,0.679,0.377,0.5,0.03,0.05,0.09,0.06,1.6,0.4,0.7,0.4,1.5,0.1,0.2,0.04,1,0.5,0.8,0.3,0.4,,
TEOWNtr5209,Needleleaf tree,Ntr,GF,Ntr,GFET,12.727,0.043,0.907,0.68,0.378,0.5,0.03,0.05,0.09,0.06,1.6,0.4,0.7,0.4,1.5,0.1,0.2,0.04,1,0.5,0.8,0.3,0.4,,
TEOWNtr5210,Needleleaf tree,Ntr,GF,Ntr,GFET,11.846,0.043,0.907,0.68,0.378,0.5,0.03,0.05,0.09,0.06,1.6,0.4,0.7,0.4,1.5,0.1,0.2,0.04,1,0.5,0.8,0.3,0.4,,
TEOWNtr5211,Needleleaf tree,Ntr,GF,Ntr,GFET,11.964,0.043,0.906,0.679,0.377,0.5,0.03,0.05,0.09,0.06,1.6,0.4,0.7,0.4,1.5,0.1,0.2,0.04,1,0.5,0.8,0.3,0.4,,
TEOWNtr5212,Needleleaf tree,Ntr,GF,Ntr,GFET,9.589,0.043,0.906,0.68,0.378,0.5,0.03,0.05,0.09,0.06,1.6,0.4,0.7,0.4,1.5,0.1,0.2,0.04,1,0.5,0.8,0.3,0.4,,
TEOWNtr5213,Needleleaf tree,Ntr,GF,Ntr,GFET,14.392,0.043,0.905,0.679,0.377,0.5,0.03,0.05,0.09,0.06,1.6,0.4,0.7,0.4,1.5,0.1,0.2,0.04,1,0.5,0.8,0.3,0.4,,
TEOWNtr5214,Needleleaf tree,Ntr,GF,Ntr,GFET,9.55,0.043,0.905,0.679,0.377,0.5,0.03,0.05,0.09,0.06,1.6,0.4,0.7,0.4,1.5,0.1,0.2,0.04,1,0.5,0.8,0.3,0.4,,
TEOWNtr5215,Needleleaf tree,Ntr,GF,Ntr,GFET,11.813,0.043,0.913,0.685,0.38,0.5,0.03,0.05,0.09,0.06,1.6,0.4,0.7,0.4,1.5,0.1,0.2,0.04,1,0.5,0.8,0.3,0.4,,
TEOWNtr5216,Needleleaf tree,Ntr,GF,Ntr,GFET,12.723,0.043,0.905,0.679,0.377,0.5,0.03,0.05,0.09,0.06,1.6,0.4,0.7,0.4,1.5,0.1,0.2,0.04,1,0.5,0.8,0.3,0.4,,
TEOWNtr5217,Needleleaf tree,Ntr,GF,Ntr,GFET,11.236,0.043,0.908,0.681,0.378,0.5,0.03,0.05,0.09,0.06,1.6,0.4,0.7,0.4,1.5,0.1,0.2,0.04,1,0.5,0.8,0.3,0.4,,
TEOWNtr5218,Needleleaf tree,Ntr,GF,Ntr,GFET,10.656,0.043,0.907,0.68,0.378,0.5,0.03,0.05,0.09,0.06,1.6,0.4,0.7,0.4,1.5,0.1,0.2,0.04,1,0.5,0.8,0.3,0.4,,
TEOWNtr5219,Needleleaf tree,Ntr,GF,Ntr,GFET,10.723,0.043,0.907,0.68,0.378,0.5,0.03,0.05,0.09,0.06,1.6,0.4,0.7,0.4,1.5,0.1,0.2,0.04,1,0.5,0.8,0.3,0.4,,
TEOWNtr5220,Needleleaf tree,Ntr,GF,Ntr,GFET,12.305,0.043,0.905,0.679,0.377,0.5,0.03,0.05,0.09,0.06,1.6,0.4,0.7,0.4,1.5,0.1,0.2,0.04,1,0.5,0.8,0.3,0.4,,
TEOWNtr5221,Needleleaf tree,Ntr,GF,Ntr,GFET,12.968,0.043,0.91,0.682,0.379,0.5,0.03,0.05,0.09,0.06,1.6,0.4,0.7,0.4,1.5,0.1,0.2,0.04,1,0.5,0.8,0.3,0.4,,
TEOWNtr5222,Needleleaf tree,Ntr,GF,Ntr,GFET,8.302,0.286,0.569,0.427,0.237,0.5,0.03,0.05,0.09,0.06,1.6,0.4,0.7,0.4,1.5,0.1,0.2,0.04,1,0.5,0.8,0.3,0.4,,
TEOWNtr5223,Needleleaf tree,Ntr,GF,Ntr,GFET,12.636,0.043,0.906,0.679,0.377,0.5,0.03,0.05,0.09,0.06,1.6,0.4,0.7,0.4,1.5,0.1,0.2,0.04,1,0.5,0.8,0.3,0.4,,
TEOWNtr5224,Needleleaf tree,Ntr,GF,Ntr,GFET,12.905,0.043,0.906,0.68,0.378,0.5,0.03,0.05,0.09,0.06,1.6,0.4,0.7,0.4,1.5,0.1,0.2,0.04,1,0.5,0.8,0.3,0.4,,
TEOWNtr5225,Needleleaf tree,Ntr,GF,Ntr,GFET,13.926,0.043,0.906,0.679,0.377,0.5,0.03,0.05,0.09,0.06,1.6,0.4,0.7,0.4,1.5,0.1,0.2,0.04,1,0.5,0.8,0.3,0.4,,
TEOWNtr5226,Needleleaf tree,Ntr,GF,Ntr,GFET,15.428,0.042,0.905,0.679,0.377,0.5,0.03,0.05,0.09,0.06,1.6,0.4,0.7,0.4,1.5,0.1,0.2,0.04,1,0.5,0.8,0.3,0.4,,
TEOWNtr5227,Needleleaf tree,Ntr,GF,Ntr,GFET,11.811,0.043,0.906,0.68,0.378,0.5,0.03,0.05,0.09,0.06,1.6,0.4,0.7,0.4,1.5,0.1,0.2,0.04,1,0.5,0.8,0.3,0.4,,
TEOWNtr5228,Needleleaf tree,Ntr,GF,Ntr,GFET,10.892,0.043,0.912,0.684,0.38,0.5,0.03,0.05,0.09,0.06,1.6,0.4,0.7,0.4,1.5,0.1,0.2,0.04,1,0.5,0.8,0.3,0.4,,
TEOWNtr5229,Needleleaf tree,Ntr,GF,Ntr,GFET,11.565,0.043,0.905,0.679,0.377,0.5,0.03,0.05,0.09,0.06,1.6,0.4,0.7,0.4,1.5,0.1,0.2,0.04,1,0.5,0.8,0.3,0.4,,
TEOWNtr5230,Needleleaf tree,Ntr,GF,Ntr,GFET,0.01,0.01,0.012,0.009,0.005,0.5,0.03,0.05,0.09,0.06,1.6,0.4,0.7,0.4,1.5,0.1,0.2,0.04,1,0.5,0.8,0.3,0.4,,
TEOWNtr5231,Needleleaf tree,Ntr,GF,Ntr,GFET,13.549,0.043,0.907,0.68,0.378,0.5,0.03,0.05,0.09,0.06,1.6,0.4,0.7,0.4,1.5,0.1,0.2,0.04,1,0.5,0.8,0.3,0.4,,
TEOWNtr5232,Needleleaf tree,Ntr,GF,Ntr,GFET,5.759,0.043,0.905,0.679,0.377,0.5,0.03,0.05,0.09,0.06,1.6,0.4,0.7,0.4,1.5,0.1,0.2,0.04,1,0.5,0.8,0.3,0.4,,
TEOWNtr5233,Needleleaf tree,Ntr,GF,Ntr,GFET,14.029,0.043,0.905,0.679,0.377,0.5,0.03,0.05,0.09,0.06,1.6,0.4,0.7,0.4,1.5,0.1,0.2,0.04,1,0.5,0.8,0.3,0.4,,
TEOWNtr5234,Needleleaf tree,Ntr,GF,Ntr,GFET,12.643,0.043,0.906,0.68,0.378,0.5,0.03,0.05,0.09,0.06,1.6,0.4,0.7,0.4,1.5,0.1,0.2,0.04,1,0.5,0.8,0.3,0.4,,
TEOWNtr5235,Needleleaf tree,Ntr,GF,Ntr,GFET,12.195,0.043,0.906,0.679,0.377,0.5,0.03,0.05,0.09,0.06,1.6,0.4,0.7,0.4,1.5,0.1,0.2,0.04,1,0.5,0.8,0.3,0.4,,
TEOWNtr5236,Needleleaf tree,Ntr,GF,Ntr,GFET,13.489,0.043,0.906,0.679,0.377,0.5,0.03,0.05,0.09,0.06,1.6,0.4,0.7,0.4,1.5,0.1,0.2,0.04,1,0.5,0.8,0.3,0.4,,
TEOWNtr5237,Needleleaf tree,Ntr,GF,Ntr,GFET,13.021,0.043,0.91,0.683,0.379,0.5,0.03,0.05,0.09,0.06,1.6,0.4,0.7,0.4,1.5,0.1,0.2,0.04,1,0.5,0.8,0.3,0.4,,
TEOWNtr5238,Needleleaf tree,Ntr,GF,Ntr,GFET,12.503,0.043,0.905,0.679,0.377,0.5,0.03,0.05,0.09,0.06,1.6,0.4,0.7,0.4,1.5,0.1,0.2,0.04,1,0.5,0.8,0.3,0.4,,
TEOWNtr5239,Needleleaf tree,Ntr,GF,Ntr,GFET,10.842,0.043,0.91,0.682,0.379,0.5,0.03,0.05,0.09,0.06,1.6,0.4,0.7,0.4,1.5,0.1,0.2,0.04,1,0.5,0.8,0.3,0.4,,
TEOWNtr5240,Needleleaf tree,Ntr,GF,Ntr,GFET,11.796,0.043,0.913,0.685,0.38,0.5,0.03,0.05,0.09,0.06,1.6,0.4,0.7,0.4,1.5,0.1,0.2,0.04,1,0.5,0.8,0.3,0.4,,
TEOWNtr5241,Needleleaf tree,Ntr,GF,Ntr,GFET,12.843,0.043,0.905,0.679,0.377,0.5,0.03,0.05,0.09,0.06,1.6,0.4,0.7,0.4,1.5,0.1,0.2,0.04,1,0.5,0.8,0.3,0.4,,
TEOWNtr5242,Needleleaf tree,Ntr,GF,Ntr,GFET,7.451,0.3,0.59,0.443,0.246,0.5,0.03,0.05,0.09,0.06,1.6,0.4,0.7,0.4,1.5,0.1,0.2,0.04,1,0.5,0.8,0.3,0.4,,
TEOWNtr5243,Needleleaf tree,Ntr,GF,Ntr,GFET,11.358,0.043,0.907,0.68,0.378,0.5,0.03,0.05,0.09,0.06,1.6,0.4,0.7,0.4,1.5,0.1,0.2,0.04,1,0.5,0.8,0.3,0.4,,
TEOWNtr5244,Needleleaf tree,Ntr,GF,Ntr,GFET,12.621,0.043,0.906,0.68,0.378,0.5,0.03,0.05,0.09,0.06,1.6,0.4,0.7,0.4,1.5,0.1,0.2,0.04,1,0.5,0.8,0.3,0.4,,
TEOWNtr5245,Needleleaf tree,Ntr,GF,Ntr,GFET,14.464,0.043,0.905,0.679,0.377,0.5,0.03,0.05,0.09,0.06,1.6,0.4,0.7,0.4,1.5,0.1,0.2,0.04,1,0.5,0.8,0.3,0.4,,
TEOWNtr5246,Needleleaf tree,Ntr,GF,Ntr,GFET,11.583,0.043,0.906,0.679,0.377,0.5,0.03,0.05,0.09,0.06,1.6,0.4,0.7,0.4,1.5,0.1,0.2,0.04,1,0.5,0.8,0.3,0.4,,
TEOWNtr5247,Needleleaf tree,Ntr,GF,Ntr,GFET,12.054,0.043,0.906,0.679,0.377,0.5,0.03,0.05,0.09,0.06,1.6,0.4,0.7,0.4,1.5,0.1,0.2,0.04,1,0.5,0.8,0.3,0.4,,
TEOWNtr5248,Needleleaf tree,Ntr,GF,Ntr,GFET,14.606,0.042,0.906,0.679,0.377,0.5,0.03,0.05,0.09,0.06,1.6,0.4,0.7,0.4,1.5,0.1,0.2,0.04,1,0.5,0.8,0.3,0.4,,
TEOWNtr5249,Needleleaf tree,Ntr,GF,Ntr,GFET,15.149,0.042,0.905,0.679,0.377,0.5,0.03,0.05,0.09,0.06,1.6,0.4,0.7,0.4,1.5,0.1,0.2,0.04,1,0.5,0.8,0.3,0.4,,
TEOWNtr5250,Needleleaf tree,Ntr,GF,Ntr,GFET,14.005,0.043,0.903,0.677,0.376,0.5,0.03,0.05,0.09,0.06,1.6,0.4,0.7,0.4,1.5,0.1,0.2,0.04,1,0.5,0.8,0.3,0.4,,
TEOWNtr5251,Needleleaf tree,Ntr,GF,Ntr,GFET,12.422,0.043,0.905,0.679,0.377,0.5,0.03,0.05,0.09,0.06,1.6,0.4,0.7,0.4,1.5,0.1,0.2,0.04,1,0.5,0.8,0.3,0.4,,
TEOWNtr5252,Needleleaf tree,Ntr,GF,Ntr,GFET,12.456,0.043,0.905,0.679,0.377,0.5,0.03,0.05,0.09,0.06,1.6,0.4,0.7,0.4,1.5,0.1,0.2,0.04,1,0.5,0.8,0.3,0.4,,
TEOWNtr5253,Needleleaf tree,Ntr,GF,Ntr,GFET,0.01,0.01,0.012,0.009,0.005,0.5,0.03,0.05,0.09,0.06,1.6,0.4,0.7,0.4,1.5,0.1,0.2,0.04,1,0.5,0.8,0.3,0.4,,
TEOWNtr5254,Needleleaf tree,Ntr,GF,Ntr,GFET,8.046,0.043,0.906,0.68,0.378,0.5,0.03,0.05,0.09,0.06,1.6,0.4,0.7,0.4,1.5,0.1,0.2,0.04,1,0.5,0.8,0.3,0.4,,
TEOWNtr5255,Needleleaf tree,Ntr,GF,Ntr,GFET,12.408,0.043,0.912,0.684,0.38,0.5,0.03,0.05,0.09,0.06,1.6,0.4,0.7,0.4,1.5,0.1,0.2,0.04,1,0.5,0.8,0.3,0.4,,
TEOWNtr5256,Needleleaf tree,Ntr,GF,Ntr,GFET,13.065,0.043,0.907,0.68,0.378,0.5,0.03,0.05,0.09,0.06,1.6,0.4,0.7,0.4,1.5,0.1,0.2,0.04,1,0.5,0.8,0.3,0.4,,
TEOWNtr5257,Needleleaf tree,Ntr,GF,Ntr,GFET,14.057,0.043,0.905,0.679,0.377,0.5,0.03,0.05,0.09,0.06,1.6,0.4,0.7,0.4,1.5,0.1,0.2,0.04,1,0.5,0.8,0.3,0.4,,
TEOWNtr5258,Needleleaf tree,Ntr,GF,Ntr,GFET,13.822,0.043,0.905,0.679,0.377,0.5,0.03,0.05,0.09,0.06,1.6,0.4,0.7,0.4,1.5,0.1,0.2,0.04,1,0.5,0.8,0.3,0.4,,
TEOWNtr5259,Needleleaf tree,Ntr,GF,Ntr,GFET,9.458,0.043,0.905,0.679,0.377,0.5,0.03,0.05,0.09,0.06,1.6,0.4,0.7,0.4,1.5,0.1,0.2,0.04,1,0.5,0.8,0.3,0.4,,
TEOWNtr5260,Needleleaf tree,Ntr,GF,Ntr,GFET,12.841,0.043,0.905,0.679,0.377,0.5,0.03,0.05,0.09,0.06,1.6,0.4,0.7,0.4,1.5,0.1,0.2,0.04,1,0.5,0.8,0.3,0.4,,
TEOWNtr5261,Needleleaf tree,Ntr,GF,Ntr,GFET,13.465,0.043,0.905,0.679,0.377,0.5,0.03,0.05,0.09,0.06,1.6,0.4,0.7,0.4,1.5,0.1,0.2,0.04,1,0.5,0.8,0.3,0.4,,
TEOWNtr5262,Needleleaf tree,Ntr,GF,Ntr,GFET,9.37,0.043,0.906,0.679,0.377,0.5,0.03,0.05,0.09,0.06,1.6,0.4,0.7,0.4,1.5,0.1,0.2,0.04,1,0.5,0.8,0.3,0.4,,
TEOWNtr5263,Needleleaf tree,Ntr,GF,Ntr,GFET,8.985,0.043,0.906,0.679,0.377,0.5,0.03,0.05,0.09,0.06,1.6,0.4,0.7,0.4,1.5,0.1,0.2,0.04,1,0.5,0.8,0.3,0.4,,
TEOWNtr5264,Needleleaf tree,Ntr,GF,Ntr,GFET,7.837,0.043,0.906,0.679,0.377,0.5,0.03,0.05,0.09,0.06,1.6,0.4,0.7,0.4,1.5,0.1,0.2,0.04,1,0.5,0.8,0.3,0.4,,
TEOWNtr5265,Needleleaf tree,Ntr,GF,Ntr,GFET,9.885,0.043,0.905,0.679,0.377,0.5,0.03,0.05,0.09,0.06,1.6,0.4,0.7,0.4,1.5,0.1,0.2,0.04,1,0.5,0.8,0.3,0.4,,
TEOWNtr5266,Needleleaf tree,Ntr,GF,Ntr,GFET,14.877,0.043,0.906,0.679,0.377,0.5,0.03,0.05,0.09,0.06,1.6,0.4,0.7,0.4,1.5,0.1,0.2,0.04,1,0.5,0.8,0.3,0.4,,
TEOWNtr5267,Needleleaf tree,Ntr,GF,Ntr,GFET,13.452,0.043,0.906,0.679,0.377,0.5,0.03,0.05,0.09,0.06,1.6,0.4,0.7,0.4,1.5,0.1,0.2,0.04,1,0.5,0.8,0.3,0.4,,
TEOWNtr5268,Needleleaf tree,Ntr,GF,Ntr,GFET,12.743,0.043,0.908,0.681,0.378,0.5,0.03,0.05,0.09,0.06,1.6,0.4,0.7,0.4,1.5,0.1,0.2,0.04,1,0.5,0.8,0.3,0.4,,
TEOWNtr5269,Needleleaf tree,Ntr,GF,Ntr,GFET,11.816,0.043,0.908,0.681,0.378,0.5,0.03,0.05,0.09,0.06,1.6,0.4,0.7,0.4,1.5,0.1,0.2,0.04,1,0.5,0.8,0.3,0.4,,
TEOWNtr5270,Needleleaf tree,Ntr,GF,Ntr,GFET,11.44,0.043,0.905,0.679,0.377,0.5,0.03,0.05,0.09,0.06,1.6,0.4,0.7,0.4,1.5,0.1,0.2,0.04,1,0.5,0.8,0.3,0.4,,
TEOWNtr5271,Needleleaf tree,Ntr,GF,Ntr,GFET,11.995,0.043,0.904,0.678,0.377,0.5,0.03,0.05,0.09,0.06,1.6,0.4,0.7,0.4,1.5,0.1,0.2,0.04,1,0.5,0.8,0.3,0.4,,
TEOWNtr5272,Needleleaf tree,Ntr,GF,Ntr,GFET,8.119,0.043,0.905,0.679,0.377,0.5,0.03,0.05,0.09,0.06,1.6,0.4,0.7,0.4,1.5,0.1,0.2,0.04,1,0.5,0.8,0.3,0.4,,
TEOWNtr5273,Needleleaf tree,Ntr,GF,Ntr,GFET,9.426,0.043,0.906,0.68,0.378,0.5,0.03,0.05,0.09,0.06,1.6,0.4,0.7,0.4,1.5,0.1,0.2,0.04,1,0.5,0.8,0.3,0.4,,
TEOWNtr5274,Needleleaf tree,Ntr,GF,Ntr,GFET,8.592,0.043,0.905,0.679,0.377,0.5,0.03,0.05,0.09,0.06,1.6,0.4,0.7,0.4,1.5,0.1,0.2,0.04,1,0.5,0.8,0.3,0.4,,
TEOWNtr5275,Needleleaf tree,Ntr,GF,Ntr,GFET,8.358,0.043,0.905,0.679,0.377,0.5,0.03,0.05,0.09,0.06,1.6,0.4,0.7,0.4,1.5,0.1,0.2,0.04,1,0.5,0.8,0.3,0.4,,
TEOWNtr5276,Needleleaf tree,Ntr,GF,Ntr,GFET,10.237,0.043,0.906,0.679,0.377,0.5,0.03,0.05,0.09,0.06,1.6,0.4,0.7,0.4,1.5,0.1,0.2,0.04,1,0.5,0.8,0.3,0.4,,
TEOWNtr5277,Needleleaf tree,Ntr,GF,Ntr,GFET,8.454,0.043,0.905,0.679,0.377,0.5,0.03,0.05,0.09,0.06,1.6,0.4,0.7,0.4,1.5,0.1,0.2,0.04,1,0.5,0.8,0.3,0.4,,
TEOWNtr5278,Needleleaf tree,Ntr,GF,Ntr,GFET,11.98,0.043,0.916,0.687,0.382,0.5,0.03,0.05,0.09,0.06,1.6,0.4,0.7,0.4,1.5,0.1,0.2,0.04,1,0.5,0.8,0.3,0.4,,
TEOWNtr5279,Needleleaf tree,Ntr,GF,Ntr,GFET,10.778,0.043,0.909,0.682,0.379,0.5,0.03,0.05,0.09,0.06,1.6,0.4,0.7,0.4,1.5,0.1,0.2,0.04,1,0.5,0.8,0.3,0.4,,
TEOWNtr5280,Needleleaf tree,Ntr,GF,Ntr,GFET,10.504,0.043,0.904,0.678,0.377,0.5,0.03,0.05,0.09,0.06,1.6,0.4,0.7,0.4,1.5,0.1,0.2,0.04,1,0.5,0.8,0.3,0.4,,
TEOWNtr5281,Needleleaf tree,Ntr,GF,Ntr,GFET,11.447,0.043,0.906,0.679,0.377,0.5,0.03,0.05,0.09,0.06,1.6,0.4,0.7,0.4,1.5,0.1,0.2,0.04,1,0.5,0.8,0.3,0.4,,
TEOWNtr5282,Needleleaf tree,Ntr,GF,Ntr,GFET,13.622,0.043,0.911,0.683,0.38,0.5,0.03,0.05,0.09,0.06,1.6,0.4,0.7,0.4,1.5,0.1,0.2,0.04,1,0.5,0.8,0.3,0.4,,
TEOWNtr5283,Needleleaf tree,Ntr,GF,Ntr,GFET,12.646,0.044,0.902,0.676,0.376,0.5,0.03,0.05,0.09,0.06,1.6,0.4,0.7,0.4,1.5,0.1,0.2,0.04,1,0.5,0.8,0.3,0.4,,
TEOWNtr5284,Needleleaf tree,Ntr,GF,Ntr,GFET,11.953,0.043,0.902,0.676,0.376,0.5,0.03,0.05,0.09,0.06,1.6,0.4,0.7,0.4,1.5,0.1,0.2,0.04,1,0.5,0.8,0.3,0.4,,
TEOWNtr5285,Needleleaf tree,Ntr,GF,Ntr,GFET,11.214,0.043,0.906,0.679,0.377,0.5,0.03,0.05,0.09,0.06,1.6,0.4,0.7,0.4,1.5,0.1,0.2,0.04,1,0.5,0.8,0.3,0.4,,
TEOWNtr5286,Needleleaf tree,Ntr,GF,Ntr,GFET,10.701,0.043,0.906,0.679,0.377,0.5,0.03,0.05,0.09,0.06,1.6,0.4,0.7,0.4,1.5,0.1,0.2,0.04,1,0.5,0.8,0.3,0.4,,
TEOWNtr5287,Needleleaf tree,Ntr,GF,Ntr,GFET,11.979,0.043,0.907,0.68,0.378,0.5,0.03,0.05,0.09,0.06,1.6,0.4,0.7,0.4,1.5,0.1,0.2,0.04,1,0.5,0.8,0.3,0.4,,
TEOWNtr5288,Needleleaf tree,Ntr,GF,Ntr,GFET,13.462,0.043,0.906,0.679,0.377,0.5,0.03,0.05,0.09,0.06,1.6,0.4,0.7,0.4,1.5,0.1,0.2,0.04,1,0.5,0.8,0.3,0.4,,
TEOWNtr5289,Needleleaf tree,Ntr,GF,Ntr,GFET,10.76,0.043,0.905,0.679,0.377,0.5,0.03,0.05,0.09,0.06,1.6,0.4,0.7,0.4,1.5,0.1,0.2,0.04,1,0.5,0.8,0.3,0.4,,
TEOWNtr5290,Needleleaf tree,Ntr,GF,Ntr,GFET,9.911,0.043,0.914,0.685,0.381,0.5,0.03,0.05,0.09,0.06,1.6,0.4,0.7,0.4,1.5,0.1,0.2,0.04,1,0.5,0.8,0.3,0.4,,
TEOWNtr5291,Needleleaf tree,Ntr,GF,Ntr,GFET,11.226,0.043,0.905,0.679,0.377,0.5,0.03,0.05,0.09,0.06,1.6,0.4,0.7,0.4,1.5,0.1,0.2,0.04,1,0.5,0.8,0.3,0.4,,
TEOWNtr5292,Needleleaf tree,Ntr,GF,Ntr,GFET,11.754,0.043,0.905,0.679,0.377,0.5,0.03,0.05,0.09,0.06,1.6,0.4,0.7,0.4,1.5,0.1,0.2,0.04,1,0.5,0.8,0.3,0.4,,
TEOWNtr5293,Needleleaf tree,Ntr,GF,Ntr,GFET,7.424,0.043,0.905,0.679,0.377,0.5,0.03,0.05,0.09,0.06,1.6,0.4,0.7,0.4,1.5,0.1,0.2,0.04,1,0.5,0.8,0.3,0.4,,
TEOWNtr5294,Needleleaf tree,Ntr,GF,Ntr,GFET,10.945,0.043,0.906,0.679,0.377,0.5,0.03,0.05,0.09,0.06,1.6,0.4,0.7,0.4,1.5,0.1,0.2,0.04,1,0.5,0.8,0.3,0.4,,
TEOWNtr5295,Needleleaf tree,Ntr,GF,Ntr,GFET,13.165,0.043,0.905,0.679,0.377,0.5,0.03,0.05,0.09,0.06,1.6,0.4,0.7,0.4,1.5,0.1,0.2,0.04,1,0.5,0.8,0.3,0.4,,
TEOWNtr5296,Needleleaf tree,Ntr,GF,Ntr,GFET,9.027,0.043,0.908,0.681,0.378,0.5,0.03,0.05,0.09,0.06,1.6,0.4,0.7,0.4,1.5,0.1,0.2,0.04,1,0.5,0.8,0.3,0.4,,
TEOWNtr5297,Needleleaf tree,Ntr,GF,Ntr,GFET,5.904,0.043,0.905,0.679,0.377,0.5,0.03,0.05,0.09,0.06,1.6,0.4,0.7,0.4,1.5,0.1,0.2,0.04,1,0.5,0.8,0.3,0.4,,
TEOWNtr5298,Needleleaf tree,Ntr,GF,Ntr,GFET,9.475,0.043,0.925,0.693,0.385,0.5,0.03,0.05,0.09,0.06,1.6,0.4,0.7,0.4,1.5,0.1,0.2,0.04,1,0.5,0.8,0.3,0.4,,
TEOWNtr5299,Needleleaf tree,Ntr,GF,Ntr,GFET,11.42,0.043,0.906,0.679,0.377,0.5,0.03,0.05,0.09,0.06,1.6,0.4,0.7,0.4,1.5,0.1,0.2,0.04,1,0.5,0.8,0.3,0.4,,
TEOWNtr5300,Needleleaf tree,Ntr,GF,Ntr,GFET,16.366,0.033,0.908,0.681,0.378,0.5,0.03,0.05,0.09,0.06,1.6,0.4,0.7,0.4,1.5,0.1,0.2,0.04,1,0.5,0.8,0.3,0.4,,
TEOWNtr5301,Needleleaf tree,Ntr,GF,Ntr,GFET,14.697,0.043,0.906,0.679,0.377,0.5,0.03,0.05,0.09,0.06,1.6,0.4,0.7,0.4,1.5,0.1,0.2,0.04,1,0.5,0.8,0.3,0.4,,
TEOWNtr5302,Needleleaf tree,Ntr,GF,Ntr,GFET,13.825,0.043,0.899,0.674,0.374,0.5,0.03,0.05,0.09,0.06,1.6,0.4,0.7,0.4,1.5,0.1,0.2,0.04,1,0.5,0.8,0.3,0.4,,
TEOWNtr5303,Needleleaf tree,Ntr,GF,Ntr,GFET,16.138,0.034,0.944,0.708,0.393,0.5,0.03,0.05,0.09,0.06,1.6,0.4,0.7,0.4,1.5,0.1,0.2,0.04,1,0.5,0.8,0.3,0.4,,
TEOWNtr5304,Needleleaf tree,Ntr,GF,Ntr,GFET,14.591,0.042,0.905,0.679,0.377,0.5,0.03,0.05,0.09,0.06,1.6,0.4,0.7,0.4,1.5,0.1,0.2,0.04,1,0.5,0.8,0.3,0.4,,
TEOWNtr5305,Needleleaf tree,Ntr,GF,Ntr,GFET,16.896,0.025,0.966,0.725,0.403,0.5,0.03,0.05,0.09,0.06,1.6,0.4,0.7,0.4,1.5,0.1,0.2,0.04,1,0.5,0.8,0.3,0.4,,
TEOWNtr5306,Needleleaf tree,Ntr,GF,Ntr,GFET,0.003,0.043,0.902,0.676,0.376,0.5,0.03,0.05,0.09,0.06,1.6,0.4,0.7,0.4,1.5,0.1,0.2,0.04,1,0.5,0.8,0.3,0.4,,
TEOWNtr5307,Needleleaf tree,Ntr,GF,Ntr,GFET,0.003,0.043,0.905,0.679,0.377,0.5,0.03,0.05,0.09,0.06,1.6,0.4,0.7,0.4,1.5,0.1,0.2,0.04,1,0.5,0.8,0.3,0.4,,
TEOWNtr5308,Needleleaf tree,Ntr,GF,Ntr,GFET,0.003,0.043,0.92,0.69,0.383,0.5,0.03,0.05,0.09,0.06,1.6,0.4,0.7,0.4,1.5,0.1,0.2,0.04,1,0.5,0.8,0.3,0.4,,
TEOWNtr5309,Needleleaf tree,Ntr,GF,Ntr,GFET,0.003,0.043,0.902,0.676,0.376,0.5,0.03,0.05,0.09,0.06,1.6,0.4,0.7,0.4,1.5,0.1,0.2,0.04,1,0.5,0.8,0.3,0.4,,
TEOWNtr5310,Needleleaf tree,Ntr,GF,Ntr,GFET,0.003,0.043,0.905,0.679,0.377,0.5,0.03,0.05,0.09,0.06,1.6,0.4,0.7,0.4,1.5,0.1,0.2,0.04,1,0.5,0.8,0.3,0.4,,
TEOWNtr5311,Needleleaf tree,Ntr,GF,Ntr,GFET,0.003,0.043,0.907,0.68,0.378,0.5,0.03,0.05,0.09,0.06,1.6,0.4,0.7,0.4,1.5,0.1,0.2,0.04,1,0.5,0.8,0.3,0.4,,
TEOWNtr5312,Needleleaf tree,Ntr,GF,Ntr,GFET,9.491,0.044,0.919,0.689,0.383,0.5,0.03,0.05,0.09,0.06,1.6,0.4,0.7,0.4,1.5,0.1,0.2,0.04,1,0.5,0.8,0.3,0.4,,
TEOWNtr5313,Needleleaf tree,Ntr,GF,Ntr,GFET,5.341,0.003,0.088,0.066,0.037,0.5,0.03,0.05,0.09,0.06,1.6,0.4,0.7,0.4,1.5,0.1,0.2,0.04,1,0.5,0.8,0.3,0.4,,
TEOWNtr5314,Needleleaf tree,Ntr,GF,Ntr,GFET,13.131,1.344,0.395,0.296,0.165,0.5,0.03,0.05,0.09,0.06,1.6,0.4,0.7,0.4,1.5,0.1,0.2,0.04,1,0.5,0.8,0.3,0.4,,
TEOWNtr5315,Needleleaf tree,Ntr,GF,Ntr,GFET,25.317,1.711,0.422,0.316,0.176,0.5,0.03,0.05,0.09,0.06,1.6,0.4,0.7,0.4,1.5,0.1,0.2,0.04,1,0.5,0.8,0.3,0.4,,
TEOWNtr5316,Needleleaf tree,Ntr,GF,Ntr,GFET,6.049,0.094,0.502,0.376,0.209,0.5,0.03,0.05,0.09,0.06,1.6,0.4,0.7,0.4,1.5,0.1,0.2,0.04,1,0.5,0.8,0.3,0.4,,
TEOWNtr5317,Needleleaf tree,Ntr,GF,Ntr,GFET,11.791,0.716,0.645,0.484,0.269,0.5,0.03,0.05,0.09,0.06,1.6,0.4,0.7,0.4,1.5,0.1,0.2,0.04,1,0.5,0.8,0.3,0.4,,
TEOWNtr5318,Needleleaf tree,Ntr,GF,Ntr,GFET,14.162,0.821,0.633,0.475,0.264,0.5,0.03,0.05,0.09,0.06,1.6,0.4,0.7,0.4,1.5,0.1,0.2,0.04,1,0.5,0.8,0.3,0.4,,
TEOWNtr5319,Needleleaf tree,Ntr,GF,Ntr,GFET,16.181,0.16,0.46,0.345,0.192,0.5,0.03,0.05,0.09,0.06,1.6,0.4,0.7,0.4,1.5,0.1,0.2,0.04,1,0.5,0.8,0.3,0.4,,
TEOWNtr5320,Needleleaf tree,Ntr,GF,Ntr,GFET,18.951,0.837,0.462,0.346,0.192,0.5,0.03,0.05,0.09,0.06,1.6,0.4,0.7,0.4,1.5,0.1,0.2,0.04,1,0.5,0.8,0.3,0.4,,
TEOWNtr5321,Needleleaf tree,Ntr,GF,Ntr,GFET,5.807,0.847,0.588,0.441,0.245,0.5,0.03,0.05,0.09,0.06,1.6,0.4,0.7,0.4,1.5,0.1,0.2,0.04,1,0.5,0.8,0.3,0.4,,
TEOWNtr5322,Needleleaf tree,Ntr,GF,Ntr,GFET,6.985,0.337,0.581,0.435,0.242,0.5,0.03,0.05,0.09,0.06,1.6,0.4,0.7,0.4,1.5,0.1,0.2,0.04,1,0.5,0.8,0.3,0.4,,
TEOWNtr5323,Needleleaf tree,Ntr,GF,Ntr,GFET,7.067,0.206,0.558,0.419,0.233,0.5,0.03,0.05,0.09,0.06,1.6,0.4,0.7,0.4,1.5,0.1,0.2,0.04,1,0.5,0.8,0.3,0.4,,
TEOWNtr5324,Needleleaf tree,Ntr,GF,Ntr,GFET,14.881,0.196,0.461,0.345,0.192,0.5,0.03,0.05,0.09,0.06,1.6,0.4,0.7,0.4,1.5,0.1,0.2,0.04,1,0.5,0.8,0.3,0.4,,
TEOWNtr5325,Needleleaf tree,Ntr,GF,Ntr,GFET,7.361,0.061,0.638,0.479,0.266,0.5,0.03,0.05,0.09,0.06,1.6,0.4,0.7,0.4,1.5,0.1,0.2,0.04,1,0.5,0.8,0.3,0.4,,
TEOWNtr5326,Needleleaf tree,Ntr,GF,Ntr,GFET,10.705,0.124,0.639,0.479,0.266,0.5,0.03,0.05,0.09,0.06,1.6,0.4,0.7,0.4,1.5,0.1,0.2,0.04,1,0.5,0.8,0.3,0.4,,
TEOWNtr5327,Needleleaf tree,Ntr,GF,Ntr,GFET,13.877,0.495,0.541,0.406,0.225,0.5,0.03,0.05,0.09,0.06,1.6,0.4,0.7,0.4,1.5,0.1,0.2,0.04,1,0.5,0.8,0.3,0.4,,
TEOWNtr5328,Needleleaf tree,Ntr,GF,Ntr,GFET,13.133,1.475,0.828,0.621,0.345,0.5,0.03,0.05,0.09,0.06,1.6,0.4,0.7,0.4,1.5,0.1,0.2,0.04,1,0.5,0.8,0.3,0.4,,
TEOWNtr5329,Needleleaf tree,Ntr,GF,Ntr,GFET,7.539,0.307,0.539,0.404,0.224,0.5,0.03,0.05,0.09,0.06,1.6,0.4,0.7,0.4,1.5,0.1,0.2,0.04,1,0.5,0.8,0.3,0.4,,
TEOWNtr5330,Needleleaf tree,Ntr,GF,Ntr,GFET,11.902,1.367,0.493,0.37,0.205,0.5,0.03,0.05,0.09,0.06,1.6,0.4,0.7,0.4,1.5,0.1,0.2,0.04,1,0.5,0.8,0.3,0.4,,
TEOWNtr5331,Needleleaf tree,Ntr,GF,Ntr,GFET,10.072,1.338,0.505,0.379,0.21,0.5,0.03,0.05,0.09,0.06,1.6,0.4,0.7,0.4,1.5,0.1,0.2,0.04,1,0.5,0.8,0.3,0.4,,
TEOWNtr5332,Needleleaf tree,Ntr,GF,Ntr,GFET,5.067,0.251,0.575,0.431,0.239,0.5,0.03,0.05,0.09,0.06,1.6,0.4,0.7,0.4,1.5,0.1,0.2,0.04,1,0.5,0.8,0.3,0.4,,
TEOWNtr5333,Needleleaf tree,Ntr,GF,Ntr,GFET,6.327,3.281,0.613,0.46,0.255,0.5,0.03,0.05,0.09,0.06,1.6,0.4,0.7,0.4,1.5,0.1,0.2,0.04,1,0.5,0.8,0.3,0.4,,
TEOWNtr5334,Needleleaf tree,Ntr,GF,Ntr,GFET,7.221,2.263,0.616,0.462,0.257,0.5,0.03,0.05,0.09,0.06,1.6,0.4,0.7,0.4,1.5,0.1,0.2,0.04,1,0.5,0.8,0.3,0.4,,
TEOWNtr5335,Needleleaf tree,Ntr,GF,Ntr,GFET,8.797,1.657,0.422,0.316,0.176,0.5,0.03,0.05,0.09,0.06,1.6,0.4,0.7,0.4,1.5,0.1,0.2,0.04,1,0.5,0.8,0.3,0.4,,
TEOWNtr5336,Needleleaf tree,Ntr,GF,Ntr,GFET,11.603,1.262,0.513,0.385,0.214,0.5,0.03,0.05,0.09,0.06,1.6,0.4,0.7,0.4,1.5,0.1,0.2,0.04,1,0.5,0.8,0.3,0.4,,
TEOWNtr5337,Needleleaf tree,Ntr,GF,Ntr,GFET,1.578,4.797,0.622,0.466,0.259,0.5,0.03,0.05,0.09,0.06,1.6,0.4,0.7,0.4,1.5,0.1,0.2,0.04,1,0.5,0.8,0.3,0.4,,
TEOWNtr5338,Needleleaf tree,Ntr,GF,Ntr,GFET,7.007,0.982,0.542,0.407,0.226,0.5,0.03,0.05,0.09,0.06,1.6,0.4,0.7,0.4,1.5,0.1,0.2,0.04,1,0.5,0.8,0.3,0.4,,
TEOWNtr5339,Needleleaf tree,Ntr,GF,Ntr,GFET,3.898,2.772,0.583,0.437,0.243,0.5,0.03,0.05,0.09,0.06,1.6,0.4,0.7,0.4,1.5,0.1,0.2,0.04,1,0.5,0.8,0.3,0.4,,
TEOWNtr5340,Needleleaf tree,Ntr,GF,Ntr,GFET,1.227,0.496,0.546,0.409,0.227,0.5,0.03,0.05,0.09,0.06,1.6,0.4,0.7,0.4,1.5,0.1,0.2,0.04,1,0.5,0.8,0.3,0.4,,
TEOWNtr5341,Needleleaf tree,Ntr,GF,Ntr,GFET,5.961,1.876,0.609,0.457,0.254,0.5,0.03,0.05,0.09,0.06,1.6,0.4,0.7,0.4,1.5,0.1,0.2,0.04,1,0.5,0.8,0.3,0.4,,
TEOWNtr5342,Needleleaf tree,Ntr,GF,Ntr,GFET,3.243,0.517,0.526,0.394,0.219,0.5,0.03,0.05,0.09,0.06,1.6,0.4,0.7,0.4,1.5,0.1,0.2,0.04,1,0.5,0.8,0.3,0.4,,
TEOWNtr5343,Needleleaf tree,Ntr,GF,Ntr,GFET,11.947,4.673,0.434,0.326,0.181,0.5,0.03,0.05,0.09,0.06,1.6,0.4,0.7,0.4,1.5,0.1,0.2,0.04,1,0.5,0.8,0.3,0.4,,
TEOWNtr5344,Needleleaf tree,Ntr,GF,Ntr,GFET,2.177,6.552,0.618,0.464,0.258,0.5,0.03,0.05,0.09,0.06,1.6,0.4,0.7,0.4,1.5,0.1,0.2,0.04,1,0.5,0.8,0.3,0.4,,
TEOWNtr5345,Needleleaf tree,Ntr,GF,Ntr,GFET,9.077,0.761,0.824,0.618,0.343,0.5,0.03,0.05,0.09,0.06,1.6,0.4,0.7,0.4,1.5,0.1,0.2,0.04,1,0.5,0.8,0.3,0.4,,
TEOWNtr5346,Needleleaf tree,Ntr,GF,Ntr,GFET,5.132,1.708,0.632,0.474,0.263,0.5,0.03,0.05,0.09,0.06,1.6,0.4,0.7,0.4,1.5,0.1,0.2,0.04,1,0.5,0.8,0.3,0.4,,
TEOWNtr5347,Needleleaf tree,Ntr,GF,Ntr,GFET,2.935,0.289,0.468,0.351,0.195,0.5,0.03,0.05,0.09,0.06,1.6,0.4,0.7,0.4,1.5,0.1,0.2,0.04,1,0.5,0.8,0.3,0.4,,
TEOWNtr5348,Needleleaf tree,Ntr,GF,Ntr,GFET,5.638,1.548,0.482,0.361,0.201,0.5,0.03,0.05,0.09,0.06,1.6,0.4,0.7,0.4,1.5,0.1,0.2,0.04,1,0.5,0.8,0.3,0.4,,
TEOWNtr5349,Needleleaf tree,Ntr,GF,Ntr,GFET,15.014,1.642,0.762,0.572,0.318,0.5,0.03,0.05,0.09,0.06,1.6,0.4,0.7,0.4,1.5,0.1,0.2,0.04,1,0.5,0.8,0.3,0.4,,
TEOWNtr5350,Needleleaf tree,Ntr,GF,Ntr,GFET,5.163,2.089,0.569,0.427,0.237,0.5,0.03,0.05,0.09,0.06,1.6,0.4,0.7,0.4,1.5,0.1,0.2,0.04,1,0.5,0.8,0.3,0.4,,
TEOWNtr5351,Needleleaf tree,Ntr,GF,Ntr,GFET,4.274,0.205,0.435,0.326,0.181,0.5,0.03,0.05,0.09,0.06,1.6,0.4,0.7,0.4,1.5,0.1,0.2,0.04,1,0.5,0.8,0.3,0.4,,
TEOWNtr5352,Needleleaf tree,Ntr,GF,Ntr,GFET,4.874,1.514,0.266,0.2,0.111,0.5,0.03,0.05,0.09,0.06,1.6,0.4,0.7,0.4,1.5,0.1,0.2,0.04,1,0.5,0.8,0.3,0.4,,
TEOWNtr5353,Needleleaf tree,Ntr,GF,Ntr,GFET,7.607,1.667,0.583,0.438,0.243,0.5,0.03,0.05,0.09,0.06,1.6,0.4,0.7,0.4,1.5,0.1,0.2,0.04,1,0.5,0.8,0.3,0.4,,
TEOWNtr5354,Needleleaf tree,Ntr,GF,Ntr,GFET,3.527,2.617,0.603,0.452,0.251,0.5,0.03,0.05,0.09,0.06,1.6,0.4,0.7,0.4,1.5,0.1,0.2,0.04,1,0.5,0.8,0.3,0.4,,
TEOWNtr5355,Needleleaf tree,Ntr,GF,Ntr,GFET,12.832,1.413,0.91,0.682,0.379,0.5,0.03,0.05,0.09,0.06,1.6,0.4,0.7,0.4,1.5,0.1,0.2,0.04,1,0.5,0.8,0.3,0.4,,
TEOWNtr5356,Needleleaf tree,Ntr,GF,Ntr,GFET,4.686,0.298,0.511,0.383,0.213,0.5,0.03,0.05,0.09,0.06,1.6,0.4,0.7,0.4,1.5,0.1,0.2,0.04,1,0.5,0.8,0.3,0.4,,
TEOWNtr5357,Needleleaf tree,Ntr,GF,Ntr,GFET,5.008,0.98,0.558,0.418,0.232,0.5,0.03,0.05,0.09,0.06,1.6,0.4,0.7,0.4,1.5,0.1,0.2,0.04,1,0.5,0.8,0.3,0.4,,
TEOWNtr5358,Needleleaf tree,Ntr,GF,Ntr,GFET,15.14,2.932,0.442,0.332,0.184,0.5,0.03,0.05,0.09,0.06,1.6,0.4,0.7,0.4,1.5,0.1,0.2,0.04,1,0.5,0.8,0.3,0.4,,
TEOWNtr5359,Needleleaf tree,Ntr,GF,Ntr,GFET,3.221,3.887,0.541,0.406,0.225,0.5,0.03,0.05,0.09,0.06,1.6,0.4,0.7,0.4,1.5,0.1,0.2,0.04,1,0.5,0.8,0.3,0.4,,
TEOWNtr5360,Needleleaf tree,Ntr,GF,Ntr,GFET,3.618,4.641,0.532,0.399,0.222,0.5,0.03,0.05,0.09,0.06,1.6,0.4,0.7,0.4,1.5,0.1,0.2,0.04,1,0.5,0.8,0.3,0.4,,
TEOWNtr5361,Needleleaf tree,Ntr,GF,Ntr,GFET,10.842,1.528,0.702,0.526,0.292,0.5,0.03,0.05,0.09,0.06,1.6,0.4,0.7,0.4,1.5,0.1,0.2,0.04,1,0.5,0.8,0.3,0.4,,
TEOWNtr5362,Needleleaf tree,Ntr,GF,Ntr,GFET,10.471,2.095,0.505,0.378,0.21,0.5,0.03,0.05,0.09,0.06,1.6,0.4,0.7,0.4,1.5,0.1,0.2,0.04,1,0.5,0.8,0.3,0.4,,
TEOWNtr5363,Needleleaf tree,Ntr,GF,Ntr,GFET,14.331,0.003,0.625,0.469,0.261,0.5,0.03,0.05,0.09,0.06,1.6,0.4,0.7,0.4,1.5,0.1,0.2,0.04,1,0.5,0.8,0.3,0.4,,
TEOWNtr5364,Needleleaf tree,Ntr,GF,Ntr,GFET,8.174,1.437,0.61,0.457,0.254,0.5,0.03,0.05,0.09,0.06,1.6,0.4,0.7,0.4,1.5,0.1,0.2,0.04,1,0.5,0.8,0.3,0.4,,
TEOWNtr5365,Needleleaf tree,Ntr,GF,Ntr,GFET,14.798,0.003,0.461,0.346,0.192,0.5,0.03,0.05,0.09,0.06,1.6,0.4,0.7,0.4,1.5,0.1,0.2,0.04,1,0.5,0.8,0.3,0.4,,
TEOWNtr5366,Needleleaf tree,Ntr,GF,Ntr,GFET,10.797,0.003,0.625,0.469,0.261,0.5,0.03,0.05,0.09,0.06,1.6,0.4,0.7,0.4,1.5,0.1,0.2,0.04,1,0.5,0.8,0.3,0.4,,
TEOWNtr5367,Needleleaf tree,Ntr,GF,Ntr,GFET,6.407,0.027,0.743,0.558,0.31,0.5,0.03,0.05,0.09,0.06,1.6,0.4,0.7,0.4,1.5,0.1,0.2,0.04,1,0.5,0.8,0.3,0.4,,
TEOWNtr5368,Needleleaf tree,Ntr,GF,Ntr,GFET,9.811,0.018,0.731,0.548,0.304,0.5,0.03,0.05,0.09,0.06,1.6,0.4,0.7,0.4,1.5,0.1,0.2,0.04,1,0.5,0.8,0.3,0.4,,
TEOWNtr5369,Needleleaf tree,Ntr,GF,Ntr,GFET,15.299,0.08,0.627,0.47,0.261,0.5,0.03,0.05,0.09,0.06,1.6,0.4,0.7,0.4,1.5,0.1,0.2,0.04,1,0.5,0.8,0.3,0.4,,
TEOWNtr5370,Needleleaf tree,Ntr,GF,Ntr,GFET,9.552,1.131,0.625,0.469,0.26,0.5,0.03,0.05,0.09,0.06,1.6,0.4,0.7,0.4,1.5,0.1,0.2,0.04,1,0.5,0.8,0.3,0.4,,
TEOWNtr5371,Needleleaf tree,Ntr,GF,Ntr,GFET,8.968,2.323,0.556,0.417,0.232,0.5,0.03,0.05,0.09,0.06,1.6,0.4,0.7,0.4,1.5,0.1,0.2,0.04,1,0.5,0.8,0.3,0.4,,
TEOWNtr5372,Needleleaf tree,Ntr,GF,Ntr,GFET,8.382,0.634,0.674,0.505,0.281,0.5,0.03,0.05,0.09,0.06,1.6,0.4,0.7,0.4,1.5,0.1,0.2,0.04,1,0.5,0.8,0.3,0.4,,
TEOWNtr5373,Needleleaf tree,Ntr,GF,Ntr,GFET,7.493,0.003,0.705,0.529,0.294,0.5,0.03,0.05,0.09,0.06,1.6,0.4,0.7,0.4,1.5,0.1,0.2,0.04,1,0.5,0.8,0.3,0.4,,
TEOWNtr5374,Needleleaf tree,Ntr,GF,Ntr,GFET,15.727,0.891,0.649,0.487,0.27,0.5,0.03,0.05,0.09,0.06,1.6,0.4,0.7,0.4,1.5,0.1,0.2,0.04,1,0.5,0.8,0.3,0.4,,
TEOWNtr5375,Needleleaf tree,Ntr,GF,Ntr,GFET,10.933,2.059,0.579,0.434,0.241,0.5,0.03,0.05,0.09,0.06,1.6,0.4,0.7,0.4,1.5,0.1,0.2,0.04,1,0.5,0.8,0.3,0.4,,
TEOWNtr5376,Needleleaf tree,Ntr,GF,Ntr,GFET,15.901,0.658,0.667,0.5,0.278,0.5,0.03,0.05,0.09,0.06,1.6,0.4,0.7,0.4,1.5,0.1,0.2,0.04,1,0.5,0.8,0.3,0.4,,
TEOWNtr5377,Needleleaf tree,Ntr,GF,Ntr,GFET,6.112,0.003,0.78,0.585,0.325,0.5,0.03,0.05,0.09,0.06,1.6,0.4,0.7,0.4,1.5,0.1,0.2,0.04,1,0.5,0.8,0.3,0.4,,
TEOWNtr5378,Needleleaf tree,Ntr,GF,Ntr,GFET,8.804,1.006,0.628,0.471,0.262,0.5,0.03,0.05,0.09,0.06,1.6,0.4,0.7,0.4,1.5,0.1,0.2,0.04,1,0.5,0.8,0.3,0.4,,
TEOWNtr5379,Needleleaf tree,Ntr,GF,Ntr,GFET,8.784,2.708,0.587,0.44,0.245,0.5,0.03,0.05,0.09,0.06,1.6,0.4,0.7,0.4,1.5,0.1,0.2,0.04,1,0.5,0.8,0.3,0.4,,
TEOWNtr5380,Needleleaf tree,Ntr,GF,Ntr,GFET,19.056,1.65,0.754,0.566,0.314,0.5,0.03,0.05,0.09,0.06,1.6,0.4,0.7,0.4,1.5,0.1,0.2,0.04,1,0.5,0.8,0.3,0.4,,
TEOWNtr5381,Needleleaf tree,Ntr,GF,Ntr,GFET,7.718,0.313,0.227,0.17,0.094,0.5,0.03,0.05,0.09,0.06,1.6,0.4,0.7,0.4,1.5,0.1,0.2,0.04,1,0.5,0.8,0.3,0.4,,
TEOWNtr5382,Needleleaf tree,Ntr,GF,Ntr,GFET,15.373,1.713,0.662,0.497,0.276,0.5,0.03,0.05,0.09,0.06,1.6,0.4,0.7,0.4,1.5,0.1,0.2,0.04,1,0.5,0.8,0.3,0.4,,
TEOWNtr5383,Needleleaf tree,Ntr,GF,Ntr,GFET,9.806,0.377,0.723,0.542,0.301,0.5,0.03,0.05,0.09,0.06,1.6,0.4,0.7,0.4,1.5,0.1,0.2,0.04,1,0.5,0.8,0.3,0.4,,
TEOWNtr5384,Needleleaf tree,Ntr,GF,Ntr,GFET,11.514,0.057,0.484,0.363,0.201,0.5,0.03,0.05,0.09,0.06,1.6,0.4,0.7,0.4,1.5,0.1,0.2,0.04,1,0.5,0.8,0.3,0.4,,
TEOWNtr5385,Needleleaf tree,Ntr,GF,Ntr,GFET,7.928,0.021,0.682,0.511,0.284,0.5,0.03,0.05,0.09,0.06,1.6,0.4,0.7,0.4,1.5,0.1,0.2,0.04,1,0.5,0.8,0.3,0.4,,
TEOWNtr5386,Needleleaf tree,Ntr,GF,Ntr,GFET,34.538,0.009,0.313,0.235,0.13,0.5,0.03,0.05,0.09,0.06,1.6,0.4,0.7,0.4,1.5,0.1,0.2,0.04,1,0.5,0.8,0.3,0.4,,
TEOWNtr5387,Needleleaf tree,Ntr,GF,Ntr,GFET,3.702,0.003,0.981,0.736,0.409,0.5,0.03,0.05,0.09,0.06,1.6,0.4,0.7,0.4,1.5,0.1,0.2,0.04,1,0.5,0.8,0.3,0.4,,
TEOWNtr5388,Needleleaf tree,Ntr,GF,Ntr,GFET,4.763,4.819,0.493,0.369,0.205,0.5,0.03,0.05,0.09,0.06,1.6,0.4,0.7,0.4,1.5,0.1,0.2,0.04,1,0.5,0.8,0.3,0.4,,
TEOWNtr5389,Needleleaf tree,Ntr,GF,Ntr,GFET,5.685,4.943,1.324,0.993,0.552,0.5,0.03,0.05,0.09,0.06,1.6,0.4,0.7,0.4,1.5,0.1,0.2,0.04,1,0.5,0.8,0.3,0.4,,
TEOWNtr5390,Needleleaf tree,Ntr,GF,Ntr,GFET,13.703,2.426,0.539,0.404,0.225,0.5,0.03,0.05,0.09,0.06,1.6,0.4,0.7,0.4,1.5,0.1,0.2,0.04,1,0.5,0.8,0.3,0.4,,
TEOWNtr5391,Needleleaf tree,Ntr,GF,Ntr,GFET,9.442,7.22,0.646,0.485,0.269,0.5,0.03,0.05,0.09,0.06,1.6,0.4,0.7,0.4,1.5,0.1,0.2,0.04,1,0.5,0.8,0.3,0.4,,
TEOWNtr5392,Needleleaf tree,Ntr,GF,Ntr,GFET,12.119,0.091,0.73,0.547,0.304,0.5,0.03,0.05,0.09,0.06,1.6,0.4,0.7,0.4,1.5,0.1,0.2,0.04,1,0.5,0.8,0.3,0.4,,
TEOWNtr5393,Needleleaf tree,Ntr,GF,Ntr,GFET,1.492,4.549,0.675,0.506,0.281,0.5,0.03,0.05,0.09,0.06,1.6,0.4,0.7,0.4,1.5,0.1,0.2,0.04,1,0.5,0.8,0.3,0.4,,
TEOWNtr5394,Needleleaf tree,Ntr,GF,Ntr,GFET,16.617,1.112,0.491,0.369,0.205,0.5,0.03,0.05,0.09,0.06,1.6,0.4,0.7,0.4,1.5,0.1,0.2,0.04,1,0.5,0.8,0.3,0.4,,
TEOWNtr5395,Needleleaf tree,Ntr,GF,Ntr,GFET,4.312,2.659,0.679,0.51,0.283,0.5,0.03,0.05,0.09,0.06,1.6,0.4,0.7,0.4,1.5,0.1,0.2,0.04,1,0.5,0.8,0.3,0.4,,
TEOWNtr5396,Needleleaf tree,Ntr,GF,Ntr,GFET,11.077,0.058,0.629,0.472,0.262,0.5,0.03,0.05,0.09,0.06,1.6,0.4,0.7,0.4,1.5,0.1,0.2,0.04,1,0.5,0.8,0.3,0.4,,
TEOWNtr5397,Needleleaf tree,Ntr,GF,Ntr,GFET,27.425,0.044,0.905,0.679,0.377,0.5,0.03,0.05,0.09,0.06,1.6,0.4,0.7,0.4,1.5,0.1,0.2,0.04,1,0.5,0.8,0.3,0.4,,
TEOWNtr5398,Needleleaf tree,Ntr,GF,Ntr,GFET,15.999,0.024,0.842,0.632,0.351,0.5,0.03,0.05,0.09,0.06,1.6,0.4,0.7,0.4,1.5,0.1,0.2,0.04,1,0.5,0.8,0.3,0.4,,
TEOWNtr5399,Needleleaf tree,Ntr,GF,Ntr,GFET,0.386,0.044,0.9,0.675,0.375,0.5,0.03,0.05,0.09,0.06,1.6,0.4,0.7,0.4,1.5,0.1,0.2,0.04,1,0.5,0.8,0.3,0.4,,
TEOWNtr5400,Needleleaf tree,Ntr,GF,Ntr,GFET,33.521,0.012,0.804,0.603,0.335,0.5,0.03,0.05,0.09,0.06,1.6,0.4,0.7,0.4,1.5,0.1,0.2,0.04,1,0.5,0.8,0.3,0.4,,
TEOWNtr5401,Needleleaf tree,Ntr,GF,Ntr,GFET,0.003,0.003,0.625,0.469,0.261,0.5,0.03,0.05,0.09,0.06,1.6,0.4,0.7,0.4,1.5,0.1,0.2,0.04,1,0.5,0.8,0.3,0.4,,
TEOWNtr5402,Needleleaf tree,Ntr,GF,Ntr,GFET,11.061,0.003,0.716,0.537,0.298,0.5,0.03,0.05,0.09,0.06,1.6,0.4,0.7,0.4,1.5,0.1,0.2,0.04,1,0.5,0.8,0.3,0.4,,
TEOWNtr5403,Needleleaf tree,Ntr,GF,Ntr,GFET,18.973,2.656,0.646,0.485,0.269,0.5,0.03,0.05,0.09,0.06,1.6,0.4,0.7,0.4,1.5,0.1,0.2,0.04,1,0.5,0.8,0.3,0.4,,
TEOWNtr5404,Needleleaf tree,Ntr,GF,Ntr,GFET,25.694,0.027,0.834,0.626,0.348,0.5,0.03,0.05,0.09,0.06,1.6,0.4,0.7,0.4,1.5,0.1,0.2,0.04,1,0.5,0.8,0.3,0.4,,
TEOWNtr5405,Needleleaf tree,Ntr,GF,Ntr,GFET,25.202,0.018,0.874,0.655,0.364,0.5,0.03,0.05,0.09,0.06,1.6,0.4,0.7,0.4,1.5,0.1,0.2,0.04,1,0.5,0.8,0.3,0.4,,
TEOWNtr5406,Needleleaf tree,Ntr,GF,Ntr,GFET,9.893,1.965,0.621,0.466,0.259,0.5,0.03,0.05,0.09,0.06,1.6,0.4,0.7,0.4,1.5,0.1,0.2,0.04,1,0.5,0.8,0.3,0.4,,
TEOWNtr5407,Needleleaf tree,Ntr,GF,Ntr,GFET,8.386,0.038,0.905,0.679,0.377,0.5,0.03,0.05,0.09,0.06,1.6,0.4,0.7,0.4,1.5,0.1,0.2,0.04,1,0.5,0.8,0.3,0.4,,
TEOWNtr5408,Needleleaf tree,Ntr,GF,Ntr,GFET,11.859,0.043,0.905,0.679,0.377,0.5,0.03,0.05,0.09,0.06,1.6,0.4,0.7,0.4,1.5,0.1,0.2,0.04,1,0.5,0.8,0.3,0.4,,
TEOWNtr5409,Needleleaf tree,Ntr,GF,Ntr,GFET,15.471,0.003,0.676,0.507,0.282,0.5,0.03,0.05,0.09,0.06,1.6,0.4,0.7,0.4,1.5,0.1,0.2,0.04,1,0.5,0.8,0.3,0.4,,
TEOWNtr5410,Needleleaf tree,Ntr,GF,Ntr,GFET,12.53,0.023,0.841,0.631,0.35,0.5,0.03,0.05,0.09,0.06,1.6,0.4,0.7,0.4,1.5,0.1,0.2,0.04,1,0.5,0.8,0.3,0.4,,
TEOWNtr5411,Needleleaf tree,Ntr,GF,Ntr,GFET,12.576,1.791,0.656,0.492,0.273,0.5,0.03,0.05,0.09,0.06,1.6,0.4,0.7,0.4,1.5,0.1,0.2,0.04,1,0.5,0.8,0.3,0.4,,
TEOWNtr5412,Needleleaf tree,Ntr,GF,Ntr,GFET,5.863,0.316,0.557,0.417,0.232,0.5,0.03,0.05,0.09,0.06,1.6,0.4,0.7,0.4,1.5,0.1,0.2,0.04,1,0.5,0.8,0.3,0.4,,
TEOWNtr5413,Needleleaf tree,Ntr,GF,Ntr,GFET,24.878,0.024,0.762,0.571,0.317,0.5,0.03,0.05,0.09,0.06,1.6,0.4,0.7,0.4,1.5,0.1,0.2,0.04,1,0.5,0.8,0.3,0.4,,
TEOWNtr5414,Needleleaf tree,Ntr,GF,Ntr,GFET,22.375,0.701,0.616,0.462,0.257,0.5,0.03,0.05,0.09,0.06,1.6,0.4,0.7,0.4,1.5,0.1,0.2,0.04,1,0.5,0.8,0.3,0.4,,
TEOWNtr5415,Needleleaf tree,Ntr,GF,Ntr,GFET,17.044,3.325,0.408,0.306,0.17,0.5,0.03,0.05,0.09,0.06,1.6,0.4,0.7,0.4,1.5,0.1,0.2,0.04,1,0.5,0.8,0.3,0.4,,
TEOWNtr5416,Needleleaf tree,Ntr,GF,Ntr,GFET,17.469,3.101,0.434,0.325,0.181,0.5,0.03,0.05,0.09,0.06,1.6,0.4,0.7,0.4,1.5,0.1,0.2,0.04,1,0.5,0.8,0.3,0.4,,
TEOWNtr5417,Needleleaf tree,Ntr,GF,Ntr,GFET,14.606,0.04,0.906,0.679,0.377,0.5,0.03,0.05,0.09,0.06,1.6,0.4,0.7,0.4,1.5,0.1,0.2,0.04,1,0.5,0.8,0.3,0.4,,
TEOWNtr5418,Needleleaf tree,Ntr,GF,Ntr,GFET,7.132,0.037,0.757,0.568,0.316,0.5,0.03,0.05,0.09,0.06,1.6,0.4,0.7,0.4,1.5,0.1,0.2,0.04,1,0.5,0.8,0.3,0.4,,
TEOWNtr5419,Needleleaf tree,Ntr,GF,Ntr,GFET,4.402,0.411,1.141,0.856,0.475,0.5,0.03,0.05,0.09,0.06,1.6,0.4,0.7,0.4,1.5,0.1,0.2,0.04,1,0.5,0.8,0.3,0.4,,
TEOWNtr5420,Needleleaf tree,Ntr,GF,Ntr,GFET,9.065,0.579,0.478,0.358,0.199,0.5,0.03,0.05,0.09,0.06,1.6,0.4,0.7,0.4,1.5,0.1,0.2,0.04,1,0.5,0.8,0.3,0.4,,
TEOWNtr5421,Needleleaf tree,Ntr,GF,Ntr,GFET,5.358,0.412,0.674,0.506,0.281,0.5,0.03,0.05,0.09,0.06,1.6,0.4,0.7,0.4,1.5,0.1,0.2,0.04,1,0.5,0.8,0.3,0.4,,
TEOWNtr5422,Needleleaf tree,Ntr,GF,Ntr,GFET,12.595,0.026,0.687,0.515,0.286,0.5,0.03,0.05,0.09,0.06,1.6,0.4,0.7,0.4,1.5,0.1,0.2,0.04,1,0.5,0.8,0.3,0.4,,
TEOWNtr5423,Needleleaf tree,Ntr,GF,Ntr,GFET,0.482,0.038,0.906,0.679,0.377,0.5,0.03,0.05,0.09,0.06,1.6,0.4,0.7,0.4,1.5,0.1,0.2,0.04,1,0.5,0.8,0.3,0.4,,
TEOWNtr5424,Needleleaf tree,Ntr,GF,Ntr,GFET,10.897,0.706,0.635,0.477,0.265,0.5,0.03,0.05,0.09,0.06,1.6,0.4,0.7,0.4,1.5,0.1,0.2,0.04,1,0.5,0.8,0.3,0.4,,
TEOWNtr5425,Needleleaf tree,Ntr,GF,Ntr,GFET,1.91,3.983,1.15,0.863,0.479,0.5,0.03,0.05,0.09,0.06,1.6,0.4,0.7,0.4,1.5,0.1,0.2,0.04,1,0.5,0.8,0.3,0.4,,
TEOWNtr5426,Needleleaf tree,Ntr,GF,Ntr,GFET,10.618,0.273,0.646,0.484,0.269,0.5,0.03,0.05,0.09,0.06,1.6,0.4,0.7,0.4,1.5,0.1,0.2,0.04,1,0.5,0.8,0.3,0.4,,
TEOWNtr5427,Needleleaf tree,Ntr,GF,Ntr,GFET,6.435,0.037,0.808,0.606,0.336,0.5,0.03,0.05,0.09,0.06,1.6,0.4,0.7,0.4,1.5,0.1,0.2,0.04,1,0.5,0.8,0.3,0.4,,
TEOWNtr5428,Needleleaf tree,Ntr,GF,Ntr,GFET,7.394,0.078,1.105,0.829,0.46,0.5,0.03,0.05,0.09,0.06,1.6,0.4,0.7,0.4,1.5,0.1,0.2,0.04,1,0.5,0.8,0.3,0.4,,
TEOWNtr5429,Needleleaf tree,Ntr,GF,Ntr,GFET,5.856,2.17,1.1,0.825,0.458,0.5,0.03,0.05,0.09,0.06,1.6,0.4,0.7,0.4,1.5,0.1,0.2,0.04,1,0.5,0.8,0.3,0.4,,
TEOWNtr5430,Needleleaf tree,Ntr,GF,Ntr,GFET,0.003,0.043,0.908,0.681,0.378,0.5,0.03,0.05,0.09,0.06,1.6,0.4,0.7,0.4,1.5,0.1,0.2,0.04,1,0.5,0.8,0.3,0.4,,
TEOWNtr5431,Needleleaf tree,Ntr,GF,Ntr,GFET,9.679,0.038,0.81,0.607,0.337,0.5,0.03,0.05,0.09,0.06,1.6,0.4,0.7,0.4,1.5,0.1,0.2,0.04,1,0.5,0.8,0.3,0.4,,
TEOWNtr5432,Needleleaf tree,Ntr,GF,Ntr,GFET,9.204,0.043,0.905,0.679,0.377,0.5,0.03,0.05,0.09,0.06,1.6,0.4,0.7,0.4,1.5,0.1,0.2,0.04,1,0.5,0.8,0.3,0.4,,
TEOWNtr5433,Needleleaf tree,Ntr,GF,Ntr,GFET,8.408,0.043,0.903,0.677,0.376,0.5,0.03,0.05,0.09,0.06,1.6,0.4,0.7,0.4,1.5,0.1,0.2,0.04,1,0.5,0.8,0.3,0.4,,
TEOWNtr5434,Needleleaf tree,Ntr,GF,Ntr,GFET,7.349,0.043,0.904,0.678,0.377,0.5,0.03,0.05,0.09,0.06,1.6,0.4,0.7,0.4,1.5,0.1,0.2,0.04,1,0.5,0.8,0.3,0.4,,
TEOWNtr5435,Needleleaf tree,Ntr,GF,Ntr,GFET,16.01,0.033,0.68,0.51,0.283,0.5,0.03,0.05,0.09,0.06,1.6,0.4,0.7,0.4,1.5,0.1,0.2,0.04,1,0.5,0.8,0.3,0.4,,
TEOWNtr5436,Needleleaf tree,Ntr,GF,Ntr,GFET,6.901,0.043,0.906,0.68,0.378,0.5,0.03,0.05,0.09,0.06,1.6,0.4,0.7,0.4,1.5,0.1,0.2,0.04,1,0.5,0.8,0.3,0.4,,
TEOWNtr5437,Needleleaf tree,Ntr,GF,Ntr,GFET,12.395,0.044,0.906,0.679,0.377,0.5,0.03,0.05,0.09,0.06,1.6,0.4,0.7,0.4,1.5,0.1,0.2,0.04,1,0.5,0.8,0.3,0.4,,
TEOWNtr5438,Needleleaf tree,Ntr,GF,Ntr,GFET,7.404,0.043,0.909,0.682,0.379,0.5,0.03,0.05,0.09,0.06,1.6,0.4,0.7,0.4,1.5,0.1,0.2,0.04,1,0.5,0.8,0.3,0.4,,
TEOWNtr5439,Needleleaf tree,Ntr,GF,Ntr,GFET,5.879,0.043,0.905,0.679,0.377,0.5,0.03,0.05,0.09,0.06,1.6,0.4,0.7,0.4,1.5,0.1,0.2,0.04,1,0.5,0.8,0.3,0.4,,
TEOWNtr5440,Needleleaf tree,Ntr,GF,Ntr,GFET,5.084,0.043,0.905,0.679,0.377,0.5,0.03,0.05,0.09,0.06,1.6,0.4,0.7,0.4,1.5,0.1,0.2,0.04,1,0.5,0.8,0.3,0.4,,
TEOWNtr5441,Needleleaf tree,Ntr,GF,Ntr,GFET,7.861,0.043,0.911,0.683,0.38,0.5,0.03,0.05,0.09,0.06,1.6,0.4,0.7,0.4,1.5,0.1,0.2,0.04,1,0.5,0.8,0.3,0.4,,
TEOWNtr5442,Needleleaf tree,Ntr,GF,Ntr,GFET,7.808,0.042,0.905,0.679,0.377,0.5,0.03,0.05,0.09,0.06,1.6,0.4,0.7,0.4,1.5,0.1,0.2,0.04,1,0.5,0.8,0.3,0.4,,
TEOWNtr5443,Needleleaf tree,Ntr,GF,Ntr,GFET,8.373,0.039,0.906,0.679,0.377,0.5,0.03,0.05,0.09,0.06,1.6,0.4,0.7,0.4,1.5,0.1,0.2,0.04,1,0.5,0.8,0.3,0.4,,
TEOWNtr5444,Needleleaf tree,Ntr,GF,Ntr,GFET,7.566,0.043,0.905,0.679,0.377,0.5,0.03,0.05,0.09,0.06,1.6,0.4,0.7,0.4,1.5,0.1,0.2,0.04,1,0.5,0.8,0.3,0.4,,
TEOWNtr5445,Needleleaf tree,Ntr,GF,Ntr,GFET,7.195,0.043,0.905,0.679,0.377,0.5,0.03,0.05,0.09,0.06,1.6,0.4,0.7,0.4,1.5,0.1,0.2,0.04,1,0.5,0.8,0.3,0.4,,
TEOWNtr5446,Needleleaf tree,Ntr,GF,Ntr,GFET,0.01,0.01,0.012,0.009,0.005,0.5,0.03,0.05,0.09,0.06,1.6,0.4,0.7,0.4,1.5,0.1,0.2,0.04,1,0.5,0.8,0.3,0.4,,
TEOWNtr5447,Needleleaf tree,Ntr,GF,Ntr,GFET,7.233,0.043,0.906,0.679,0.377,0.5,0.03,0.05,0.09,0.06,1.6,0.4,0.7,0.4,1.5,0.1,0.2,0.04,1,0.5,0.8,0.3,0.4,,
TEOWNtr5448,Needleleaf tree,Ntr,GF,Ntr,GFET,7.124,0.043,0.905,0.679,0.377,0.5,0.03,0.05,0.09,0.06,1.6,0.4,0.7,0.4,1.5,0.1,0.2,0.04,1,0.5,0.8,0.3,0.4,,
TEOWNtr5449,Needleleaf tree,Ntr,GF,Ntr,GFET,6.1,0.043,0.907,0.68,0.378,0.5,0.03,0.05,0.09,0.06,1.6,0.4,0.7,0.4,1.5,0.1,0.2,0.04,1,0.5,0.8,0.3,0.4,,
TEOWNtr5450,Needleleaf tree,Ntr,GF,Ntr,GFET,6.771,0.043,0.909,0.682,0.379,0.5,0.03,0.05,0.09,0.06,1.6,0.4,0.7,0.4,1.5,0.1,0.2,0.04,1,0.5,0.8,0.3,0.4,,
TEOWNtr5451,Needleleaf tree,Ntr,GF,Ntr,GFET,7.168,0.043,0.906,0.679,0.377,0.5,0.03,0.05,0.09,0.06,1.6,0.4,0.7,0.4,1.5,0.1,0.2,0.04,1,0.5,0.8,0.3,0.4,,
TEOWNtr5452,Needleleaf tree,Ntr,GF,Ntr,GFET,7.72,0.042,0.905,0.679,0.377,0.5,0.03,0.05,0.09,0.06,1.6,0.4,0.7,0.4,1.5,0.1,0.2,0.04,1,0.5,0.8,0.3,0.4,,
TEOWNtr5453,Needleleaf tree,Ntr,GF,Ntr,GFET,0.01,0.01,0.012,0.009,0.005,0.5,0.03,0.05,0.09,0.06,1.6,0.4,0.7,0.4,1.5,0.1,0.2,0.04,1,0.5,0.8,0.3,0.4,,
TEOWNtr5454,Needleleaf tree,Ntr,GF,Ntr,GFET,8.273,0.043,0.905,0.679,0.377,0.5,0.03,0.05,0.09,0.06,1.6,0.4,0.7,0.4,1.5,0.1,0.2,0.04,1,0.5,0.8,0.3,0.4,,
TEOWNtr5455,Needleleaf tree,Ntr,GF,Ntr,GFET,10.653,0.043,0.905,0.679,0.377,0.5,0.03,0.05,0.09,0.06,1.6,0.4,0.7,0.4,1.5,0.1,0.2,0.04,1,0.5,0.8,0.3,0.4,,
TEOWNtr5456,Needleleaf tree,Ntr,GF,Ntr,GFET,7.106,0.043,0.905,0.679,0.377,0.5,0.03,0.05,0.09,0.06,1.6,0.4,0.7,0.4,1.5,0.1,0.2,0.04,1,0.5,0.8,0.3,0.4,,
TEOWNtr5457,Needleleaf tree,Ntr,GF,Ntr,GFET,6.652,0.043,0.914,0.685,0.381,0.5,0.03,0.05,0.09,0.06,1.6,0.4,0.7,0.4,1.5,0.1,0.2,0.04,1,0.5,0.8,0.3,0.4,,
TEOWNtr5458,Needleleaf tree,Ntr,GF,Ntr,GFET,8.361,0.043,0.905,0.679,0.377,0.5,0.03,0.05,0.09,0.06,1.6,0.4,0.7,0.4,1.5,0.1,0.2,0.04,1,0.5,0.8,0.3,0.4,,
TEOWNtr5459,Needleleaf tree,Ntr,GF,Ntr,GFET,7.507,0.042,0.909,0.682,0.379,0.5,0.03,0.05,0.09,0.06,1.6,0.4,0.7,0.4,1.5,0.1,0.2,0.04,1,0.5,0.8,0.3,0.4,,
TEOWNtr5460,Needleleaf tree,Ntr,GF,Ntr,GFET,6.712,0.043,0.903,0.678,0.376,0.5,0.03,0.05,0.09,0.06,1.6,0.4,0.7,0.4,1.5,0.1,0.2,0.04,1,0.5,0.8,0.3,0.4,,
TEOWNtr5461,Needleleaf tree,Ntr,GF,Ntr,GFET,7.061,0.043,0.907,0.68,0.378,0.5,0.03,0.05,0.09,0.06,1.6,0.4,0.7,0.4,1.5,0.1,0.2,0.04,1,0.5,0.8,0.3,0.4,,
TEOWNtr5462,Needleleaf tree,Ntr,GF,Ntr,GFET,8.169,0.044,0.905,0.679,0.377,0.5,0.03,0.05,0.09,0.06,1.6,0.4,0.7,0.4,1.5,0.1,0.2,0.04,1,0.5,0.8,0.3,0.4,,
TEOWNtr5463,Needleleaf tree,Ntr,GF,Ntr,GFET,8.287,0.044,0.905,0.679,0.377,0.5,0.03,0.05,0.09,0.06,1.6,0.4,0.7,0.4,1.5,0.1,0.2,0.04,1,0.5,0.8,0.3,0.4,,
TEOWNtr5464,Needleleaf tree,Ntr,GF,Ntr,GFET,7.192,0.043,0.905,0.679,0.377,0.5,0.03,0.05,0.09,0.06,1.6,0.4,0.7,0.4,1.5,0.1,0.2,0.04,1,0.5,0.8,0.3,0.4,,
TEOWNtr5465,Needleleaf tree,Ntr,GF,Ntr,GFET,12.353,0.043,0.906,0.679,0.377,0.5,0.03,0.05,0.09,0.06,1.6,0.4,0.7,0.4,1.5,0.1,0.2,0.04,1,0.5,0.8,0.3,0.4,,
TEOWNtr5466,Needleleaf tree,Ntr,GF,Ntr,GFET,6.672,0.043,0.906,0.679,0.377,0.5,0.03,0.05,0.09,0.06,1.6,0.4,0.7,0.4,1.5,0.1,0.2,0.04,1,0.5,0.8,0.3,0.4,,
TEOWNtr5467,Needleleaf tree,Ntr,GF,Ntr,GFET,6.503,0.043,0.91,0.682,0.379,0.5,0.03,0.05,0.09,0.06,1.6,0.4,0.7,0.4,1.5,0.1,0.2,0.04,1,0.5,0.8,0.3,0.4,,
TEOWNtr5468,Needleleaf tree,Ntr,GF,Ntr,GFET,6.904,0.043,0.906,0.679,0.377,0.5,0.03,0.05,0.09,0.06,1.6,0.4,0.7,0.4,1.5,0.1,0.2,0.04,1,0.5,0.8,0.3,0.4,,
TEOWNtr5469,Needleleaf tree,Ntr,GF,Ntr,GFET,10.125,0.043,0.905,0.679,0.377,0.5,0.03,0.05,0.09,0.06,1.6,0.4,0.7,0.4,1.5,0.1,0.2,0.04,1,0.5,0.8,0.3,0.4,,
TEOWNtr5470,Needleleaf tree,Ntr,GF,Ntr,GFET,8.077,0.042,0.906,0.68,0.378,0.5,0.03,0.05,0.09,0.06,1.6,0.4,0.7,0.4,1.5,0.1,0.2,0.04,1,0.5,0.8,0.3,0.4,,
TEOWNtr5471,Needleleaf tree,Ntr,GF,Ntr,GFET,7.495,0.043,0.905,0.679,0.377,0.5,0.03,0.05,0.09,0.06,1.6,0.4,0.7,0.4,1.5,0.1,0.2,0.04,1,0.5,0.8,0.3,0.4,,
TEOWNtr5472,Needleleaf tree,Ntr,GF,Ntr,GFET,8.329,0.043,0.905,0.679,0.377,0.5,0.03,0.05,0.09,0.06,1.6,0.4,0.7,0.4,1.5,0.1,0.2,0.04,1,0.5,0.8,0.3,0.4,,
TEOWNtr5473,Needleleaf tree,Ntr,GF,Ntr,GFET,8.165,0.044,0.905,0.679,0.377,0.5,0.03,0.05,0.09,0.06,1.6,0.4,0.7,0.4,1.5,0.1,0.2,0.04,1,0.5,0.8,0.3,0.4,,
TEOWNtr5474,Needleleaf tree,Ntr,GF,Ntr,GFET,6.428,0.043,0.905,0.679,0.377,0.5,0.03,0.05,0.09,0.06,1.6,0.4,0.7,0.4,1.5,0.1,0.2,0.04,1,0.5,0.8,0.3,0.4,,
TEOWNtr5475,Needleleaf tree,Ntr,GF,Ntr,GFET,4.658,0.043,0.905,0.679,0.377,0.5,0.03,0.05,0.09,0.06,1.6,0.4,0.7,0.4,1.5,0.1,0.2,0.04,1,0.5,0.8,0.3,0.4,,
TEOWNtr5476,Needleleaf tree,Ntr,GF,Ntr,GFET,7.969,0.042,0.906,0.679,0.377,0.5,0.03,0.05,0.09,0.06,1.6,0.4,0.7,0.4,1.5,0.1,0.2,0.04,1,0.5,0.8,0.3,0.4,,
TEOWNtr5477,Needleleaf tree,Ntr,GF,Ntr,GFET,7.716,0.043,0.906,0.679,0.377,0.5,0.03,0.05,0.09,0.06,1.6,0.4,0.7,0.4,1.5,0.1,0.2,0.04,1,0.5,0.8,0.3,0.4,,
TEOWNtr5478,Needleleaf tree,Ntr,GF,Ntr,GFET,6.533,0.043,0.906,0.679,0.377,0.5,0.03,0.05,0.09,0.06,1.6,0.4,0.7,0.4,1.5,0.1,0.2,0.04,1,0.5,0.8,0.3,0.4,,
TEOWNtr5479,Needleleaf tree,Ntr,GF,Ntr,GFET,6.095,0.043,0.905,0.679,0.377,0.5,0.03,0.05,0.09,0.06,1.6,0.4,0.7,0.4,1.5,0.1,0.2,0.04,1,0.5,0.8,0.3,0.4,,
TEOWNtr5480,Needleleaf tree,Ntr,GF,Ntr,GFET,7.149,0.043,0.913,0.685,0.38,0.5,0.03,0.05,0.09,0.06,1.6,0.4,0.7,0.4,1.5,0.1,0.2,0.04,1,0.5,0.8,0.3,0.4,,
TEOWNtr5481,Needleleaf tree,Ntr,GF,Ntr,GFET,6.461,0.043,0.905,0.679,0.377,0.5,0.03,0.05,0.09,0.06,1.6,0.4,0.7,0.4,1.5,0.1,0.2,0.04,1,0.5,0.8,0.3,0.4,,
TEOWNtr5482,Needleleaf tree,Ntr,GF,Ntr,GFET,6.215,0.043,0.905,0.679,0.377,0.5,0.03,0.05,0.09,0.06,1.6,0.4,0.7,0.4,1.5,0.1,0.2,0.04,1,0.5,0.8,0.3,0.4,,
TEOWNtr5483,Needleleaf tree,Ntr,GF,Ntr,GFET,7.304,0.043,0.905,0.679,0.377,0.5,0.03,0.05,0.09,0.06,1.6,0.4,0.7,0.4,1.5,0.1,0.2,0.04,1,0.5,0.8,0.3,0.4,,
TEOWNtr5484,Needleleaf tree,Ntr,GF,Ntr,GFET,7.754,0.042,0.908,0.681,0.378,0.5,0.03,0.05,0.09,0.06,1.6,0.4,0.7,0.4,1.5,0.1,0.2,0.04,1,0.5,0.8,0.3,0.4,,
TEOWNtr5485,Needleleaf tree,Ntr,GF,Ntr,GFET,6.105,0.043,0.907,0.68,0.378,0.5,0.03,0.05,0.09,0.06,1.6,0.4,0.7,0.4,1.5,0.1,0.2,0.04,1,0.5,0.8,0.3,0.4,,
TEOWNtr5486,Needleleaf tree,Ntr,GF,Ntr,GFET,8.143,0.044,0.905,0.679,0.377,0.5,0.03,0.05,0.09,0.06,1.6,0.4,0.7,0.4,1.5,0.1,0.2,0.04,1,0.5,0.8,0.3,0.4,,
TEOWNtr5487,Needleleaf tree,Ntr,GF,Ntr,GFET,8.095,0.044,0.905,0.679,0.377,0.5,0.03,0.05,0.09,0.06,1.6,0.4,0.7,0.4,1.5,0.1,0.2,0.04,1,0.5,0.8,0.3,0.4,,
TEOWNtr5488,Needleleaf tree,Ntr,GF,Ntr,GFET,7.67,0.043,0.905,0.679,0.377,0.5,0.03,0.05,0.09,0.06,1.6,0.4,0.7,0.4,1.5,0.1,0.2,0.04,1,0.5,0.8,0.3,0.4,,
TEOWNtr5489,Needleleaf tree,Ntr,GF,Ntr,GFET,4.612,0.043,0.905,0.679,0.377,0.5,0.03,0.05,0.09,0.06,1.6,0.4,0.7,0.4,1.5,0.1,0.2,0.04,1,0.5,0.8,0.3,0.4,,
TEOWNtr5490,Needleleaf tree,Ntr,GF,Ntr,GFET,7.698,0.043,0.906,0.68,0.378,0.5,0.03,0.05,0.09,0.06,1.6,0.4,0.7,0.4,1.5,0.1,0.2,0.04,1,0.5,0.8,0.3,0.4,,
TEOWNtr5491,Needleleaf tree,Ntr,GF,Ntr,GFET,6.694,0.043,0.907,0.68,0.378,0.5,0.03,0.05,0.09,0.06,1.6,0.4,0.7,0.4,1.5,0.1,0.2,0.04,1,0.5,0.8,0.3,0.4,,
TEOWNtr5492,Needleleaf tree,Ntr,GF,Ntr,GFET,6.843,0.043,0.907,0.68,0.378,0.5,0.03,0.05,0.09,0.06,1.6,0.4,0.7,0.4,1.5,0.1,0.2,0.04,1,0.5,0.8,0.3,0.4,,
TEOWNtr5493,Needleleaf tree,Ntr,GF,Ntr,GFET,8.477,0.044,0.905,0.679,0.377,0.5,0.03,0.05,0.09,0.06,1.6,0.4,0.7,0.4,1.5,0.1,0.2,0.04,1,0.5,0.8,0.3,0.4,,
TEOWNtr5494,Needleleaf tree,Ntr,GF,Ntr,GFET,9.373,0.34,0.897,0.673,0.374,0.5,0.03,0.05,0.09,0.06,1.6,0.4,0.7,0.4,1.5,0.1,0.2,0.04,1,0.5,0.8,0.3,0.4,,
TEOWNtr5495,Needleleaf tree,Ntr,GF,Ntr,GFET,8.163,0.041,0.925,0.694,0.385,0.5,0.03,0.05,0.09,0.06,1.6,0.4,0.7,0.4,1.5,0.1,0.2,0.04,1,0.5,0.8,0.3,0.4,,
TEOWNtr5496,Needleleaf tree,Ntr,GF,Ntr,GFET,16.967,0.031,0.68,0.51,0.283,0.5,0.03,0.05,0.09,0.06,1.6,0.4,0.7,0.4,1.5,0.1,0.2,0.04,1,0.5,0.8,0.3,0.4,,
TEOWNtr5497,Needleleaf tree,Ntr,GF,Ntr,GFET,7.017,0.043,0.905,0.679,0.377,0.5,0.03,0.05,0.09,0.06,1.6,0.4,0.7,0.4,1.5,0.1,0.2,0.04,1,0.5,0.8,0.3,0.4,,
TEOWNtr5498,Needleleaf tree,Ntr,GF,Ntr,GFET,4.192,0.042,0.905,0.679,0.377,0.5,0.03,0.05,0.09,0.06,1.6,0.4,0.7,0.4,1.5,0.1,0.2,0.04,1,0.5,0.8,0.3,0.4,,
TEOWNtr5499,Needleleaf tree,Ntr,GF,Ntr,GFET,7.94,0.043,0.905,0.679,0.377,0.5,0.03,0.05,0.09,0.06,1.6,0.4,0.7,0.4,1.5,0.1,0.2,0.04,1,0.5,0.8,0.3,0.4,,
TEOWNtr5500,Needleleaf tree,Ntr,GF,Ntr,GFET,7.191,0.043,0.905,0.679,0.377,0.5,0.03,0.05,0.09,0.06,1.6,0.4,0.7,0.4,1.5,0.1,0.2,0.04,1,0.5,0.8,0.3,0.4,,
TEOWNtr5501,Needleleaf tree,Ntr,GF,Ntr,GFET,7.078,0.043,0.906,0.679,0.377,0.5,0.03,0.05,0.09,0.06,1.6,0.4,0.7,0.4,1.5,0.1,0.2,0.04,1,0.5,0.8,0.3,0.4,,
TEOWNtr5502,Needleleaf tree,Ntr,GF,Ntr,GFET,0.01,0.01,0.012,0.009,0.005,0.5,0.03,0.05,0.09,0.06,1.6,0.4,0.7,0.4,1.5,0.1,0.2,0.04,1,0.5,0.8,0.3,0.4,,
TEOWNtr5503,Needleleaf tree,Ntr,GF,Ntr,GFET,8.022,0.043,0.905,0.679,0.377,0.5,0.03,0.05,0.09,0.06,1.6,0.4,0.7,0.4,1.5,0.1,0.2,0.04,1,0.5,0.8,0.3,0.4,,
TEOWNtr5504,Needleleaf tree,Ntr,GF,Ntr,GFET,8.449,0.04,0.905,0.679,0.377,0.5,0.03,0.05,0.09,0.06,1.6,0.4,0.7,0.4,1.5,0.1,0.2,0.04,1,0.5,0.8,0.3,0.4,,
TEOWNtr5505,Needleleaf tree,Ntr,GF,Ntr,GFET,6.119,0.043,0.905,0.679,0.377,0.5,0.03,0.05,0.09,0.06,1.6,0.4,0.7,0.4,1.5,0.1,0.2,0.04,1,0.5,0.8,0.3,0.4,,
TEOWNtr5506,Needleleaf tree,Ntr,GF,Ntr,GFET,6.581,0.043,0.906,0.679,0.377,0.5,0.03,0.05,0.09,0.06,1.6,0.4,0.7,0.4,1.5,0.1,0.2,0.04,1,0.5,0.8,0.3,0.4,,
TEOWNtr5507,Needleleaf tree,Ntr,GF,Ntr,GFET,7.853,0.042,0.907,0.681,0.378,0.5,0.03,0.05,0.09,0.06,1.6,0.4,0.7,0.4,1.5,0.1,0.2,0.04,1,0.5,0.8,0.3,0.4,,
TEOWNtr5508,Needleleaf tree,Ntr,GF,Ntr,GFET,5.845,0.043,0.905,0.679,0.377,0.5,0.03,0.05,0.09,0.06,1.6,0.4,0.7,0.4,1.5,0.1,0.2,0.04,1,0.5,0.8,0.3,0.4,,
TEOWNtr5509,Needleleaf tree,Ntr,GF,Ntr,GFET,6.587,0.043,0.905,0.679,0.377,0.5,0.03,0.05,0.09,0.06,1.6,0.4,0.7,0.4,1.5,0.1,0.2,0.04,1,0.5,0.8,0.3,0.4,,
TEOWNtr5510,Needleleaf tree,Ntr,GF,Ntr,GFET,8.164,0.041,0.905,0.679,0.377,0.5,0.03,0.05,0.09,0.06,1.6,0.4,0.7,0.4,1.5,0.1,0.2,0.04,1,0.5,0.8,0.3,0.4,,
TEOWNtr5511,Needleleaf tree,Ntr,GF,Ntr,GFET,7.71,0.043,0.906,0.679,0.377,0.5,0.03,0.05,0.09,0.06,1.6,0.4,0.7,0.4,1.5,0.1,0.2,0.04,1,0.5,0.8,0.3,0.4,,
TEOWNtr5512,Needleleaf tree,Ntr,GF,Ntr,GFET,12.324,0.043,0.907,0.681,0.378,0.5,0.03,0.05,0.09,0.06,1.6,0.4,0.7,0.4,1.5,0.1,0.2,0.04,1,0.5,0.8,0.3,0.4,,
TEOWNtr5513,Needleleaf tree,Ntr,GF,Ntr,GFET,12.768,0.043,0.905,0.679,0.377,0.5,0.03,0.05,0.09,0.06,1.6,0.4,0.7,0.4,1.5,0.1,0.2,0.04,1,0.5,0.8,0.3,0.4,,
TEOWNtr5514,Needleleaf tree,Ntr,GF,Ntr,GFET,7.771,0.043,0.905,0.679,0.377,0.5,0.03,0.05,0.09,0.06,1.6,0.4,0.7,0.4,1.5,0.1,0.2,0.04,1,0.5,0.8,0.3,0.4,,
TEOWNtr5515,Needleleaf tree,Ntr,GF,Ntr,GFET,13.045,0.043,0.907,0.68,0.378,0.5,0.03,0.05,0.09,0.06,1.6,0.4,0.7,0.4,1.5,0.1,0.2,0.04,1,0.5,0.8,0.3,0.4,,
TEOWNtr5516,Needleleaf tree,Ntr,GF,Ntr,GFET,11.624,0.043,0.906,0.68,0.378,0.5,0.03,0.05,0.09,0.06,1.6,0.4,0.7,0.4,1.5,0.1,0.2,0.04,1,0.5,0.8,0.3,0.4,,
TEOWNtr5517,Needleleaf tree,Ntr,GF,Ntr,GFET,15.35,0.043,0.905,0.679,0.377,0.5,0.03,0.05,0.09,0.06,1.6,0.4,0.7,0.4,1.5,0.1,0.2,0.04,1,0.5,0.8,0.3,0.4,,
TEOWNtr5518,Needleleaf tree,Ntr,GF,Ntr,GFET,10.285,0.043,0.906,0.68,0.378,0.5,0.03,0.05,0.09,0.06,1.6,0.4,0.7,0.4,1.5,0.1,0.2,0.04,1,0.5,0.8,0.3,0.4,,
TEOWNtr5519,Needleleaf tree,Ntr,GF,Ntr,GFET,4.385,0.043,0.905,0.679,0.377,0.5,0.03,0.05,0.09,0.06,1.6,0.4,0.7,0.4,1.5,0.1,0.2,0.04,1,0.5,0.8,0.3,0.4,,
TEOWNtr5520,Needleleaf tree,Ntr,GF,Ntr,GFET,10.472,0.043,0.91,0.682,0.379,0.5,0.03,0.05,0.09,0.06,1.6,0.4,0.7,0.4,1.5,0.1,0.2,0.04,1,0.5,0.8,0.3,0.4,,
TEOWNtr5521,Needleleaf tree,Ntr,GF,Ntr,GFET,13.698,0.043,0.915,0.686,0.381,0.5,0.03,0.05,0.09,0.06,1.6,0.4,0.7,0.4,1.5,0.1,0.2,0.04,1,0.5,0.8,0.3,0.4,,
TEOWNtr5522,Needleleaf tree,Ntr,GF,Ntr,GFET,10.696,0.043,0.908,0.681,0.378,0.5,0.03,0.05,0.09,0.06,1.6,0.4,0.7,0.4,1.5,0.1,0.2,0.04,1,0.5,0.8,0.3,0.4,,
TEOWNtr5523,Needleleaf tree,Ntr,GF,Ntr,GFET,16.304,0.041,0.909,0.682,0.379,0.5,0.03,0.05,0.09,0.06,1.6,0.4,0.7,0.4,1.5,0.1,0.2,0.04,1,0.5,0.8,0.3,0.4,,
TEOWNtr5524,Needleleaf tree,Ntr,GF,Ntr,GFET,7.903,0.043,0.907,0.681,0.378,0.5,0.03,0.05,0.09,0.06,1.6,0.4,0.7,0.4,1.5,0.1,0.2,0.04,1,0.5,0.8,0.3,0.4,,
TEOWNtr5525,Needleleaf tree,Ntr,GF,Ntr,GFET,9.728,0.043,0.906,0.679,0.377,0.5,0.03,0.05,0.09,0.06,1.6,0.4,0.7,0.4,1.5,0.1,0.2,0.04,1,0.5,0.8,0.3,0.4,,
TEOWNtr5526,Needleleaf tree,Ntr,GF,Ntr,GFET,11.75,0.043,0.912,0.684,0.38,0.5,0.03,0.05,0.09,0.06,1.6,0.4,0.7,0.4,1.5,0.1,0.2,0.04,1,0.5,0.8,0.3,0.4,,
TEOWNtr5527,Needleleaf tree,Ntr,GF,Ntr,GFET,11.272,0.043,0.905,0.679,0.377,0.5,0.03,0.05,0.09,0.06,1.6,0.4,0.7,0.4,1.5,0.1,0.2,0.04,1,0.5,0.8,0.3,0.4,,
TEOWNtr5528,Needleleaf tree,Ntr,GF,Ntr,GFET,12.036,0.043,0.908,0.681,0.378,0.5,0.03,0.05,0.09,0.06,1.6,0.4,0.7,0.4,1.5,0.1,0.2,0.04,1,0.5,0.8,0.3,0.4,,
TEOWNtr5529,Needleleaf tree,Ntr,GF,Ntr,GFET,9.419,0.043,0.908,0.681,0.379,0.5,0.03,0.05,0.09,0.06,1.6,0.4,0.7,0.4,1.5,0.1,0.2,0.04,1,0.5,0.8,0.3,0.4,,
TEOWNtr5530,Needleleaf tree,Ntr,GF,Ntr,GFET,13.195,0.043,0.907,0.68,0.378,0.5,0.03,0.05,0.09,0.06,1.6,0.4,0.7,0.4,1.5,0.1,0.2,0.04,1,0.5,0.8,0.3,0.4,,
TEOWNtr5531,Needleleaf tree,Ntr,GF,Ntr,GFET,12.181,0.043,0.905,0.679,0.377,0.5,0.03,0.05,0.09,0.06,1.6,0.4,0.7,0.4,1.5,0.1,0.2,0.04,1,0.5,0.8,0.3,0.4,,
TEOWNtr5532,Needleleaf tree,Ntr,GF,Ntr,GFET,8.608,0.043,0.906,0.68,0.378,0.5,0.03,0.05,0.09,0.06,1.6,0.4,0.7,0.4,1.5,0.1,0.2,0.04,1,0.5,0.8,0.3,0.4,,
TEOWNtr5533,Needleleaf tree,Ntr,GF,Ntr,GFET,10.116,0.043,0.906,0.68,0.378,0.5,0.03,0.05,0.09,0.06,1.6,0.4,0.7,0.4,1.5,0.1,0.2,0.04,1,0.5,0.8,0.3,0.4,,
TEOWNtr5534,Needleleaf tree,Ntr,GF,Ntr,GFET,11.739,0.043,0.905,0.679,0.377,0.5,0.03,0.05,0.09,0.06,1.6,0.4,0.7,0.4,1.5,0.1,0.2,0.04,1,0.5,0.8,0.3,0.4,,
TEOWNtr5535,Needleleaf tree,Ntr,GF,Ntr,GFET,8.933,0.043,0.906,0.68,0.378,0.5,0.03,0.05,0.09,0.06,1.6,0.4,0.7,0.4,1.5,0.1,0.2,0.04,1,0.5,0.8,0.3,0.4,,
TEOWNtr5536,Needleleaf tree,Ntr,GF,Ntr,GFET,7.983,0.043,0.906,0.68,0.378,0.5,0.03,0.05,0.09,0.06,1.6,0.4,0.7,0.4,1.5,0.1,0.2,0.04,1,0.5,0.8,0.3,0.4,,
TEOWNtr5537,Needleleaf tree,Ntr,GF,Ntr,GFET,8.459,0.043,0.91,0.683,0.379,0.5,0.03,0.05,0.09,0.06,1.6,0.4,0.7,0.4,1.5,0.1,0.2,0.04,1,0.5,0.8,0.3,0.4,,
TEOWNtr5538,Needleleaf tree,Ntr,GF,Ntr,GFET,15.491,0.043,0.905,0.679,0.377,0.5,0.03,0.05,0.09,0.06,1.6,0.4,0.7,0.4,1.5,0.1,0.2,0.04,1,0.5,0.8,0.3,0.4,,
TEOWNtr5539,Needleleaf tree,Ntr,GF,Ntr,GFET,12.146,0.043,0.909,0.681,0.379,0.5,0.03,0.05,0.09,0.06,1.6,0.4,0.7,0.4,1.5,0.1,0.2,0.04,1,0.5,0.8,0.3,0.4,,
TEOWNtr5540,Needleleaf tree,Ntr,GF,Ntr,GFET,9.3,0.043,0.906,0.679,0.377,0.5,0.03,0.05,0.09,0.06,1.6,0.4,0.7,0.4,1.5,0.1,0.2,0.04,1,0.5,0.8,0.3,0.4,,
TEOWNtr5541,Needleleaf tree,Ntr,GF,Ntr,GFET,11.378,0.043,0.907,0.68,0.378,0.5,0.03,0.05,0.09,0.06,1.6,0.4,0.7,0.4,1.5,0.1,0.2,0.04,1,0.5,0.8,0.3,0.4,,
TEOWNtr5542,Needleleaf tree,Ntr,GF,Ntr,GFET,12.703,0.043,0.906,0.68,0.378,0.5,0.03,0.05,0.09,0.06,1.6,0.4,0.7,0.4,1.5,0.1,0.2,0.04,1,0.5,0.8,0.3,0.4,,
TEOWNtr5543,Needleleaf tree,Ntr,GF,Ntr,GFET,11.592,0.043,0.906,0.679,0.377,0.5,0.03,0.05,0.09,0.06,1.6,0.4,0.7,0.4,1.5,0.1,0.2,0.04,1,0.5,0.8,0.3,0.4,,
TEOWNtr5544,Needleleaf tree,Ntr,GF,Ntr,GFET,9.475,0.043,0.914,0.686,0.381,0.5,0.03,0.05,0.09,0.06,1.6,0.4,0.7,0.4,1.5,0.1,0.2,0.04,1,0.5,0.8,0.3,0.4,,
TEOWNtr5545,Needleleaf tree,Ntr,GF,Ntr,GFET,11.841,0.043,0.905,0.679,0.377,0.5,0.03,0.05,0.09,0.06,1.6,0.4,0.7,0.4,1.5,0.1,0.2,0.04,1,0.5,0.8,0.3,0.4,,
TEOWNtr5546,Needleleaf tree,Ntr,GF,Ntr,GFET,13.47,0.043,0.907,0.68,0.378,0.5,0.03,0.05,0.09,0.06,1.6,0.4,0.7,0.4,1.5,0.1,0.2,0.04,1,0.5,0.8,0.3,0.4,,
TEOWNtr5547,Needleleaf tree,Ntr,GF,Ntr,GFET,7.364,0.429,0.434,0.325,0.181,0.5,0.03,0.05,0.09,0.06,1.6,0.4,0.7,0.4,1.5,0.1,0.2,0.04,1,0.5,0.8,0.3,0.4,,
TEOWNtr5548,Needleleaf tree,Ntr,GF,Ntr,GFET,13.537,0.428,0.434,0.325,0.181,0.5,0.03,0.05,0.09,0.06,1.6,0.4,0.7,0.4,1.5,0.1,0.2,0.04,1,0.5,0.8,0.3,0.4,,
TEOWNtr5549,Needleleaf tree,Ntr,GF,Ntr,GFET,25.436,0.427,0.435,0.326,0.181,0.5,0.03,0.05,0.09,0.06,1.6,0.4,0.7,0.4,1.5,0.1,0.2,0.04,1,0.5,0.8,0.3,0.4,,
TEOWNtr5550,Needleleaf tree,Ntr,GF,Ntr,GFET,11.67,0.428,0.436,0.327,0.182,0.5,0.03,0.05,0.09,0.06,1.6,0.4,0.7,0.4,1.5,0.1,0.2,0.04,1,0.5,0.8,0.3,0.4,,
TEOWNtr5551,Needleleaf tree,Ntr,GF,Ntr,GFET,12.932,0.428,0.435,0.326,0.181,0.5,0.03,0.05,0.09,0.06,1.6,0.4,0.7,0.4,1.5,0.1,0.2,0.04,1,0.5,0.8,0.3,0.4,,
TEOWNtr5552,Needleleaf tree,Ntr,GF,Ntr,GFET,12.541,0.428,0.434,0.326,0.181,0.5,0.03,0.05,0.09,0.06,1.6,0.4,0.7,0.4,1.5,0.1,0.2,0.04,1,0.5,0.8,0.3,0.4,,
TEOWNtr5553,Needleleaf tree,Ntr,GF,Ntr,GFET,27.283,0.428,0.434,0.325,0.181,0.5,0.03,0.05,0.09,0.06,1.6,0.4,0.7,0.4,1.5,0.1,0.2,0.04,1,0.5,0.8,0.3,0.4,,
TEOWNtr5554,Needleleaf tree,Ntr,GF,Ntr,GFET,26.929,0.427,0.434,0.325,0.181,0.5,0.03,0.05,0.09,0.06,1.6,0.4,0.7,0.4,1.5,0.1,0.2,0.04,1,0.5,0.8,0.3,0.4,,
TEOWNtr5555,Needleleaf tree,Ntr,GF,Ntr,GFET,23.158,0.428,0.434,0.325,0.181,0.5,0.03,0.05,0.09,0.06,1.6,0.4,0.7,0.4,1.5,0.1,0.2,0.04,1,0.5,0.8,0.3,0.4,,
TEOWNtr5556,Needleleaf tree,Ntr,GF,Ntr,GFET,24.083,0.043,0.906,0.679,0.377,0.5,0.03,0.05,0.09,0.06,1.6,0.4,0.7,0.4,1.5,0.1,0.2,0.04,1,0.5,0.8,0.3,0.4,,
TEOWNtr5557,Needleleaf tree,Ntr,GF,Ntr,GFET,8.598,0.043,0.905,0.679,0.377,0.5,0.03,0.05,0.09,0.06,1.6,0.4,0.7,0.4,1.5,0.1,0.2,0.04,1,0.5,0.8,0.3,0.4,,
TEOWNtr5558,Needleleaf tree,Ntr,GF,Ntr,GFET,11.416,0.043,0.905,0.679,0.377,0.5,0.03,0.05,0.09,0.06,1.6,0.4,0.7,0.4,1.5,0.1,0.2,0.04,1,0.5,0.8,0.3,0.4,,
TEOWNtr5559,Needleleaf tree,Ntr,GF,Ntr,GFET,0.01,0.01,0.012,0.009,0.005,0.5,0.03,0.05,0.09,0.06,1.6,0.4,0.7,0.4,1.5,0.1,0.2,0.04,1,0.5,0.8,0.3,0.4,,
TEOWNtr5560,Needleleaf tree,Ntr,GF,Ntr,GFET,15.804,0.042,0.906,0.68,0.378,0.5,0.03,0.05,0.09,0.06,1.6,0.4,0.7,0.4,1.5,0.1,0.2,0.04,1,0.5,0.8,0.3,0.4,,
TEOWNtr5561,Needleleaf tree,Ntr,GF,Ntr,GFET,14.378,0.043,0.906,0.679,0.377,0.5,0.03,0.05,0.09,0.06,1.6,0.4,0.7,0.4,1.5,0.1,0.2,0.04,1,0.5,0.8,0.3,0.4,,
TEOWNtr5562,Needleleaf tree,Ntr,GF,Ntr,GFET,13.24,0.043,0.905,0.679,0.377,0.5,0.03,0.05,0.09,0.06,1.6,0.4,0.7,0.4,1.5,0.1,0.2,0.04,1,0.5,0.8,0.3,0.4,,
TEOWNtr5563,Needleleaf tree,Ntr,GF,Ntr,GFET,13.391,0.043,0.904,0.678,0.377,0.5,0.03,0.05,0.09,0.06,1.6,0.4,0.7,0.4,1.5,0.1,0.2,0.04,1,0.5,0.8,0.3,0.4,,
TEOWNtr5564,Needleleaf tree,Ntr,GF,Ntr,GFET,12.111,0.043,0.913,0.685,0.38,0.5,0.03,0.05,0.09,0.06,1.6,0.4,0.7,0.4,1.5,0.1,0.2,0.04,1,0.5,0.8,0.3,0.4,,
TEOWNtr5565,Needleleaf tree,Ntr,GF,Ntr,GFET,0.01,0.01,0.012,0.009,0.005,0.5,0.03,0.05,0.09,0.06,1.6,0.4,0.7,0.4,1.5,0.1,0.2,0.04,1,0.5,0.8,0.3,0.4,,
TEOWNtr5566,Needleleaf tree,Ntr,GF,Ntr,GFET,14.791,0.043,0.885,0.664,0.369,0.5,0.03,0.05,0.09,0.06,1.6,0.4,0.7,0.4,1.5,0.1,0.2,0.04,1,0.5,0.8,0.3,0.4,,
TEOWNtr5567,Needleleaf tree,Ntr,GF,Ntr,GFET,12.932,0.043,0.906,0.679,0.377,0.5,0.03,0.05,0.09,0.06,1.6,0.4,0.7,0.4,1.5,0.1,0.2,0.04,1,0.5,0.8,0.3,0.4,,
TEOWNtr5568,Needleleaf tree,Ntr,GF,Ntr,GFET,13.312,0.043,0.902,0.677,0.376,0.5,0.03,0.05,0.09,0.06,1.6,0.4,0.7,0.4,1.5,0.1,0.2,0.04,1,0.5,0.8,0.3,0.4,,
TEOWNtr5569,Needleleaf tree,Ntr,GF,Ntr,GFET,11.284,0.043,0.906,0.679,0.377,0.5,0.03,0.05,0.09,0.06,1.6,0.4,0.7,0.4,1.5,0.1,0.2,0.04,1,0.5,0.8,0.3,0.4,,
TEOWNtr5570,Needleleaf tree,Ntr,GF,Ntr,GFET,11.116,0.043,0.907,0.681,0.378,0.5,0.03,0.05,0.09,0.06,1.6,0.4,0.7,0.4,1.5,0.1,0.2,0.04,1,0.5,0.8,0.3,0.4,,
TEOWNtr5571,Needleleaf tree,Ntr,GF,Ntr,GFET,11.079,0.043,0.906,0.68,0.378,0.5,0.03,0.05,0.09,0.06,1.6,0.4,0.7,0.4,1.5,0.1,0.2,0.04,1,0.5,0.8,0.3,0.4,,
TEOWNtr5572,Needleleaf tree,Ntr,GF,Ntr,GFET,15.788,0.041,0.898,0.674,0.374,0.5,0.03,0.05,0.09,0.06,1.6,0.4,0.7,0.4,1.5,0.1,0.2,0.04,1,0.5,0.8,0.3,0.4,,
TEOWNtr5573,Needleleaf tree,Ntr,GF,Ntr,GFET,13.182,0.043,0.907,0.68,0.378,0.5,0.03,0.05,0.09,0.06,1.6,0.4,0.7,0.4,1.5,0.1,0.2,0.04,1,0.5,0.8,0.3,0.4,,
TEOWNtr5574,Needleleaf tree,Ntr,GF,Ntr,GFET,13.268,0.043,0.905,0.679,0.377,0.5,0.03,0.05,0.09,0.06,1.6,0.4,0.7,0.4,1.5,0.1,0.2,0.04,1,0.5,0.8,0.3,0.4,,
TEOWNtr5575,Needleleaf tree,Ntr,GF,Ntr,GFET,16.08,0.038,0.9,0.675,0.375,0.5,0.03,0.05,0.09,0.06,1.6,0.4,0.7,0.4,1.5,0.1,0.2,0.04,1,0.5,0.8,0.3,0.4,,
TEOWNtr5576,Needleleaf tree,Ntr,GF,Ntr,GFET,14.326,0.043,0.922,0.692,0.384,0.5,0.03,0.05,0.09,0.06,1.6,0.4,0.7,0.4,1.5,0.1,0.2,0.04,1,0.5,0.8,0.3,0.4,,
TEOWNtr5577,Needleleaf tree,Ntr,GF,Ntr,GFET,10.663,0.043,0.906,0.679,0.377,0.5,0.03,0.05,0.09,0.06,1.6,0.4,0.7,0.4,1.5,0.1,0.2,0.04,1,0.5,0.8,0.3,0.4,,
TEOWNtr5578,Needleleaf tree,Ntr,GF,Ntr,GFET,10.558,0.043,0.906,0.68,0.378,0.5,0.03,0.05,0.09,0.06,1.6,0.4,0.7,0.4,1.5,0.1,0.2,0.04,1,0.5,0.8,0.3,0.4,,
TEOWNtr5579,Needleleaf tree,Ntr,GF,Ntr,GFET,12.487,0.043,0.907,0.68,0.378,0.5,0.03,0.05,0.09,0.06,1.6,0.4,0.7,0.4,1.5,0.1,0.2,0.04,1,0.5,0.8,0.3,0.4,,
TEOWNtr5580,Needleleaf tree,Ntr,GF,Ntr,GFET,9.771,0.435,0.837,0.627,0.349,0.5,0.03,0.05,0.09,0.06,1.6,0.4,0.7,0.4,1.5,0.1,0.2,0.04,1,0.5,0.8,0.3,0.4,,
TEOWNtr5581,Needleleaf tree,Ntr,GF,Ntr,GFET,10.152,0.043,0.905,0.679,0.377,0.5,0.03,0.05,0.09,0.06,1.6,0.4,0.7,0.4,1.5,0.1,0.2,0.04,1,0.5,0.8,0.3,0.4,,
TEOWNtr5582,Needleleaf tree,Ntr,GF,Ntr,GFET,13.007,0.043,0.906,0.679,0.377,0.5,0.03,0.05,0.09,0.06,1.6,0.4,0.7,0.4,1.5,0.1,0.2,0.04,1,0.5,0.8,0.3,0.4,,
TEOWNtr5583,Needleleaf tree,Ntr,GF,Ntr,GFET,14.053,0.043,0.908,0.681,0.378,0.5,0.03,0.05,0.09,0.06,1.6,0.4,0.7,0.4,1.5,0.1,0.2,0.04,1,0.5,0.8,0.3,0.4,,
TEOWNtr5584,Needleleaf tree,Ntr,GF,Ntr,GFET,13.518,0.043,0.906,0.679,0.377,0.5,0.03,0.05,0.09,0.06,1.6,0.4,0.7,0.4,1.5,0.1,0.2,0.04,1,0.5,0.8,0.3,0.4,,
TEOWNtr5585,Needleleaf tree,Ntr,GF,Ntr,GFET,12.405,0.043,0.905,0.678,0.377,0.5,0.03,0.05,0.09,0.06,1.6,0.4,0.7,0.4,1.5,0.1,0.2,0.04,1,0.5,0.8,0.3,0.4,,
TEOWNtr5586,Needleleaf tree,Ntr,GF,Ntr,GFET,16.745,0.032,0.897,0.673,0.374,0.5,0.03,0.05,0.09,0.06,1.6,0.4,0.7,0.4,1.5,0.1,0.2,0.04,1,0.5,0.8,0.3,0.4,,
TEOWNtr5587,Needleleaf tree,Ntr,GF,Ntr,GFET,15.988,0.041,0.905,0.679,0.377,0.5,0.03,0.05,0.09,0.06,1.6,0.4,0.7,0.4,1.5,0.1,0.2,0.04,1,0.5,0.8,0.3,0.4,,
TEOWNtr5588,Needleleaf tree,Ntr,GF,Ntr,GFET,14.462,0.043,0.905,0.679,0.377,0.5,0.03,0.05,0.09,0.06,1.6,0.4,0.7,0.4,1.5,0.1,0.2,0.04,1,0.5,0.8,0.3,0.4,,
TEOWNtr5589,Needleleaf tree,Ntr,GF,Ntr,GFET,12.005,0.043,0.905,0.679,0.377,0.5,0.03,0.05,0.09,0.06,1.6,0.4,0.7,0.4,1.5,0.1,0.2,0.04,1,0.5,0.8,0.3,0.4,,
TEOWNtr5590,Needleleaf tree,Ntr,GF,Ntr,GFET,11.017,0.043,0.905,0.679,0.377,0.5,0.03,0.05,0.09,0.06,1.6,0.4,0.7,0.4,1.5,0.1,0.2,0.04,1,0.5,0.8,0.3,0.4,,
TEOWNtr5591,Needleleaf tree,Ntr,GF,Ntr,GFET,11.146,0.043,0.905,0.679,0.377,0.5,0.03,0.05,0.09,0.06,1.6,0.4,0.7,0.4,1.5,0.1,0.2,0.04,1,0.5,0.8,0.3,0.4,,
TEOWNtr5592,Needleleaf tree,Ntr,GF,Ntr,GFET,11.022,0.043,0.905,0.679,0.377,0.5,0.03,0.05,0.09,0.06,1.6,0.4,0.7,0.4,1.5,0.1,0.2,0.04,1,0.5,0.8,0.3,0.4,,
TEOWNtr5593,Needleleaf tree,Ntr,GF,Ntr,GFET,16.211,0.038,0.902,0.676,0.376,0.5,0.03,0.05,0.09,0.06,1.6,0.4,0.7,0.4,1.5,0.1,0.2,0.04,1,0.5,0.8,0.3,0.4,,
TEOWNtr5594,Needleleaf tree,Ntr,GF,Ntr,GFET,14.654,0.042,0.905,0.679,0.377,0.5,0.03,0.05,0.09,0.06,1.6,0.4,0.7,0.4,1.5,0.1,0.2,0.04,1,0.5,0.8,0.3,0.4,,
TEOWNtr5595,Needleleaf tree,Ntr,GF,Ntr,GFET,14.739,0.043,0.908,0.681,0.378,0.5,0.03,0.05,0.09,0.06,1.6,0.4,0.7,0.4,1.5,0.1,0.2,0.04,1,0.5,0.8,0.3,0.4,,
TEOWNtr5596,Needleleaf tree,Ntr,GF,Ntr,GFET,13.32,0.043,0.906,0.68,0.378,0.5,0.03,0.05,0.09,0.06,1.6,0.4,0.7,0.4,1.5,0.1,0.2,0.04,1,0.5,0.8,0.3,0.4,,
TEOWNtr5597,Needleleaf tree,Ntr,GF,Ntr,GFET,13.458,0.043,0.905,0.679,0.377,0.5,0.03,0.05,0.09,0.06,1.6,0.4,0.7,0.4,1.5,0.1,0.2,0.04,1,0.5,0.8,0.3,0.4,,
TEOWNtr5598,Needleleaf tree,Ntr,GF,Ntr,GFET,16.597,0.034,0.906,0.679,0.377,0.5,0.03,0.05,0.09,0.06,1.6,0.4,0.7,0.4,1.5,0.1,0.2,0.04,1,0.5,0.8,0.3,0.4,,
TEOWNtr5599,Needleleaf tree,Ntr,GF,Ntr,GFET,12.486,0.043,0.91,0.683,0.379,0.5,0.03,0.05,0.09,0.06,1.6,0.4,0.7,0.4,1.5,0.1,0.2,0.04,1,0.5,0.8,0.3,0.4,,
TEOWNtr5600,Needleleaf tree,Ntr,GF,Ntr,GFET,10.59,0.043,0.91,0.682,0.379,0.5,0.03,0.05,0.09,0.06,1.6,0.4,0.7,0.4,1.5,0.1,0.2,0.04,1,0.5,0.8,0.3,0.4,,
TEOWNtr5601,Needleleaf tree,Ntr,GF,Ntr,GFET,0.01,0.01,0.012,0.009,0.005,0.5,0.03,0.05,0.09,0.06,1.6,0.4,0.7,0.4,1.5,0.1,0.2,0.04,1,0.5,0.8,0.3,0.4,,
TEOWNtr5602,Needleleaf tree,Ntr,GF,Ntr,GFET,11.824,0.043,0.909,0.682,0.379,0.5,0.03,0.05,0.09,0.06,1.6,0.4,0.7,0.4,1.5,0.1,0.2,0.04,1,0.5,0.8,0.3,0.4,,
TEOWNtr5603,Needleleaf tree,Ntr,GF,Ntr,GFET,11.066,0.043,0.907,0.68,0.378,0.5,0.03,0.05,0.09,0.06,1.6,0.4,0.7,0.4,1.5,0.1,0.2,0.04,1,0.5,0.8,0.3,0.4,,
TEOWNtr5604,Needleleaf tree,Ntr,GF,Ntr,GFET,11.706,0.043,0.905,0.679,0.377,0.5,0.03,0.05,0.09,0.06,1.6,0.4,0.7,0.4,1.5,0.1,0.2,0.04,1,0.5,0.8,0.3,0.4,,
TEOWNtr5605,Needleleaf tree,Ntr,GF,Ntr,GFET,0.01,0.01,0.012,0.009,0.005,0.5,0.03,0.05,0.09,0.06,1.6,0.4,0.7,0.4,1.5,0.1,0.2,0.04,1,0.5,0.8,0.3,0.4,,
TEOWNtr5606,Needleleaf tree,Ntr,GF,Ntr,GFET,12.469,0.043,0.906,0.68,0.378,0.5,0.03,0.05,0.09,0.06,1.6,0.4,0.7,0.4,1.5,0.1,0.2,0.04,1,0.5,0.8,0.3,0.4,,
TEOWNtr5607,Needleleaf tree,Ntr,GF,Ntr,GFET,14.712,0.043,0.906,0.679,0.377,0.5,0.03,0.05,0.09,0.06,1.6,0.4,0.7,0.4,1.5,0.1,0.2,0.04,1,0.5,0.8,0.3,0.4,,
TEOWNtr5608,Needleleaf tree,Ntr,GF,Ntr,GFET,16.208,0.044,0.905,0.679,0.377,0.5,0.03,0.05,0.09,0.06,1.6,0.4,0.7,0.4,1.5,0.1,0.2,0.04,1,0.5,0.8,0.3,0.4,,
TEOWNtr5609,Needleleaf tree,Ntr,GF,Ntr,GFET,14.897,0.042,0.907,0.68,0.378,0.5,0.03,0.05,0.09,0.06,1.6,0.4,0.7,0.4,1.5,0.1,0.2,0.04,1,0.5,0.8,0.3,0.4,,
TEOWNtr5610,Needleleaf tree,Ntr,GF,Ntr,GFET,14.358,0.043,0.908,0.681,0.378,0.5,0.03,0.05,0.09,0.06,1.6,0.4,0.7,0.4,1.5,0.1,0.2,0.04,1,0.5,0.8,0.3,0.4,,
TEOWNtr5611,Needleleaf tree,Ntr,GF,Ntr,GFET,11.173,0.043,0.905,0.679,0.377,0.5,0.03,0.05,0.09,0.06,1.6,0.4,0.7,0.4,1.5,0.1,0.2,0.04,1,0.5,0.8,0.3,0.4,,
TEOWNtr5612,Needleleaf tree,Ntr,GF,Ntr,GFET,0.01,0.01,0.012,0.009,0.005,0.5,0.03,0.05,0.09,0.06,1.6,0.4,0.7,0.4,1.5,0.1,0.2,0.04,1,0.5,0.8,0.3,0.4,,
TEOWNtr5613,Needleleaf tree,Ntr,GF,Ntr,GFET,0.003,0.043,0.906,0.68,0.378,0.5,0.03,0.05,0.09,0.06,1.6,0.4,0.7,0.4,1.5,0.1,0.2,0.04,1,0.5,0.8,0.3,0.4,,
TEOWNtr5614,Needleleaf tree,Ntr,GF,Ntr,GFET,0.003,0.043,0.905,0.679,0.377,0.5,0.03,0.05,0.09,0.06,1.6,0.4,0.7,0.4,1.5,0.1,0.2,0.04,1,0.5,0.8,0.3,0.4,,
TEOWNtr5615,Needleleaf tree,Ntr,GF,Ntr,GFET,0.003,0.043,0.905,0.679,0.377,0.5,0.03,0.05,0.09,0.06,1.6,0.4,0.7,0.4,1.5,0.1,0.2,0.04,1,0.5,0.8,0.3,0.4,,
TEOWNtr5616,Needleleaf tree,Ntr,GF,Ntr,GFET,0.003,0.042,0.9,0.675,0.375,0.5,0.03,0.05,0.09,0.06,1.6,0.4,0.7,0.4,1.5,0.1,0.2,0.04,1,0.5,0.8,0.3,0.4,,
TEOWNtr5617,Needleleaf tree,Ntr,GF,Ntr,GFET,0.003,0.043,0.906,0.679,0.377,0.5,0.03,0.05,0.09,0.06,1.6,0.4,0.7,0.4,1.5,0.1,0.2,0.04,1,0.5,0.8,0.3,0.4,,
TEOWNtr5618,Needleleaf tree,Ntr,GF,Ntr,GFET,0.003,0.042,0.905,0.679,0.377,0.5,0.03,0.05,0.09,0.06,1.6,0.4,0.7,0.4,1.5,0.1,0.2,0.04,1,0.5,0.8,0.3,0.4,,
TEOWNtr5619,Needleleaf tree,Ntr,GF,Ntr,GFET,0.003,0.042,0.905,0.679,0.377,0.5,0.03,0.05,0.09,0.06,1.6,0.4,0.7,0.4,1.5,0.1,0.2,0.04,1,0.5,0.8,0.3,0.4,,
TEOWNtr5620,Needleleaf tree,Ntr,GF,Ntr,GFET,0.003,0.043,0.907,0.68,0.378,0.5,0.03,0.05,0.09,0.06,1.6,0.4,0.7,0.4,1.5,0.1,0.2,0.04,1,0.5,0.8,0.3,0.4,,
TEOWNtr5621,Needleleaf tree,Ntr,GF,Ntr,GFET,0.003,0.043,0.905,0.679,0.377,0.5,0.03,0.05,0.09,0.06,1.6,0.4,0.7,0.4,1.5,0.1,0.2,0.04,1,0.5,0.8,0.3,0.4,,
TEOWNtr5622,Needleleaf tree,Ntr,GF,Ntr,GFET,0.003,0.043,0.907,0.68,0.378,0.5,0.03,0.05,0.09,0.06,1.6,0.4,0.7,0.4,1.5,0.1,0.2,0.04,1,0.5,0.8,0.3,0.4,,
TEOWNtr5623,Needleleaf tree,Ntr,GF,Ntr,GFET,0.003,0.043,0.906,0.679,0.377,0.5,0.03,0.05,0.09,0.06,1.6,0.4,0.7,0.4,1.5,0.1,0.2,0.04,1,0.5,0.8,0.3,0.4,,
TEOWNtr5624,Needleleaf tree,Ntr,GF,Ntr,GFET,0.003,0.044,0.906,0.679,0.377,0.5,0.03,0.05,0.09,0.06,1.6,0.4,0.7,0.4,1.5,0.1,0.2,0.04,1,0.5,0.8,0.3,0.4,,
TEOWNtr5625,Needleleaf tree,Ntr,GF,Ntr,GFET,0.003,0.043,0.906,0.679,0.377,0.5,0.03,0.05,0.09,0.06,1.6,0.4,0.7,0.4,1.5,0.1,0.2,0.04,1,0.5,0.8,0.3,0.4,,
TEOWNtr5626,Needleleaf tree,Ntr,GF,Ntr,GFET,0.003,0.043,0.905,0.678,0.377,0.5,0.03,0.05,0.09,0.06,1.6,0.4,0.7,0.4,1.5,0.1,0.2,0.04,1,0.5,0.8,0.3,0.4,,
TEOWNtr5627,Needleleaf tree,Ntr,GF,Ntr,GFET,0.003,0.042,0.904,0.678,0.377,0.5,0.03,0.05,0.09,0.06,1.6,0.4,0.7,0.4,1.5,0.1,0.2,0.04,1,0.5,0.8,0.3,0.4,,
TEOWNtr5628,Needleleaf tree,Ntr,GF,Ntr,GFET,0.003,0.043,0.905,0.679,0.377,0.5,0.03,0.05,0.09,0.06,1.6,0.4,0.7,0.4,1.5,0.1,0.2,0.04,1,0.5,0.8,0.3,0.4,,
TEOWNtr5629,Needleleaf tree,Ntr,GF,Ntr,GFET,0.003,0.043,0.907,0.68,0.378,0.5,0.03,0.05,0.09,0.06,1.6,0.4,0.7,0.4,1.5,0.1,0.2,0.04,1,0.5,0.8,0.3,0.4,,
TEOWNtr5630,Needleleaf tree,Ntr,GF,Ntr,GFET,0.003,0.043,0.915,0.686,0.381,0.5,0.03,0.05,0.09,0.06,1.6,0.4,0.7,0.4,1.5,0.1,0.2,0.04,1,0.5,0.8,0.3,0.4,,
TEOWNtr5631,Needleleaf tree,Ntr,GF,Ntr,GFET,0.003,0.043,0.906,0.679,0.377,0.5,0.03,0.05,0.09,0.06,1.6,0.4,0.7,0.4,1.5,0.1,0.2,0.04,1,0.5,0.8,0.3,0.4,,
TEOWNtr5632,Needleleaf tree,Ntr,GF,Ntr,GFET,0.003,0.043,0.906,0.679,0.377,0.5,0.03,0.05,0.09,0.06,1.6,0.4,0.7,0.4,1.5,0.1,0.2,0.04,1,0.5,0.8,0.3,0.4,,
TEOWNtr5633,Needleleaf tree,Ntr,GF,Ntr,GFET,0.003,0.043,0.906,0.679,0.377,0.5,0.03,0.05,0.09,0.06,1.6,0.4,0.7,0.4,1.5,0.1,0.2,0.04,1,0.5,0.8,0.3,0.4,,
TEOWNtr5634,Needleleaf tree,Ntr,GF,Ntr,GFET,0.003,0.043,0.906,0.68,0.378,0.5,0.03,0.05,0.09,0.06,1.6,0.4,0.7,0.4,1.5,0.1,0.2,0.04,1,0.5,0.8,0.3,0.4,,
TEOWNtr5635,Needleleaf tree,Ntr,GF,Ntr,GFET,0.003,0.043,0.906,0.68,0.378,0.5,0.03,0.05,0.09,0.06,1.6,0.4,0.7,0.4,1.5,0.1,0.2,0.04,1,0.5,0.8,0.3,0.4,,
TEOWNtr5636,Needleleaf tree,Ntr,GF,Ntr,GFET,0.003,0.043,0.906,0.679,0.377,0.5,0.03,0.05,0.09,0.06,1.6,0.4,0.7,0.4,1.5,0.1,0.2,0.04,1,0.5,0.8,0.3,0.4,,
TEOWNtr5637,Needleleaf tree,Ntr,GF,Ntr,GFET,0.003,0.043,0.911,0.683,0.38,0.5,0.03,0.05,0.09,0.06,1.6,0.4,0.7,0.4,1.5,0.1,0.2,0.04,1,0.5,0.8,0.3,0.4,,
TEOWNtr5638,Needleleaf tree,Ntr,GF,Ntr,GFET,0.003,0.042,0.912,0.684,0.38,0.5,0.03,0.05,0.09,0.06,1.6,0.4,0.7,0.4,1.5,0.1,0.2,0.04,1,0.5,0.8,0.3,0.4,,
TEOWNtr5639,Needleleaf tree,Ntr,GF,Ntr,GFET,0.003,0.043,0.906,0.679,0.377,0.5,0.03,0.05,0.09,0.06,1.6,0.4,0.7,0.4,1.5,0.1,0.2,0.04,1,0.5,0.8,0.3,0.4,,
TEOWNtr5640,Needleleaf tree,Ntr,GF,Ntr,GFET,0.003,0.043,0.905,0.679,0.377,0.5,0.03,0.05,0.09,0.06,1.6,0.4,0.7,0.4,1.5,0.1,0.2,0.04,1,0.5,0.8,0.3,0.4,,
TEOWNtr5641,Needleleaf tree,Ntr,GF,Ntr,GFET,0.003,0.039,0.909,0.681,0.379,0.5,0.03,0.05,0.09,0.06,1.6,0.4,0.7,0.4,1.5,0.1,0.2,0.04,1,0.5,0.8,0.3,0.4,,
TEOWNtr5642,Needleleaf tree,Ntr,GF,Ntr,GFET,0.003,0.043,0.907,0.68,0.378,0.5,0.03,0.05,0.09,0.06,1.6,0.4,0.7,0.4,1.5,0.1,0.2,0.04,1,0.5,0.8,0.3,0.4,,
TEOWNtr5643,Needleleaf tree,Ntr,GF,Ntr,GFET,0.003,0.032,0.907,0.68,0.378,0.5,0.03,0.05,0.09,0.06,1.6,0.4,0.7,0.4,1.5,0.1,0.2,0.04,1,0.5,0.8,0.3,0.4,,
TEOWNtr5644,Needleleaf tree,Ntr,GF,Ntr,GFET,0.003,0.043,0.907,0.68,0.378,0.5,0.03,0.05,0.09,0.06,1.6,0.4,0.7,0.4,1.5,0.1,0.2,0.04,1,0.5,0.8,0.3,0.4,,
TEOWNtr5645,Needleleaf tree,Ntr,GF,Ntr,GFET,0.003,0.043,0.903,0.677,0.376,0.5,0.03,0.05,0.09,0.06,1.6,0.4,0.7,0.4,1.5,0.1,0.2,0.04,1,0.5,0.8,0.3,0.4,,
TEOWNtr5646,Needleleaf tree,Ntr,GF,Ntr,GFET,0.003,0.043,0.909,0.682,0.379,0.5,0.03,0.05,0.09,0.06,1.6,0.4,0.7,0.4,1.5,0.1,0.2,0.04,1,0.5,0.8,0.3,0.4,,
TEOWNtr5647,Needleleaf tree,Ntr,GF,Ntr,GFET,0.003,0.043,0.909,0.682,0.379,0.5,0.03,0.05,0.09,0.06,1.6,0.4,0.7,0.4,1.5,0.1,0.2,0.04,1,0.5,0.8,0.3,0.4,,
TEOWNtr5648,Needleleaf tree,Ntr,GF,Ntr,GFET,0.003,0.043,0.906,0.679,0.377,0.5,0.03,0.05,0.09,0.06,1.6,0.4,0.7,0.4,1.5,0.1,0.2,0.04,1,0.5,0.8,0.3,0.4,,
TEOWNtr5649,Needleleaf tree,Ntr,GF,Ntr,GFET,0.003,0.043,0.906,0.679,0.377,0.5,0.03,0.05,0.09,0.06,1.6,0.4,0.7,0.4,1.5,0.1,0.2,0.04,1,0.5,0.8,0.3,0.4,,
TEOWNtr5650,Needleleaf tree,Ntr,GF,Ntr,GFET,3.877,0.043,0.905,0.679,0.377,0.5,0.03,0.05,0.09,0.06,1.6,0.4,0.7,0.4,1.5,0.1,0.2,0.04,1,0.5,0.8,0.3,0.4,,
TEOWNtr5651,Needleleaf tree,Ntr,GF,Ntr,GFET,0.01,0.01,0.012,0.009,0.005,0.5,0.03,0.05,0.09,0.06,1.6,0.4,0.7,0.4,1.5,0.1,0.2,0.04,1,0.5,0.8,0.3,0.4,,
TEOWNtr5652,Needleleaf tree,Ntr,GF,Ntr,GFET,0.01,0.01,0.012,0.009,0.005,0.5,0.03,0.05,0.09,0.06,1.6,0.4,0.7,0.4,1.5,0.1,0.2,0.04,1,0.5,0.8,0.3,0.4,,
TEOWNtr5653,Needleleaf tree,Ntr,GF,Ntr,GFET,0.01,0.01,0.012,0.009,0.005,0.5,0.03,0.05,0.09,0.06,1.6,0.4,0.7,0.4,1.5,0.1,0.2,0.04,1,0.5,0.8,0.3,0.4,,
TEOWNtr5654,Needleleaf tree,Ntr,GF,Ntr,GFET,4.222,0.043,0.905,0.679,0.377,0.5,0.03,0.05,0.09,0.06,1.6,0.4,0.7,0.4,1.5,0.1,0.2,0.04,1,0.5,0.8,0.3,0.4,,
TEOWNtr5655,Needleleaf tree,Ntr,GF,Ntr,GFET,3.699,0.043,0.905,0.679,0.377,0.5,0.03,0.05,0.09,0.06,1.6,0.4,0.7,0.4,1.5,0.1,0.2,0.04,1,0.5,0.8,0.3,0.4,,
TEOWNtr5656,Needleleaf tree,Ntr,GF,Ntr,GFET,0.01,0.01,0.012,0.009,0.005,0.5,0.03,0.05,0.09,0.06,1.6,0.4,0.7,0.4,1.5,0.1,0.2,0.04,1,0.5,0.8,0.3,0.4,,
TEOWNtr5657,Needleleaf tree,Ntr,GF,Ntr,GFET,0.01,0.01,0.012,0.009,0.005,0.5,0.03,0.05,0.09,0.06,1.6,0.4,0.7,0.4,1.5,0.1,0.2,0.04,1,0.5,0.8,0.3,0.4,,
TEOWNtr5658,Needleleaf tree,Ntr,GF,Ntr,GFET,0.01,0.01,0.012,0.009,0.005,0.5,0.03,0.05,0.09,0.06,1.6,0.4,0.7,0.4,1.5,0.1,0.2,0.04,1,0.5,0.8,0.3,0.4,,
TEOWNtr5659,Needleleaf tree,Ntr,GF,Ntr,GFET,10.567,0.043,0.905,0.679,0.377,0.5,0.03,0.05,0.09,0.06,1.6,0.4,0.7,0.4,1.5,0.1,0.2,0.04,1,0.5,0.8,0.3,0.4,,
TEOWNtr5660,Needleleaf tree,Ntr,GF,Ntr,GFET,0.01,0.01,0.012,0.009,0.005,0.5,0.03,0.05,0.09,0.06,1.6,0.4,0.7,0.4,1.5,0.1,0.2,0.04,1,0.5,0.8,0.3,0.4,,
TEOWNtr5661,Needleleaf tree,Ntr,GF,Ntr,GFET,0.01,0.01,0.012,0.009,0.005,0.5,0.03,0.05,0.09,0.06,1.6,0.4,0.7,0.4,1.5,0.1,0.2,0.04,1,0.5,0.8,0.3,0.4,,
TEOWNtr5662,Needleleaf tree,Ntr,GF,Ntr,GFET,0.01,0.01,0.012,0.009,0.005,0.5,0.03,0.05,0.09,0.06,1.6,0.4,0.7,0.4,1.5,0.1,0.2,0.04,1,0.5,0.8,0.3,0.4,,
TEOWNtr5663,Needleleaf tree,Ntr,GF,Ntr,GFET,0.01,0.01,0.012,0.009,0.005,0.5,0.03,0.05,0.09,0.06,1.6,0.4,0.7,0.4,1.5,0.1,0.2,0.04,1,0.5,0.8,0.3,0.4,,
TEOWNtr5664,Needleleaf tree,Ntr,GF,Ntr,GFET,0.01,0.01,0.012,0.009,0.005,0.5,0.03,0.05,0.09,0.06,1.6,0.4,0.7,0.4,1.5,0.1,0.2,0.04,1,0.5,0.8,0.3,0.4,,
TEOWNtr5665,Needleleaf tree,Ntr,GF,Ntr,GFET,0.01,0.01,0.012,0.009,0.005,0.5,0.03,0.05,0.09,0.06,1.6,0.4,0.7,0.4,1.5,0.1,0.2,0.04,1,0.5,0.8,0.3,0.4,,
TEOWNtr5666,Needleleaf tree,Ntr,GF,Ntr,GFET,0.01,0.01,0.012,0.009,0.005,0.5,0.03,0.05,0.09,0.06,1.6,0.4,0.7,0.4,1.5,0.1,0.2,0.04,1,0.5,0.8,0.3,0.4,,
TEOWNtr5667,Needleleaf tree,Ntr,GF,Ntr,GFET,7.465,0.043,0.906,0.679,0.377,0.5,0.03,0.05,0.09,0.06,1.6,0.4,0.7,0.4,1.5,0.1,0.2,0.04,1,0.5,0.8,0.3,0.4,,
TEOWNtr5668,Needleleaf tree,Ntr,GF,Ntr,GFET,8.965,0.043,0.905,0.679,0.377,0.5,0.03,0.05,0.09,0.06,1.6,0.4,0.7,0.4,1.5,0.1,0.2,0.04,1,0.5,0.8,0.3,0.4,,
TEOWNtr5669,Needleleaf tree,Ntr,GF,Ntr,GFET,8.546,0.043,0.905,0.679,0.377,0.5,0.03,0.05,0.09,0.06,1.6,0.4,0.7,0.4,1.5,0.1,0.2,0.04,1,0.5,0.8,0.3,0.4,,
TEOWNtr5670,Needleleaf tree,Ntr,GF,Ntr,GFET,8.552,0.043,0.905,0.679,0.377,0.5,0.03,0.05,0.09,0.06,1.6,0.4,0.7,0.4,1.5,0.1,0.2,0.04,1,0.5,0.8,0.3,0.4,,
TEOWNtr5671,Needleleaf tree,Ntr,GF,Ntr,GFET,7.433,0.043,0.905,0.679,0.377,0.5,0.03,0.05,0.09,0.06,1.6,0.4,0.7,0.4,1.5,0.1,0.2,0.04,1,0.5,0.8,0.3,0.4,,
TEOWNtr5672,Needleleaf tree,Ntr,GF,Ntr,GFET,13.009,0.043,0.905,0.679,0.377,0.5,0.03,0.05,0.09,0.06,1.6,0.4,0.7,0.4,1.5,0.1,0.2,0.04,1,0.5,0.8,0.3,0.4,,
TEOWNtr5673,Needleleaf tree,Ntr,GF,Ntr,GFET,0.01,0.01,0.012,0.009,0.005,0.5,0.03,0.05,0.09,0.06,1.6,0.4,0.7,0.4,1.5,0.1,0.2,0.04,1,0.5,0.8,0.3,0.4,,
TEOWNtr5674,Needleleaf tree,Ntr,GF,Ntr,GFET,9.23,0.29,0.59,0.442,0.246,0.5,0.03,0.05,0.09,0.06,1.6,0.4,0.7,0.4,1.5,0.1,0.2,0.04,1,0.5,0.8,0.3,0.4,,
TEOWNtr5675,Needleleaf tree,Ntr,GF,Ntr,GFET,9.503,0.288,0.597,0.448,0.249,0.5,0.03,0.05,0.09,0.06,1.6,0.4,0.7,0.4,1.5,0.1,0.2,0.04,1,0.5,0.8,0.3,0.4,,
TEOWNtr5676,Needleleaf tree,Ntr,GF,Ntr,GFET,9.307,0.084,0.839,0.629,0.35,0.5,0.03,0.05,0.09,0.06,1.6,0.4,0.7,0.4,1.5,0.1,0.2,0.04,1,0.5,0.8,0.3,0.4,,
TEOWNtr5677,Needleleaf tree,Ntr,GF,Ntr,GFET,6.721,0.13,0.568,0.426,0.237,0.5,0.03,0.05,0.09,0.06,1.6,0.4,0.7,0.4,1.5,0.1,0.2,0.04,1,0.5,0.8,0.3,0.4,,
TEOWNtr5678,Needleleaf tree,Ntr,GF,Ntr,GFET,0.01,0.01,0.012,0.009,0.005,0.5,0.03,0.05,0.09,0.06,1.6,0.4,0.7,0.4,1.5,0.1,0.2,0.04,1,0.5,0.8,0.3,0.4,,
TEOWNtr5679,Needleleaf tree,Ntr,GF,Ntr,GFET,7.532,0.127,0.557,0.418,0.232,0.5,0.03,0.05,0.09,0.06,1.6,0.4,0.7,0.4,1.5,0.1,0.2,0.04,1,0.5,0.8,0.3,0.4,,
TEOWNtr5680,Needleleaf tree,Ntr,GF,Ntr,GFET,5.273,0.126,0.587,0.44,0.244,0.5,0.03,0.05,0.09,0.06,1.6,0.4,0.7,0.4,1.5,0.1,0.2,0.04,1,0.5,0.8,0.3,0.4,,
TEOWNtr5681,Needleleaf tree,Ntr,GF,Ntr,GFET,4.649,0.179,0.512,0.384,0.213,0.5,0.03,0.05,0.09,0.06,1.6,0.4,0.7,0.4,1.5,0.1,0.2,0.04,1,0.5,0.8,0.3,0.4,,
TEOWNtr5682,Needleleaf tree,Ntr,GF,Ntr,GFET,11.794,0.043,0.911,0.683,0.38,0.5,0.03,0.05,0.09,0.06,1.6,0.4,0.7,0.4,1.5,0.1,0.2,0.04,1,0.5,0.8,0.3,0.4,,
TEOWNtr5683,Needleleaf tree,Ntr,GF,Ntr,GFET,10.723,0.1,0.655,0.491,0.273,0.5,0.03,0.05,0.09,0.06,1.6,0.4,0.7,0.4,1.5,0.1,0.2,0.04,1,0.5,0.8,0.3,0.4,,
TEOWNtr5684,Needleleaf tree,Ntr,GF,Ntr,GFET,5.802,0.705,0.55,0.413,0.229,0.5,0.03,0.05,0.09,0.06,1.6,0.4,0.7,0.4,1.5,0.1,0.2,0.04,1,0.5,0.8,0.3,0.4,,
TEOWNtr5685,Needleleaf tree,Ntr,GF,Ntr,GFET,12.304,0.149,0.718,0.538,0.299,0.5,0.03,0.05,0.09,0.06,1.6,0.4,0.7,0.4,1.5,0.1,0.2,0.04,1,0.5,0.8,0.3,0.4,,
TEOWNtr5686,Needleleaf tree,Ntr,GF,Ntr,GFET,14.469,0.287,0.603,0.452,0.251,0.5,0.03,0.05,0.09,0.06,1.6,0.4,0.7,0.4,1.5,0.1,0.2,0.04,1,0.5,0.8,0.3,0.4,,
TEOWNtr5687,Needleleaf tree,Ntr,GF,Ntr,GFET,5.215,0.092,0.741,0.556,0.309,0.5,0.03,0.05,0.09,0.06,1.6,0.4,0.7,0.4,1.5,0.1,0.2,0.04,1,0.5,0.8,0.3,0.4,,
TEOWNtr5688,Needleleaf tree,Ntr,GF,Ntr,GFET,10.041,0.043,0.907,0.68,0.378,0.5,0.03,0.05,0.09,0.06,1.6,0.4,0.7,0.4,1.5,0.1,0.2,0.04,1,0.5,0.8,0.3,0.4,,
TEOWNtr5689,Needleleaf tree,Ntr,GF,Ntr,GFET,9.617,0.18,0.648,0.486,0.27,0.5,0.03,0.05,0.09,0.06,1.6,0.4,0.7,0.4,1.5,0.1,0.2,0.04,1,0.5,0.8,0.3,0.4,,
TEOWNtr5690,Needleleaf tree,Ntr,GF,Ntr,GFET,11.497,0.227,0.667,0.5,0.278,0.5,0.03,0.05,0.09,0.06,1.6,0.4,0.7,0.4,1.5,0.1,0.2,0.04,1,0.5,0.8,0.3,0.4,,
TEOWNtr5691,Needleleaf tree,Ntr,GF,Ntr,GFET,11.187,0.073,0.788,0.591,0.328,0.5,0.03,0.05,0.09,0.06,1.6,0.4,0.7,0.4,1.5,0.1,0.2,0.04,1,0.5,0.8,0.3,0.4,,
TEOWNtr5692,Needleleaf tree,Ntr,GF,Ntr,GFET,12.341,0.255,0.627,0.471,0.261,0.5,0.03,0.05,0.09,0.06,1.6,0.4,0.7,0.4,1.5,0.1,0.2,0.04,1,0.5,0.8,0.3,0.4,,
TEOWNtr5693,Needleleaf tree,Ntr,GF,Ntr,GFET,8.925,0.046,0.855,0.641,0.356,0.5,0.03,0.05,0.09,0.06,1.6,0.4,0.7,0.4,1.5,0.1,0.2,0.04,1,0.5,0.8,0.3,0.4,,
TEOWNtr5694,Needleleaf tree,Ntr,GF,Ntr,GFET,8.144,0.07,0.793,0.594,0.33,0.5,0.03,0.05,0.09,0.06,1.6,0.4,0.7,0.4,1.5,0.1,0.2,0.04,1,0.5,0.8,0.3,0.4,,
TEOWNtr5695,Needleleaf tree,Ntr,GF,Ntr,GFET,25.713,0.236,0.671,0.503,0.28,0.5,0.03,0.05,0.09,0.06,1.6,0.4,0.7,0.4,1.5,0.1,0.2,0.04,1,0.5,0.8,0.3,0.4,,
TEOWNtr5696,Needleleaf tree,Ntr,GF,Ntr,GFET,9.086,0.432,0.721,0.541,0.301,0.5,0.03,0.05,0.09,0.06,1.6,0.4,0.7,0.4,1.5,0.1,0.2,0.04,1,0.5,0.8,0.3,0.4,,
TEOWNtr5697,Needleleaf tree,Ntr,GF,Ntr,GFET,10.262,0.043,0.907,0.68,0.378,0.5,0.03,0.05,0.09,0.06,1.6,0.4,0.7,0.4,1.5,0.1,0.2,0.04,1,0.5,0.8,0.3,0.4,,
TEOWNtr5698,Needleleaf tree,Ntr,GF,Ntr,GFET,8.523,0.043,0.906,0.68,0.378,0.5,0.03,0.05,0.09,0.06,1.6,0.4,0.7,0.4,1.5,0.1,0.2,0.04,1,0.5,0.8,0.3,0.4,,
TEOWNtr5699,Needleleaf tree,Ntr,GF,Ntr,GFET,14.933,0.288,0.598,0.448,0.249,0.5,0.03,0.05,0.09,0.06,1.6,0.4,0.7,0.4,1.5,0.1,0.2,0.04,1,0.5,0.8,0.3,0.4,,
TEOWNtr5700,Needleleaf tree,Ntr,GF,Ntr,GFET,0.01,0.01,0.012,0.009,0.005,0.5,0.03,0.05,0.09,0.06,1.6,0.4,0.7,0.4,1.5,0.1,0.2,0.04,1,0.5,0.8,0.3,0.4,,
TEOWNtr5701,Needleleaf tree,Ntr,GF,Ntr,GFET,12.599,0.051,0.873,0.654,0.364,0.5,0.03,0.05,0.09,0.06,1.6,0.4,0.7,0.4,1.5,0.1,0.2,0.04,1,0.5,0.8,0.3,0.4,,
TEOWNtr5702,Needleleaf tree,Ntr,GF,Ntr,GFET,7.421,0.043,0.905,0.679,0.377,0.5,0.03,0.05,0.09,0.06,1.6,0.4,0.7,0.4,1.5,0.1,0.2,0.04,1,0.5,0.8,0.3,0.4,,
TEOWNtr5703,Needleleaf tree,Ntr,GF,Ntr,GFET,8.716,0.006,0.578,0.433,0.241,0.5,0.03,0.05,0.09,0.06,1.6,0.4,0.7,0.4,1.5,0.1,0.2,0.04,1,0.5,0.8,0.3,0.4,,
TEOWNtr5704,Needleleaf tree,Ntr,GF,Ntr,GFET,5.021,0.257,0.776,0.582,0.323,0.5,0.03,0.05,0.09,0.06,1.6,0.4,0.7,0.4,1.5,0.1,0.2,0.04,1,0.5,0.8,0.3,0.4,,
TEOWNtr5705,Needleleaf tree,Ntr,GF,Ntr,GFET,8.956,0.236,0.669,0.502,0.279,0.5,0.03,0.05,0.09,0.06,1.6,0.4,0.7,0.4,1.5,0.1,0.2,0.04,1,0.5,0.8,0.3,0.4,,
TEOWNtr5706,Needleleaf tree,Ntr,GF,Ntr,GFET,8.566,0.043,0.861,0.646,0.359,0.5,0.03,0.05,0.09,0.06,1.6,0.4,0.7,0.4,1.5,0.1,0.2,0.04,1,0.5,0.8,0.3,0.4,,
TEOWNtr5707,Needleleaf tree,Ntr,GF,Ntr,GFET,9.619,0.047,0.882,0.662,0.368,0.5,0.03,0.05,0.09,0.06,1.6,0.4,0.7,0.4,1.5,0.1,0.2,0.04,1,0.5,0.8,0.3,0.4,,
TEOWNtr5708,Needleleaf tree,Ntr,GF,Ntr,GFET,5.778,0.073,0.808,0.606,0.337,0.5,0.03,0.05,0.09,0.06,1.6,0.4,0.7,0.4,1.5,0.1,0.2,0.04,1,0.5,0.8,0.3,0.4,,
TEOWNtr5709,Needleleaf tree,Ntr,GF,Ntr,GFET,12.595,0.29,0.6,0.45,0.25,0.5,0.03,0.05,0.09,0.06,1.6,0.4,0.7,0.4,1.5,0.1,0.2,0.04,1,0.5,0.8,0.3,0.4,,
TEOWNtr5710,Needleleaf tree,Ntr,GF,Ntr,GFET,8.38,0.08,0.77,0.577,0.321,0.5,0.03,0.05,0.09,0.06,1.6,0.4,0.7,0.4,1.5,0.1,0.2,0.04,1,0.5,0.8,0.3,0.4,,
TEOWNtr5711,Needleleaf tree,Ntr,GF,Ntr,GFET,5.817,0.076,0.77,0.577,0.321,0.5,0.03,0.05,0.09,0.06,1.6,0.4,0.7,0.4,1.5,0.1,0.2,0.04,1,0.5,0.8,0.3,0.4,,
TEOWNtr5712,Needleleaf tree,Ntr,GF,Ntr,GFET,11.282,0.253,0.627,0.47,0.261,0.5,0.03,0.05,0.09,0.06,1.6,0.4,0.7,0.4,1.5,0.1,0.2,0.04,1,0.5,0.8,0.3,0.4,,
TEOWNtr5713,Needleleaf tree,Ntr,GF,Ntr,GFET,9.789,0.067,0.796,0.597,0.332,0.5,0.03,0.05,0.09,0.06,1.6,0.4,0.7,0.4,1.5,0.1,0.2,0.04,1,0.5,0.8,0.3,0.4,,
TEOWNtr5714,Needleleaf tree,Ntr,GF,Ntr,GFET,8.321,0.043,0.905,0.679,0.377,0.5,0.03,0.05,0.09,0.06,1.6,0.4,0.7,0.4,1.5,0.1,0.2,0.04,1,0.5,0.8,0.3,0.4,,
TEOWNtr5715,Needleleaf tree,Ntr,GF,Ntr,GFET,6.95,0.043,0.905,0.679,0.377,0.5,0.03,0.05,0.09,0.06,1.6,0.4,0.7,0.4,1.5,0.1,0.2,0.04,1,0.5,0.8,0.3,0.4,,
TEOWNtr5716,Needleleaf tree,Ntr,GF,Ntr,GFET,6.262,0.043,0.905,0.679,0.377,0.5,0.03,0.05,0.09,0.06,1.6,0.4,0.7,0.4,1.5,0.1,0.2,0.04,1,0.5,0.8,0.3,0.4,,
TEOWNtr5717,Needleleaf tree,Ntr,GF,Ntr,GFET,16.506,0.037,0.958,0.718,0.399,0.5,0.03,0.05,0.09,0.06,1.6,0.4,0.7,0.4,1.5,0.1,0.2,0.04,1,0.5,0.8,0.3,0.4,,
TEOWNtr5718,Needleleaf tree,Ntr,GF,Ntr,GFET,9.108,0.096,0.579,0.435,0.241,0.5,0.03,0.05,0.09,0.06,1.6,0.4,0.7,0.4,1.5,0.1,0.2,0.04,1,0.5,0.8,0.3,0.4,,
TEOWNtr5719,Needleleaf tree,Ntr,GF,Ntr,GFET,6.484,0.292,0.57,0.428,0.238,0.5,0.03,0.05,0.09,0.06,1.6,0.4,0.7,0.4,1.5,0.1,0.2,0.04,1,0.5,0.8,0.3,0.4,,
TEOWNtr5720,Needleleaf tree,Ntr,GF,Ntr,GFET,7.307,0.063,0.809,0.607,0.337,0.5,0.03,0.05,0.09,0.06,1.6,0.4,0.7,0.4,1.5,0.1,0.2,0.04,1,0.5,0.8,0.3,0.4,,
TEOWNtr5721,Needleleaf tree,Ntr,GF,Ntr,GFET,16.495,0.036,0.908,0.681,0.378,0.5,0.03,0.05,0.09,0.06,1.6,0.4,0.7,0.4,1.5,0.1,0.2,0.04,1,0.5,0.8,0.3,0.4,,
TEOWNtr5722,Needleleaf tree,Ntr,GF,Ntr,GFET,7.376,0.041,0.798,0.599,0.333,0.5,0.03,0.05,0.09,0.06,1.6,0.4,0.7,0.4,1.5,0.1,0.2,0.04,1,0.5,0.8,0.3,0.4,,
TEOWNtr5723,Needleleaf tree,Ntr,GF,Ntr,GFET,13.962,0.051,0.871,0.653,0.363,0.5,0.03,0.05,0.09,0.06,1.6,0.4,0.7,0.4,1.5,0.1,0.2,0.04,1,0.5,0.8,0.3,0.4,,
TEOWNtr5724,Needleleaf tree,Ntr,GF,Ntr,GFET,7.311,0.433,0.719,0.539,0.3,0.5,0.03,0.05,0.09,0.06,1.6,0.4,0.7,0.4,1.5,0.1,0.2,0.04,1,0.5,0.8,0.3,0.4,,
TEOWNtr5725,Needleleaf tree,Ntr,GF,Ntr,GFET,5.058,0.063,0.822,0.617,0.343,0.5,0.03,0.05,0.09,0.06,1.6,0.4,0.7,0.4,1.5,0.1,0.2,0.04,1,0.5,0.8,0.3,0.4,,
TEOWNtr5726,Needleleaf tree,Ntr,GF,Ntr,GFET,9.491,0.057,0.839,0.629,0.35,0.5,0.03,0.05,0.09,0.06,1.6,0.4,0.7,0.4,1.5,0.1,0.2,0.04,1,0.5,0.8,0.3,0.4,,
TEOWNtr5727,Needleleaf tree,Ntr,GF,Ntr,GFET,16.256,0.036,0.907,0.68,0.378,0.5,0.03,0.05,0.09,0.06,1.6,0.4,0.7,0.4,1.5,0.1,0.2,0.04,1,0.5,0.8,0.3,0.4,,
TEOWNtr5728,Needleleaf tree,Ntr,GF,Ntr,GFET,14.919,0.039,0.908,0.681,0.378,0.5,0.03,0.05,0.09,0.06,1.6,0.4,0.7,0.4,1.5,0.1,0.2,0.04,1,0.5,0.8,0.3,0.4,,
TEOWNtr5729,Needleleaf tree,Ntr,GF,Ntr,GFET,14.442,0.042,0.915,0.686,0.381,0.5,0.03,0.05,0.09,0.06,1.6,0.4,0.7,0.4,1.5,0.1,0.2,0.04,1,0.5,0.8,0.3,0.4,,
TEOWNtr5730,Needleleaf tree,Ntr,GF,Ntr,GFET,7.891,0.043,0.905,0.679,0.377,0.5,0.03,0.05,0.09,0.06,1.6,0.4,0.7,0.4,1.5,0.1,0.2,0.04,1,0.5,0.8,0.3,0.4,,
TEOWNtr5731,Needleleaf tree,Ntr,GF,Ntr,GFET,8.26,0.043,0.906,0.68,0.378,0.5,0.03,0.05,0.09,0.06,1.6,0.4,0.7,0.4,1.5,0.1,0.2,0.04,1,0.5,0.8,0.3,0.4,,
TEOWNtr5732,Needleleaf tree,Ntr,GF,Ntr,GFET,8.792,0.043,0.906,0.679,0.377,0.5,0.03,0.05,0.09,0.06,1.6,0.4,0.7,0.4,1.5,0.1,0.2,0.04,1,0.5,0.8,0.3,0.4,,
TEOWNtr5733,Needleleaf tree,Ntr,GF,Ntr,GFET,11.099,0.043,0.906,0.679,0.377,0.5,0.03,0.05,0.09,0.06,1.6,0.4,0.7,0.4,1.5,0.1,0.2,0.04,1,0.5,0.8,0.3,0.4,,
TEOWNtr5734,Needleleaf tree,Ntr,GF,Ntr,GFET,12.179,0.043,0.908,0.681,0.378,0.5,0.03,0.05,0.09,0.06,1.6,0.4,0.7,0.4,1.5,0.1,0.2,0.04,1,0.5,0.8,0.3,0.4,,
TEOWNtr5735,Needleleaf tree,Ntr,GF,Ntr,GFET,7.533,0.043,0.905,0.679,0.377,0.5,0.03,0.05,0.09,0.06,1.6,0.4,0.7,0.4,1.5,0.1,0.2,0.04,1,0.5,0.8,0.3,0.4,,
TEOWNtr5736,Needleleaf tree,Ntr,GF,Ntr,GFET,7.516,0.18,0.54,0.405,0.225,0.5,0.03,0.05,0.09,0.06,1.6,0.4,0.7,0.4,1.5,0.1,0.2,0.04,1,0.5,0.8,0.3,0.4,,
TEOWNtr5737,Needleleaf tree,Ntr,GF,Ntr,GFET,8.956,0.043,0.906,0.679,0.377,0.5,0.03,0.05,0.09,0.06,1.6,0.4,0.7,0.4,1.5,0.1,0.2,0.04,1,0.5,0.8,0.3,0.4,,
TEOWNtr5738,Needleleaf tree,Ntr,GF,Ntr,GFET,11.021,0.043,0.906,0.679,0.377,0.5,0.03,0.05,0.09,0.06,1.6,0.4,0.7,0.4,1.5,0.1,0.2,0.04,1,0.5,0.8,0.3,0.4,,
TEOWNtr5739,Needleleaf tree,Ntr,GF,Ntr,GFET,9.12,0.288,0.581,0.436,0.242,0.5,0.03,0.05,0.09,0.06,1.6,0.4,0.7,0.4,1.5,0.1,0.2,0.04,1,0.5,0.8,0.3,0.4,,
TEOWNtr5740,Needleleaf tree,Ntr,GF,Ntr,GFET,7.917,0.064,0.795,0.596,0.331,0.5,0.03,0.05,0.09,0.06,1.6,0.4,0.7,0.4,1.5,0.1,0.2,0.04,1,0.5,0.8,0.3,0.4,,
TEOWNtr5741,Needleleaf tree,Ntr,GF,Ntr,GFET,3.803,0.057,0.828,0.621,0.345,0.5,0.03,0.05,0.09,0.06,1.6,0.4,0.7,0.4,1.5,0.1,0.2,0.04,1,0.5,0.8,0.3,0.4,,
TEOWNtr5742,Needleleaf tree,Ntr,GF,Ntr,GFET,11.977,0.043,0.912,0.684,0.38,0.5,0.03,0.05,0.09,0.06,1.6,0.4,0.7,0.4,1.5,0.1,0.2,0.04,1,0.5,0.8,0.3,0.4,,
TEOWNtr5743,Needleleaf tree,Ntr,GF,Ntr,GFET,9.256,0.066,0.788,0.591,0.328,0.5,0.03,0.05,0.09,0.06,1.6,0.4,0.7,0.4,1.5,0.1,0.2,0.04,1,0.5,0.8,0.3,0.4,,
TEOWNtr5744,Needleleaf tree,Ntr,GF,Ntr,GFET,12.547,0.043,0.906,0.68,0.378,0.5,0.03,0.05,0.09,0.06,1.6,0.4,0.7,0.4,1.5,0.1,0.2,0.04,1,0.5,0.8,0.3,0.4,,
TEOWNtr5745,Needleleaf tree,Ntr,GF,Ntr,GFET,16.232,0.069,0.789,0.592,0.329,0.5,0.03,0.05,0.09,0.06,1.6,0.4,0.7,0.4,1.5,0.1,0.2,0.04,1,0.5,0.8,0.3,0.4,,
TEOWNtr5746,Needleleaf tree,Ntr,GF,Ntr,GFET,10.034,0.07,0.787,0.59,0.328,0.5,0.03,0.05,0.09,0.06,1.6,0.4,0.7,0.4,1.5,0.1,0.2,0.04,1,0.5,0.8,0.3,0.4,,
TEOWNtr5747,Needleleaf tree,Ntr,GF,Ntr,GFET,16.856,0.066,0.788,0.591,0.328,0.5,0.03,0.05,0.09,0.06,1.6,0.4,0.7,0.4,1.5,0.1,0.2,0.04,1,0.5,0.8,0.3,0.4,,
TEOWNtr5748,Needleleaf tree,Ntr,GF,Ntr,GFET,6.759,0.066,0.789,0.592,0.329,0.5,0.03,0.05,0.09,0.06,1.6,0.4,0.7,0.4,1.5,0.1,0.2,0.04,1,0.5,0.8,0.3,0.4,,
TEOWNtr5749,Needleleaf tree,Ntr,GF,Ntr,GFET,7.396,0.066,0.792,0.594,0.33,0.5,0.03,0.05,0.09,0.06,1.6,0.4,0.7,0.4,1.5,0.1,0.2,0.04,1,0.5,0.8,0.3,0.4,,
TEOWNtr5750,Needleleaf tree,Ntr,GF,Ntr,GFET,6.749,0.07,0.744,0.558,0.31,0.5,0.03,0.05,0.09,0.06,1.6,0.4,0.7,0.4,1.5,0.1,0.2,0.04,1,0.5,0.8,0.3,0.4,,
TEOWNtr5751,Needleleaf tree,Ntr,GF,Ntr,GFET,7.063,0.067,0.799,0.6,0.333,0.5,0.03,0.05,0.09,0.06,1.6,0.4,0.7,0.4,1.5,0.1,0.2,0.04,1,0.5,0.8,0.3,0.4,,
TEOWNtr5752,Needleleaf tree,Ntr,GF,Ntr,GFET,6.676,0.07,0.787,0.59,0.328,0.5,0.03,0.05,0.09,0.06,1.6,0.4,0.7,0.4,1.5,0.1,0.2,0.04,1,0.5,0.8,0.3,0.4,,
TEOWNtr5753,Needleleaf tree,Ntr,GF,Ntr,GFET,9.111,0.07,0.787,0.59,0.328,0.5,0.03,0.05,0.09,0.06,1.6,0.4,0.7,0.4,1.5,0.1,0.2,0.04,1,0.5,0.8,0.3,0.4,,
TEOWNtr5754,Needleleaf tree,Ntr,GF,Ntr,GFET,14.781,0.043,0.939,0.704,0.391,0.5,0.03,0.05,0.09,0.06,1.6,0.4,0.7,0.4,1.5,0.1,0.2,0.04,1,0.5,0.8,0.3,0.4,,
TEOWNtr5755,Needleleaf tree,Ntr,GF,Ntr,GFET,14.004,0.042,0.905,0.679,0.377,0.5,0.03,0.05,0.09,0.06,1.6,0.4,0.7,0.4,1.5,0.1,0.2,0.04,1,0.5,0.8,0.3,0.4,,
TEOWNtr5756,Needleleaf tree,Ntr,GF,Ntr,GFET,16.669,0.036,0.906,0.679,0.377,0.5,0.03,0.05,0.09,0.06,1.6,0.4,0.7,0.4,1.5,0.1,0.2,0.04,1,0.5,0.8,0.3,0.4,,
TEOWNtr5757,Needleleaf tree,Ntr,GF,Ntr,GFET,13.059,0.062,0.826,0.619,0.344,0.5,0.03,0.05,0.09,0.06,1.6,0.4,0.7,0.4,1.5,0.1,0.2,0.04,1,0.5,0.8,0.3,0.4,,
TEOWNtr5758,Needleleaf tree,Ntr,GF,Ntr,GFET,15.273,0.039,0.903,0.677,0.376,0.5,0.03,0.05,0.09,0.06,1.6,0.4,0.7,0.4,1.5,0.1,0.2,0.04,1,0.5,0.8,0.3,0.4,,
TEOWNtr5759,Needleleaf tree,Ntr,GF,Ntr,GFET,14.578,0.039,0.893,0.669,0.372,0.5,0.03,0.05,0.09,0.06,1.6,0.4,0.7,0.4,1.5,0.1,0.2,0.04,1,0.5,0.8,0.3,0.4,,
TEOWNtr5760,Needleleaf tree,Ntr,GF,Ntr,GFET,0.01,0.01,0.012,0.009,0.005,0.5,0.03,0.05,0.09,0.06,1.6,0.4,0.7,0.4,1.5,0.1,0.2,0.04,1,0.5,0.8,0.3,0.4,,
TEOWNtr5761,Needleleaf tree,Ntr,GF,Ntr,GFET,13.936,0.044,0.884,0.663,0.368,0.5,0.03,0.05,0.09,0.06,1.6,0.4,0.7,0.4,1.5,0.1,0.2,0.04,1,0.5,0.8,0.3,0.4,,
TEOWNtr5762,Needleleaf tree,Ntr,GF,Ntr,GFET,10.041,0.067,0.796,0.597,0.332,0.5,0.03,0.05,0.09,0.06,1.6,0.4,0.7,0.4,1.5,0.1,0.2,0.04,1,0.5,0.8,0.3,0.4,,
TEOWNtr5763,Needleleaf tree,Ntr,GF,Ntr,GFET,15.958,0.045,0.875,0.656,0.364,0.5,0.03,0.05,0.09,0.06,1.6,0.4,0.7,0.4,1.5,0.1,0.2,0.04,1,0.5,0.8,0.3,0.4,,
TEOWNtr5764,Needleleaf tree,Ntr,GF,Ntr,GFET,12.957,0.041,0.926,0.694,0.386,0.5,0.03,0.05,0.09,0.06,1.6,0.4,0.7,0.4,1.5,0.1,0.2,0.04,1,0.5,0.8,0.3,0.4,,
TEOWNtr5765,Needleleaf tree,Ntr,GF,Ntr,GFET,16.495,0.037,0.925,0.693,0.385,0.5,0.03,0.05,0.09,0.06,1.6,0.4,0.7,0.4,1.5,0.1,0.2,0.04,1,0.5,0.8,0.3,0.4,,
TEOWNtr5766,Needleleaf tree,Ntr,GF,Ntr,GFET,17.771,0.032,0.878,0.659,0.366,0.5,0.03,0.05,0.09,0.06,1.6,0.4,0.7,0.4,1.5,0.1,0.2,0.04,1,0.5,0.8,0.3,0.4,,
TEOWNtr5767,Needleleaf tree,Ntr,GF,Ntr,GFET,10.25,0.068,0.802,0.602,0.334,0.5,0.03,0.05,0.09,0.06,1.6,0.4,0.7,0.4,1.5,0.1,0.2,0.04,1,0.5,0.8,0.3,0.4,,
TEOWNtr5768,Needleleaf tree,Ntr,GF,Ntr,GFET,7.629,0.069,0.788,0.591,0.328,0.5,0.03,0.05,0.09,0.06,1.6,0.4,0.7,0.4,1.5,0.1,0.2,0.04,1,0.5,0.8,0.3,0.4,,
TEOWNtr5769,Needleleaf tree,Ntr,GF,Ntr,GFET,14.804,0.047,0.883,0.662,0.368,0.5,0.03,0.05,0.09,0.06,1.6,0.4,0.7,0.4,1.5,0.1,0.2,0.04,1,0.5,0.8,0.3,0.4,,
TEOWNtr5770,Needleleaf tree,Ntr,GF,Ntr,GFET,8.091,0.07,0.789,0.592,0.329,0.5,0.03,0.05,0.09,0.06,1.6,0.4,0.7,0.4,1.5,0.1,0.2,0.04,1,0.5,0.8,0.3,0.4,,
TEOWNtr5771,Needleleaf tree,Ntr,GF,Ntr,GFET,13.61,0.043,0.915,0.686,0.381,0.5,0.03,0.05,0.09,0.06,1.6,0.4,0.7,0.4,1.5,0.1,0.2,0.04,1,0.5,0.8,0.3,0.4,,
TEOWNtr5772,Needleleaf tree,Ntr,GF,Ntr,GFET,9.777,0.061,0.827,0.62,0.345,0.5,0.03,0.05,0.09,0.06,1.6,0.4,0.7,0.4,1.5,0.1,0.2,0.04,1,0.5,0.8,0.3,0.4,,
TEOWNtr5773,Needleleaf tree,Ntr,GF,Ntr,GFET,12.598,0.043,0.924,0.693,0.385,0.5,0.03,0.05,0.09,0.06,1.6,0.4,0.7,0.4,1.5,0.1,0.2,0.04,1,0.5,0.8,0.3,0.4,,
TEOWNtr5774,Needleleaf tree,Ntr,GF,Ntr,GFET,13.547,0.041,0.907,0.68,0.378,0.5,0.03,0.05,0.09,0.06,1.6,0.4,0.7,0.4,1.5,0.1,0.2,0.04,1,0.5,0.8,0.3,0.4,,
TEOWNtr5775,Needleleaf tree,Ntr,GF,Ntr,GFET,15.189,0.041,0.916,0.687,0.381,0.5,0.03,0.05,0.09,0.06,1.6,0.4,0.7,0.4,1.5,0.1,0.2,0.04,1,0.5,0.8,0.3,0.4,,
TEOWNtr5776,Needleleaf tree,Ntr,GF,Ntr,GFET,16.692,0.027,0.908,0.681,0.378,0.5,0.03,0.05,0.09,0.06,1.6,0.4,0.7,0.4,1.5,0.1,0.2,0.04,1,0.5,0.8,0.3,0.4,,
TEOWNtr5777,Needleleaf tree,Ntr,GF,Ntr,GFET,16.648,0.036,0.909,0.681,0.379,0.5,0.03,0.05,0.09,0.06,1.6,0.4,0.7,0.4,1.5,0.1,0.2,0.04,1,0.5,0.8,0.3,0.4,,
TEOWNtr5778,Needleleaf tree,Ntr,GF,Ntr,GFET,10.828,0.061,0.828,0.621,0.345,0.5,0.03,0.05,0.09,0.06,1.6,0.4,0.7,0.4,1.5,0.1,0.2,0.04,1,0.5,0.8,0.3,0.4,,
TEOWNtr5779,Needleleaf tree,Ntr,GF,Ntr,GFET,13.169,0.042,0.926,0.695,0.386,0.5,0.03,0.05,0.09,0.06,1.6,0.4,0.7,0.4,1.5,0.1,0.2,0.04,1,0.5,0.8,0.3,0.4,,
TEOWNtr5780,Needleleaf tree,Ntr,GF,Ntr,GFET,17.78,0.055,0.853,0.639,0.355,0.5,0.03,0.05,0.09,0.06,1.6,0.4,0.7,0.4,1.5,0.1,0.2,0.04,1,0.5,0.8,0.3,0.4,,
TEOWNtr5781,Needleleaf tree,Ntr,GF,Ntr,GFET,16.761,0.023,0.909,0.682,0.379,0.5,0.03,0.05,0.09,0.06,1.6,0.4,0.7,0.4,1.5,0.1,0.2,0.04,1,0.5,0.8,0.3,0.4,,
TEOWNtr5782,Needleleaf tree,Ntr,GF,Ntr,GFET,10.796,0.042,0.905,0.679,0.377,0.5,0.03,0.05,0.09,0.06,1.6,0.4,0.7,0.4,1.5,0.1,0.2,0.04,1,0.5,0.8,0.3,0.4,,
TEOWNtr5783,Needleleaf tree,Ntr,GF,Ntr,GFET,17.071,0.01,0.907,0.681,0.378,0.5,0.03,0.05,0.09,0.06,1.6,0.4,0.7,0.4,1.5,0.1,0.2,0.04,1,0.5,0.8,0.3,0.4,,
TEOWNtr5784,Needleleaf tree,Ntr,GF,Ntr,GFET,15.647,0.037,0.905,0.679,0.377,0.5,0.03,0.05,0.09,0.06,1.6,0.4,0.7,0.4,1.5,0.1,0.2,0.04,1,0.5,0.8,0.3,0.4,,
TEOWNtr5785,Needleleaf tree,Ntr,GF,Ntr,GFET,15.676,0.039,0.908,0.681,0.378,0.5,0.03,0.05,0.09,0.06,1.6,0.4,0.7,0.4,1.5,0.1,0.2,0.04,1,0.5,0.8,0.3,0.4,,
TEOWNtr5786,Needleleaf tree,Ntr,GF,Ntr,GFET,15.256,0.04,0.906,0.68,0.378,0.5,0.03,0.05,0.09,0.06,1.6,0.4,0.7,0.4,1.5,0.1,0.2,0.04,1,0.5,0.8,0.3,0.4,,
TEOWNtr5787,Needleleaf tree,Ntr,GF,Ntr,GFET,16.638,0.032,0.921,0.691,0.384,0.5,0.03,0.05,0.09,0.06,1.6,0.4,0.7,0.4,1.5,0.1,0.2,0.04,1,0.5,0.8,0.3,0.4,,
TEOWNtr5788,Needleleaf tree,Ntr,GF,Ntr,GFET,16.814,0.03,0.907,0.68,0.378,0.5,0.03,0.05,0.09,0.06,1.6,0.4,0.7,0.4,1.5,0.1,0.2,0.04,1,0.5,0.8,0.3,0.4,,
TEOWNtr5789,Needleleaf tree,Ntr,GF,Ntr,GFET,16.692,0.029,0.908,0.681,0.378,0.5,0.03,0.05,0.09,0.06,1.6,0.4,0.7,0.4,1.5,0.1,0.2,0.04,1,0.5,0.8,0.3,0.4,,
TEOWNtr5790,Needleleaf tree,Ntr,GF,Ntr,GFET,16.884,0.024,0.907,0.68,0.378,0.5,0.03,0.05,0.09,0.06,1.6,0.4,0.7,0.4,1.5,0.1,0.2,0.04,1,0.5,0.8,0.3,0.4,,
TEOWNtr5791,Needleleaf tree,Ntr,GF,Ntr,GFET,11.905,0.043,0.906,0.68,0.378,0.5,0.03,0.05,0.09,0.06,1.6,0.4,0.7,0.4,1.5,0.1,0.2,0.04,1,0.5,0.8,0.3,0.4,,
TEOWNtr5792,Needleleaf tree,Ntr,GF,Ntr,GFET,20.038,0.276,0.601,0.451,0.25,0.5,0.03,0.05,0.09,0.06,1.6,0.4,0.7,0.4,1.5,0.1,0.2,0.04,1,0.5,0.8,0.3,0.4,,
TEOWNtr5793,Needleleaf tree,Ntr,GF,Ntr,GFET,15.569,0.041,0.924,0.693,0.385,0.5,0.03,0.05,0.09,0.06,1.6,0.4,0.7,0.4,1.5,0.1,0.2,0.04,1,0.5,0.8,0.3,0.4,,
TEOWNtr5794,Needleleaf tree,Ntr,GF,Ntr,GFET,15.349,0.038,0.908,0.681,0.378,0.5,0.03,0.05,0.09,0.06,1.6,0.4,0.7,0.4,1.5,0.1,0.2,0.04,1,0.5,0.8,0.3,0.4,,
TEOWNtr5795,Needleleaf tree,Ntr,GF,Ntr,GFET,11.16,0.066,0.806,0.604,0.336,0.5,0.03,0.05,0.09,0.06,1.6,0.4,0.7,0.4,1.5,0.1,0.2,0.04,1,0.5,0.8,0.3,0.4,,
TEOWNtr5796,Needleleaf tree,Ntr,GF,Ntr,GFET,14.221,0.288,0.581,0.436,0.242,0.5,0.03,0.05,0.09,0.06,1.6,0.4,0.7,0.4,1.5,0.1,0.2,0.04,1,0.5,0.8,0.3,0.4,,
TEOWNtr5797,Needleleaf tree,Ntr,GF,Ntr,GFET,14.351,0.042,0.921,0.691,0.384,0.5,0.03,0.05,0.09,0.06,1.6,0.4,0.7,0.4,1.5,0.1,0.2,0.04,1,0.5,0.8,0.3,0.4,,
TEOWNtr5798,Needleleaf tree,Ntr,GF,Ntr,GFET,14.06,0.042,0.92,0.69,0.383,0.5,0.03,0.05,0.09,0.06,1.6,0.4,0.7,0.4,1.5,0.1,0.2,0.04,1,0.5,0.8,0.3,0.4,,
TEOWNtr5799,Needleleaf tree,Ntr,GF,Ntr,GFET,15.816,0.038,0.908,0.681,0.378,0.5,0.03,0.05,0.09,0.06,1.6,0.4,0.7,0.4,1.5,0.1,0.2,0.04,1,0.5,0.8,0.3,0.4,,
TEOWNtr5800,Needleleaf tree,Ntr,GF,Ntr,GFET,12.378,0.042,0.907,0.68,0.378,0.5,0.03,0.05,0.09,0.06,1.6,0.4,0.7,0.4,1.5,0.1,0.2,0.04,1,0.5,0.8,0.3,0.4,,
TEOWNtr5801,Needleleaf tree,Ntr,GF,Ntr,GFET,15.685,0.038,0.906,0.68,0.378,0.5,0.03,0.05,0.09,0.06,1.6,0.4,0.7,0.4,1.5,0.1,0.2,0.04,1,0.5,0.8,0.3,0.4,,
TEOWNtr5802,Needleleaf tree,Ntr,GF,Ntr,GFET,22.681,0.053,0.825,0.619,0.344,0.5,0.03,0.05,0.09,0.06,1.6,0.4,0.7,0.4,1.5,0.1,0.2,0.04,1,0.5,0.8,0.3,0.4,,
TEOWNtr5803,Needleleaf tree,Ntr,GF,Ntr,GFET,21.115,0.071,0.787,0.59,0.328,0.5,0.03,0.05,0.09,0.06,1.6,0.4,0.7,0.4,1.5,0.1,0.2,0.04,1,0.5,0.8,0.3,0.4,,
TEOWNtr5804,Needleleaf tree,Ntr,GF,Ntr,GFET,20.083,0.071,0.787,0.59,0.328,0.5,0.03,0.05,0.09,0.06,1.6,0.4,0.7,0.4,1.5,0.1,0.2,0.04,1,0.5,0.8,0.3,0.4,,
TEOWNtr5805,Needleleaf tree,Ntr,GF,Ntr,GFET,22.645,0.073,0.788,0.591,0.328,0.5,0.03,0.05,0.09,0.06,1.6,0.4,0.7,0.4,1.5,0.1,0.2,0.04,1,0.5,0.8,0.3,0.4,,
TEOWNtr5806,Needleleaf tree,Ntr,GF,Ntr,GFET,18.296,0.069,0.787,0.59,0.328,0.5,0.03,0.05,0.09,0.06,1.6,0.4,0.7,0.4,1.5,0.1,0.2,0.04,1,0.5,0.8,0.3,0.4,,
TEOWNtr5807,Needleleaf tree,Ntr,GF,Ntr,GFET,16.601,0.069,0.792,0.594,0.33,0.5,0.03,0.05,0.09,0.06,1.6,0.4,0.7,0.4,1.5,0.1,0.2,0.04,1,0.5,0.8,0.3,0.4,,
TEOWNtr5808,Needleleaf tree,Ntr,GF,Ntr,GFET,22.214,0.073,0.788,0.591,0.328,0.5,0.03,0.05,0.09,0.06,1.6,0.4,0.7,0.4,1.5,0.1,0.2,0.04,1,0.5,0.8,0.3,0.4,,
TEOWNtr5809,Needleleaf tree,Ntr,GF,Ntr,GFET,18.991,0.07,0.789,0.592,0.329,0.5,0.03,0.05,0.09,0.06,1.6,0.4,0.7,0.4,1.5,0.1,0.2,0.04,1,0.5,0.8,0.3,0.4,,
TEOWNtr5810,Needleleaf tree,Ntr,GF,Ntr,GFET,23.176,0.069,0.79,0.592,0.329,0.5,0.03,0.05,0.09,0.06,1.6,0.4,0.7,0.4,1.5,0.1,0.2,0.04,1,0.5,0.8,0.3,0.4,,
TEOWNtr5811,Needleleaf tree,Ntr,GF,Ntr,GFET,4.736,0.063,0.807,0.605,0.336,0.5,0.03,0.05,0.09,0.06,1.6,0.4,0.7,0.4,1.5,0.1,0.2,0.04,1,0.5,0.8,0.3,0.4,,
TEOWNtr5812,Needleleaf tree,Ntr,GF,Ntr,GFET,22.093,0.07,0.788,0.591,0.328,0.5,0.03,0.05,0.09,0.06,1.6,0.4,0.7,0.4,1.5,0.1,0.2,0.04,1,0.5,0.8,0.3,0.4,,
TEOWNtr5813,Needleleaf tree,Ntr,GF,Ntr,GFET,12.353,0.07,0.787,0.59,0.328,0.5,0.03,0.05,0.09,0.06,1.6,0.4,0.7,0.4,1.5,0.1,0.2,0.04,1,0.5,0.8,0.3,0.4,,
TEOWNtr5814,Needleleaf tree,Ntr,GF,Ntr,GFET,22.787,0.068,0.787,0.59,0.328,0.5,0.03,0.05,0.09,0.06,1.6,0.4,0.7,0.4,1.5,0.1,0.2,0.04,1,0.5,0.8,0.3,0.4,,
TEOWNtr5815,Needleleaf tree,Ntr,GF,Ntr,GFET,21.002,0.071,0.788,0.591,0.328,0.5,0.03,0.05,0.09,0.06,1.6,0.4,0.7,0.4,1.5,0.1,0.2,0.04,1,0.5,0.8,0.3,0.4,,
TEOWNtr5816,Needleleaf tree,Ntr,GF,Ntr,GFET,8.956,0.064,0.832,0.624,0.347,0.5,0.03,0.05,0.09,0.06,1.6,0.4,0.7,0.4,1.5,0.1,0.2,0.04,1,0.5,0.8,0.3,0.4,,
TEOWNtr5817,Needleleaf tree,Ntr,GF,Ntr,GFET,11.602,0.043,0.906,0.68,0.378,0.5,0.03,0.05,0.09,0.06,1.6,0.4,0.7,0.4,1.5,0.1,0.2,0.04,1,0.5,0.8,0.3,0.4,,
TEOWNtr5818,Needleleaf tree,Ntr,GF,Ntr,GFET,7.043,0.077,0.806,0.604,0.336,0.5,0.03,0.05,0.09,0.06,1.6,0.4,0.7,0.4,1.5,0.1,0.2,0.04,1,0.5,0.8,0.3,0.4,,
TEOWNtr5819,Needleleaf tree,Ntr,GF,Ntr,GFET,5.18,0.067,0.812,0.609,0.338,0.5,0.03,0.05,0.09,0.06,1.6,0.4,0.7,0.4,1.5,0.1,0.2,0.04,1,0.5,0.8,0.3,0.4,,
TEOWNtr5820,Needleleaf tree,Ntr,GF,Ntr,GFET,12.056,0.074,0.8,0.6,0.333,0.5,0.03,0.05,0.09,0.06,1.6,0.4,0.7,0.4,1.5,0.1,0.2,0.04,1,0.5,0.8,0.3,0.4,,
TEOWNtr5821,Needleleaf tree,Ntr,GF,Ntr,GFET,15.007,0.044,0.906,0.679,0.377,0.5,0.03,0.05,0.09,0.06,1.6,0.4,0.7,0.4,1.5,0.1,0.2,0.04,1,0.5,0.8,0.3,0.4,,
TEOWNtr5822,Needleleaf tree,Ntr,GF,Ntr,GFET,14.517,0.043,0.916,0.687,0.382,0.5,0.03,0.05,0.09,0.06,1.6,0.4,0.7,0.4,1.5,0.1,0.2,0.04,1,0.5,0.8,0.3,0.4,,
TEOWNtr5823,Needleleaf tree,Ntr,GF,Ntr,GFET,7.044,0.079,0.802,0.602,0.334,0.5,0.03,0.05,0.09,0.06,1.6,0.4,0.7,0.4,1.5,0.1,0.2,0.04,1,0.5,0.8,0.3,0.4,,
TEOWNtr5824,Needleleaf tree,Ntr,GF,Ntr,GFET,7.357,0.08,0.801,0.601,0.334,0.5,0.03,0.05,0.09,0.06,1.6,0.4,0.7,0.4,1.5,0.1,0.2,0.04,1,0.5,0.8,0.3,0.4,,
TEOWNtr5825,Needleleaf tree,Ntr,GF,Ntr,GFET,8.288,0.054,0.845,0.633,0.352,0.5,0.03,0.05,0.09,0.06,1.6,0.4,0.7,0.4,1.5,0.1,0.2,0.04,1,0.5,0.8,0.3,0.4,,
TEOWNtr5826,Needleleaf tree,Ntr,GF,Ntr,GFET,8.212,0.048,0.885,0.664,0.369,0.5,0.03,0.05,0.09,0.06,1.6,0.4,0.7,0.4,1.5,0.1,0.2,0.04,1,0.5,0.8,0.3,0.4,,
TEOWNtr5827,Needleleaf tree,Ntr,GF,Ntr,GFET,8.391,0.037,0.906,0.68,0.378,0.5,0.03,0.05,0.09,0.06,1.6,0.4,0.7,0.4,1.5,0.1,0.2,0.04,1,0.5,0.8,0.3,0.4,,
TEOWNtr5828,Needleleaf tree,Ntr,GF,Ntr,GFET,16.918,0.021,0.933,0.7,0.389,0.5,0.03,0.05,0.09,0.06,1.6,0.4,0.7,0.4,1.5,0.1,0.2,0.04,1,0.5,0.8,0.3,0.4,,
TEOWNtr5829,Needleleaf tree,Ntr,GF,Ntr,GFET,8.064,0.042,0.911,0.683,0.379,0.5,0.03,0.05,0.09,0.06,1.6,0.4,0.7,0.4,1.5,0.1,0.2,0.04,1,0.5,0.8,0.3,0.4,,
TEOWNtr5830,Needleleaf tree,Ntr,GF,Ntr,GFET,6.575,0.072,0.811,0.608,0.338,0.5,0.03,0.05,0.09,0.06,1.6,0.4,0.7,0.4,1.5,0.1,0.2,0.04,1,0.5,0.8,0.3,0.4,,
TEOWNtr5831,Needleleaf tree,Ntr,GF,Ntr,GFET,5.95,0.08,0.799,0.599,0.333,0.5,0.03,0.05,0.09,0.06,1.6,0.4,0.7,0.4,1.5,0.1,0.2,0.04,1,0.5,0.8,0.3,0.4,,
TEOWNtr5832,Needleleaf tree,Ntr,GF,Ntr,GFET,6.68,0.069,0.811,0.608,0.338,0.5,0.03,0.05,0.09,0.06,1.6,0.4,0.7,0.4,1.5,0.1,0.2,0.04,1,0.5,0.8,0.3,0.4,,
TEOWNtr5833,Needleleaf tree,Ntr,GF,Ntr,GFET,7.522,0.049,0.883,0.663,0.368,0.5,0.03,0.05,0.09,0.06,1.6,0.4,0.7,0.4,1.5,0.1,0.2,0.04,1,0.5,0.8,0.3,0.4,,
TEOWNtr5834,Needleleaf tree,Ntr,GF,Ntr,GFET,8.318,0.074,0.808,0.606,0.337,0.5,0.03,0.05,0.09,0.06,1.6,0.4,0.7,0.4,1.5,0.1,0.2,0.04,1,0.5,0.8,0.3,0.4,,
TEOWNtr5835,Needleleaf tree,Ntr,GF,Ntr,GFET,13.09,0.042,0.908,0.681,0.378,0.5,0.03,0.05,0.09,0.06,1.6,0.4,0.7,0.4,1.5,0.1,0.2,0.04,1,0.5,0.8,0.3,0.4,,
TEOWNtr5836,Needleleaf tree,Ntr,GF,Ntr,GFET,6.102,0.083,0.798,0.598,0.332,0.5,0.03,0.05,0.09,0.06,1.6,0.4,0.7,0.4,1.5,0.1,0.2,0.04,1,0.5,0.8,0.3,0.4,,
TEOWNtr5837,Needleleaf tree,Ntr,GF,Ntr,GFET,9.279,0.048,0.886,0.664,0.369,0.5,0.03,0.05,0.09,0.06,1.6,0.4,0.7,0.4,1.5,0.1,0.2,0.04,1,0.5,0.8,0.3,0.4,,
TEOWNtr5838,Needleleaf tree,Ntr,GF,Ntr,GFET,16.713,0.023,0.907,0.68,0.378,0.5,0.03,0.05,0.09,0.06,1.6,0.4,0.7,0.4,1.5,0.1,0.2,0.04,1,0.5,0.8,0.3,0.4,,
TEOWNtr5839,Needleleaf tree,Ntr,GF,Ntr,GFET,20.287,0.032,0.87,0.652,0.362,0.5,0.03,0.05,0.09,0.06,1.6,0.4,0.7,0.4,1.5,0.1,0.2,0.04,1,0.5,0.8,0.3,0.4,,
TEOWNtr5840,Needleleaf tree,Ntr,GF,Ntr,GFET,16.641,0.038,0.913,0.685,0.38,0.5,0.03,0.05,0.09,0.06,1.6,0.4,0.7,0.4,1.5,0.1,0.2,0.04,1,0.5,0.8,0.3,0.4,,
TEOWNtr5841,Needleleaf tree,Ntr,GF,Ntr,GFET,17.152,0.003,0.856,0.642,0.357,0.5,0.03,0.05,0.09,0.06,1.6,0.4,0.7,0.4,1.5,0.1,0.2,0.04,1,0.5,0.8,0.3,0.4,,
TEOWNtr5842,Needleleaf tree,Ntr,GF,Ntr,GFET,14.454,0.043,0.914,0.685,0.381,0.5,0.03,0.05,0.09,0.06,1.6,0.4,0.7,0.4,1.5,0.1,0.2,0.04,1,0.5,0.8,0.3,0.4,,
TEOWNtr5843,Needleleaf tree,Ntr,GF,Ntr,GFET,16.701,0.026,0.978,0.733,0.407,0.5,0.03,0.05,0.09,0.06,1.6,0.4,0.7,0.4,1.5,0.1,0.2,0.04,1,0.5,0.8,0.3,0.4,,
TEOWNtr5844,Needleleaf tree,Ntr,GF,Ntr,GFET,15.594,0.039,0.959,0.719,0.4,0.5,0.03,0.05,0.09,0.06,1.6,0.4,0.7,0.4,1.5,0.1,0.2,0.04,1,0.5,0.8,0.3,0.4,,
TEOWNtr5845,Needleleaf tree,Ntr,GF,Ntr,GFET,19.528,0.05,0.849,0.637,0.354,0.5,0.03,0.05,0.09,0.06,1.6,0.4,0.7,0.4,1.5,0.1,0.2,0.04,1,0.5,0.8,0.3,0.4,,
TEOWNtr5846,Needleleaf tree,Ntr,GF,Ntr,GFET,16.872,0.022,0.908,0.681,0.378,0.5,0.03,0.05,0.09,0.06,1.6,0.4,0.7,0.4,1.5,0.1,0.2,0.04,1,0.5,0.8,0.3,0.4,,
TEOWNtr5847,Needleleaf tree,Ntr,GF,Ntr,GFET,15.57,0.036,0.915,0.686,0.381,0.5,0.03,0.05,0.09,0.06,1.6,0.4,0.7,0.4,1.5,0.1,0.2,0.04,1,0.5,0.8,0.3,0.4,,
TEOWNtr5848,Needleleaf tree,Ntr,GF,Ntr,GFET,15.404,0.041,0.933,0.699,0.389,0.5,0.03,0.05,0.09,0.06,1.6,0.4,0.7,0.4,1.5,0.1,0.2,0.04,1,0.5,0.8,0.3,0.4,,
TEOWNtr5849,Needleleaf tree,Ntr,GF,Ntr,GFET,16.371,0.034,0.982,0.736,0.409,0.5,0.03,0.05,0.09,0.06,1.6,0.4,0.7,0.4,1.5,0.1,0.2,0.04,1,0.5,0.8,0.3,0.4,,
TEOWNtr5850,Needleleaf tree,Ntr,GF,Ntr,GFET,16.684,0.034,0.91,0.682,0.379,0.5,0.03,0.05,0.09,0.06,1.6,0.4,0.7,0.4,1.5,0.1,0.2,0.04,1,0.5,0.8,0.3,0.4,,
TEOWNtr5851,Needleleaf tree,Ntr,GF,Ntr,GFET,17.043,0.01,0.9,0.675,0.375,0.5,0.03,0.05,0.09,0.06,1.6,0.4,0.7,0.4,1.5,0.1,0.2,0.04,1,0.5,0.8,0.3,0.4,,
TEOWNtr5852,Needleleaf tree,Ntr,GF,Ntr,GFET,16.963,0.015,0.901,0.675,0.375,0.5,0.03,0.05,0.09,0.06,1.6,0.4,0.7,0.4,1.5,0.1,0.2,0.04,1,0.5,0.8,0.3,0.4,,
TEOWNtr5853,Needleleaf tree,Ntr,GF,Ntr,GFET,16.222,0.048,0.875,0.657,0.365,0.5,0.03,0.05,0.09,0.06,1.6,0.4,0.7,0.4,1.5,0.1,0.2,0.04,1,0.5,0.8,0.3,0.4,,
TEOWNtr5854,Needleleaf tree,Ntr,GF,Ntr,GFET,14.991,0.041,0.887,0.665,0.37,0.5,0.03,0.05,0.09,0.06,1.6,0.4,0.7,0.4,1.5,0.1,0.2,0.04,1,0.5,0.8,0.3,0.4,,
TEOWNtr5855,Needleleaf tree,Ntr,GF,Ntr,GFET,16.229,0.028,0.904,0.678,0.377,0.5,0.03,0.05,0.09,0.06,1.6,0.4,0.7,0.4,1.5,0.1,0.2,0.04,1,0.5,0.8,0.3,0.4,,
TEOWNtr5856,Needleleaf tree,Ntr,GF,Ntr,GFET,16.413,0.039,0.872,0.654,0.363,0.5,0.03,0.05,0.09,0.06,1.6,0.4,0.7,0.4,1.5,0.1,0.2,0.04,1,0.5,0.8,0.3,0.4,,
TEOWNtr5857,Needleleaf tree,Ntr,GF,Ntr,GFET,16.819,0.028,0.923,0.692,0.385,0.5,0.03,0.05,0.09,0.06,1.6,0.4,0.7,0.4,1.5,0.1,0.2,0.04,1,0.5,0.8,0.3,0.4,,
TEOWNtr5858,Needleleaf tree,Ntr,GF,Ntr,GFET,16.896,0.027,0.978,0.734,0.408,0.5,0.03,0.05,0.09,0.06,1.6,0.4,0.7,0.4,1.5,0.1,0.2,0.04,1,0.5,0.8,0.3,0.4,,
TEOWNtr5859,Needleleaf tree,Ntr,GF,Ntr,GFET,16.722,0.027,0.923,0.692,0.385,0.5,0.03,0.05,0.09,0.06,1.6,0.4,0.7,0.4,1.5,0.1,0.2,0.04,1,0.5,0.8,0.3,0.4,,
TEOWNtr5860,Needleleaf tree,Ntr,GF,Ntr,GFET,17.015,0.022,0.909,0.682,0.379,0.5,0.03,0.05,0.09,0.06,1.6,0.4,0.7,0.4,1.5,0.1,0.2,0.04,1,0.5,0.8,0.3,0.4,,
TEOWNtr5861,Needleleaf tree,Ntr,GF,Ntr,GFET,16.926,0.022,0.908,0.681,0.378,0.5,0.03,0.05,0.09,0.06,1.6,0.4,0.7,0.4,1.5,0.1,0.2,0.04,1,0.5,0.8,0.3,0.4,,
TEOWNtr5862,Needleleaf tree,Ntr,GF,Ntr,GFET,16.86,0.029,0.906,0.68,0.378,0.5,0.03,0.05,0.09,0.06,1.6,0.4,0.7,0.4,1.5,0.1,0.2,0.04,1,0.5,0.8,0.3,0.4,,
TEOWNtr5863,Needleleaf tree,Ntr,GF,Ntr,GFET,16.906,0.029,0.91,0.682,0.379,0.5,0.03,0.05,0.09,0.06,1.6,0.4,0.7,0.4,1.5,0.1,0.2,0.04,1,0.5,0.8,0.3,0.4,,
TEOWNtr5864,Needleleaf tree,Ntr,GF,Ntr,GFET,16.595,0.034,0.956,0.717,0.398,0.5,0.03,0.05,0.09,0.06,1.6,0.4,0.7,0.4,1.5,0.1,0.2,0.04,1,0.5,0.8,0.3,0.4,,
TEOWNtr5865,Needleleaf tree,Ntr,GF,Ntr,GFET,16.873,0.03,0.913,0.685,0.381,0.5,0.03,0.05,0.09,0.06,1.6,0.4,0.7,0.4,1.5,0.1,0.2,0.04,1,0.5,0.8,0.3,0.4,,
TEOWNtr5866,Needleleaf tree,Ntr,GF,Ntr,GFET,16.998,0.029,0.901,0.676,0.375,0.5,0.03,0.05,0.09,0.06,1.6,0.4,0.7,0.4,1.5,0.1,0.2,0.04,1,0.5,0.8,0.3,0.4,,
TEOWNtr5867,Needleleaf tree,Ntr,GF,Ntr,GFET,16.029,0.04,0.928,0.696,0.387,0.5,0.03,0.05,0.09,0.06,1.6,0.4,0.7,0.4,1.5,0.1,0.2,0.04,1,0.5,0.8,0.3,0.4,,
TEOWNtr5868,Needleleaf tree,Ntr,GF,Ntr,GFET,0.003,0.003,0,0,0,0.5,0.03,0.05,0.09,0.06,1.6,0.4,0.7,0.4,1.5,0.1,0.2,0.04,1,0.5,0.8,0.3,0.4,,
TEOWNtr5869,Needleleaf tree,Ntr,GF,Ntr,GFET,17.159,0.003,0.906,0.679,0.377,0.5,0.03,0.05,0.09,0.06,1.6,0.4,0.7,0.4,1.5,0.1,0.2,0.04,1,0.5,0.8,0.3,0.4,,
Tephrosia virginiana,Virginia tephrosia,Tephrosia,Fabaceae,Shrub,species,6,0.003,0.15,0.15,0.08,0.15,0.03,0.05,0.06,0.04,1.6,0.4,0.7,0.4,1.2,0.1,0.2,0.04,1,0.5,0.8,0.3,0.4,,
Terminalia,tropical almond,Terminalia,Combretaceae,Btr,genus,6,0.01,0.4,0.3,0.18,0.25,0.03,0.05,0.06,0.04,1.4,0.4,0.7,0.4,1.2,0.1,0.2,0.04,1,0.5,0.8,0.3,0.4,,
Terminalia avicennioides,,Terminalia,Combretaceae,Unknown,species,6,0.01,0.4,0.3,0.18,0.25,0.03,0.05,0.06,0.04,1.4,0.4,0.7,0.4,1.2,0.1,0.2,0.04,1,0.5,0.8,0.3,0.4,,
Terminalia bellirica,myrobalan,Terminalia,Combretaceae,Unknown,species,6,0.01,0.4,0.3,0.18,0.25,0.03,0.05,0.06,0.04,1.4,0.4,0.7,0.4,1.2,0.1,0.2,0.04,1,0.5,0.8,0.3,0.4,,
Terminalia brachystemma,,Terminalia,Combretaceae,Unknown,species,6,0.01,0.4,0.3,0.18,0.25,0.03,0.05,0.06,0.04,1.4,0.4,0.7,0.4,1.2,0.1,0.2,0.04,1,0.5,0.8,0.3,0.4,,
Terminalia laxiflora,,Terminalia,Combretaceae,Unknown,species,6,0.01,0.4,0.3,0.18,0.25,0.03,0.05,0.06,0.04,1.4,0.4,0.7,0.4,1.2,0.1,0.2,0.04,1,0.5,0.8,0.3,0.4,,
Terminalia mantaly,,Terminalia,Combretaceae,Unknown,species,6,0.01,0.4,0.3,0.18,0.25,0.03,0.05,0.06,0.04,1.4,0.4,0.7,0.4,1.2,0.1,0.2,0.04,1,0.5,0.8,0.3,0.4,,
Terminalia prunoides,,Terminalia,Combretaceae,Unknown,species,6,0.01,0.4,0.3,0.18,0.25,0.03,0.05,0.06,0.04,1.4,0.4,0.7,0.4,1.2,0.1,0.2,0.04,1,0.5,0.8,0.3,0.4,,
Terminalia sericea,clusterleaf,Terminalia,Combretaceae,Unknown,species,6,0.01,0.4,0.3,0.18,0.25,0.03,0.05,0.06,0.04,1.4,0.4,0.7,0.4,1.2,0.1,0.2,0.04,1,0.5,0.8,0.3,0.4,,
Terminalia superba,superb terminalia,Terminalia,Combretaceae,Unknown,species,6,0.01,0.4,0.3,0.18,0.25,0.03,0.05,0.06,0.04,1.4,0.4,0.7,0.4,1.2,0.1,0.2,0.04,1,0.5,0.8,0.3,0.4,,
Terminia,,Terminia,TBD,Unknown,genus,6,0.01,0.4,0.3,0.18,0.25,0.03,0.05,0.06,0.04,1.4,0.4,0.7,0.4,1.2,0.1,0.2,0.04,1,0.5,0.8,0.3,0.4,,
Terminia myriocarpa,,Terminia,TBD,Unknown,species,6,0.01,0.4,0.3,0.18,0.25,0.03,0.05,0.06,0.04,1.4,0.4,0.7,0.4,1.2,0.1,0.2,0.04,1,0.5,0.8,0.3,0.4,,
Terminia prunoides,,Terminia,TBD,Unknown,species,6,0.01,0.4,0.3,0.18,0.25,0.03,0.05,0.06,0.04,1.4,0.4,0.7,0.4,1.2,0.1,0.2,0.04,1,0.5,0.8,0.3,0.4,,
Terminia sericea,,Terminia,TBD,Unknown,species,6,0.01,0.4,0.3,0.18,0.25,0.03,0.05,0.06,0.04,1.4,0.4,0.7,0.4,1.2,0.1,0.2,0.04,1,0.5,0.8,0.3,0.4,,
Terminia superba,,Terminia,TBD,Unknown,species,6,0.01,0.4,0.3,0.18,0.25,0.03,0.05,0.06,0.04,1.4,0.4,0.7,0.4,1.2,0.1,0.2,0.04,1,0.5,0.8,0.3,0.4,,
Ternstroemia gymnanthera,,Ternstroemia,Theaceae,Unknown,species,6,0.01,0.4,0.3,0.18,0.25,0.03,0.05,0.06,0.04,1.4,0.4,0.7,0.4,1.2,0.1,0.2,0.04,1,0.5,0.8,0.3,0.4,,
Tetrorchidium didymostemon,,Tetrorchidium,TBD,Unknown,species,6,0.01,0.4,0.3,0.18,0.25,0.03,0.05,0.06,0.04,1.4,0.4,0.7,0.4,1.2,0.1,0.2,0.04,1,0.5,0.8,0.3,0.4,,
Theaceae,,Theaceae,Theaceae,Unknown,family,6,0.01,0.4,0.3,0.18,0.25,0.03,0.05,0.06,0.04,1.4,0.4,0.7,0.4,1.2,0.1,0.2,0.04,1,0.5,0.8,0.3,0.4,,
Thelypteris,maiden fern,Thelypteris,Thelypteridaceae,Herb,genus,6,0.01,0.4,0.3,0.18,0.25,0.03,0.05,0.06,0.04,1.4,0.4,0.7,0.4,1.2,0.1,0.2,0.04,1,0.5,0.8,0.3,0.4,,
Thelypteris decursive-pinnata,,Thelypteris,Thelypteridaceae,Unknown,species,6,0.01,0.4,0.3,0.18,0.25,0.03,0.05,0.06,0.04,1.4,0.4,0.7,0.4,1.2,0.1,0.2,0.04,1,0.5,0.8,0.3,0.4,,
Thelypteris dentata,downy maiden fern,Thelypteris,Thelypteridaceae,Herb,species,6,0.01,0.4,0.3,0.18,0.25,0.03,0.05,0.06,0.04,1.4,0.4,0.7,0.4,1.2,0.1,0.2,0.04,1,0.5,0.8,0.3,0.4,,
Thelypteris kunthii,Kunth's maiden fern,Thelypteris,Thelypteridaceae,Herb,species,6,0.01,0.4,0.3,0.18,0.25,0.03,0.05,0.06,0.04,1.4,0.4,0.7,0.4,1.2,0.1,0.2,0.04,1,0.5,0.8,0.3,0.4,,
Thelypteris plegopteri,,Thelypteris,Thelypteridaceae,Unknown,species,6,0.01,0.4,0.3,0.18,0.25,0.03,0.05,0.06,0.04,1.4,0.4,0.7,0.4,1.2,0.1,0.2,0.04,1,0.5,0.8,0.3,0.4,,
Theobroma cacao,cacao,Theobroma,Sterculiaceae,Btr,species,6,0.01,0.4,0.3,0.18,0.25,0.03,0.05,0.06,0.04,1.4,0.4,0.7,0.4,1.2,0.1,0.2,0.04,1,0.5,0.8,0.3,0.4,,
Thevetia peruviana,luckynut,Thevetia,Apocynaceae,Btr,species,6,0.01,0.4,0.3,0.18,0.25,0.03,0.05,0.06,0.04,1.4,0.4,0.7,0.4,1.2,0.1,0.2,0.04,1,0.5,0.8,0.3,0.4,,
Thevetia thevetioides,thevetia,Thevetia,Apocynaceae,Unknown,species,6,0.01,0.4,0.3,0.18,0.25,0.03,0.05,0.06,0.04,1.4,0.4,0.7,0.4,1.2,0.1,0.2,0.04,1,0.5,0.8,0.3,0.4,,
Thomandersia laurifolia,,Thomandersia,TBD,Unknown,species,6,0.01,0.4,0.3,0.18,0.25,0.03,0.05,0.06,0.04,1.4,0.4,0.7,0.4,1.2,0.1,0.2,0.04,1,0.5,0.8,0.3,0.4,,
Thouinia portoricensis,,Thouinia,Sapindaceae,Unknown,species,6,0.01,0.4,0.3,0.18,0.25,0.03,0.05,0.06,0.04,1.4,0.4,0.7,0.4,1.2,0.1,0.2,0.04,1,0.5,0.8,0.3,0.4,,
Thrinax,thatch palm,Thrinax,Arecaceae,Btr,genus,8,0.003,0.15,0.15,0.04,0.1,0.03,0.05,0.06,0.04,1.6,0.4,0.7,0.4,1.2,0.1,0.2,0.04,1,0.5,0.8,0.3,0.4,,
Thrinax morrisii,Key thatch palm,Thrinax,Arecaceae,Btr,species,6,0.01,0.4,0.3,0.18,0.25,0.03,0.05,0.06,0.04,1.4,0.4,0.7,0.4,1.2,0.1,0.2,0.04,1,0.5,0.8,0.3,0.4,,
Thrinax radiata,,Thrinax,Arecaceae,Btr,genus,8,0.003,0.15,0.15,0.04,0.1,0.03,0.05,0.06,0.04,1.6,0.4,0.7,0.4,1.2,0.1,0.2,0.04,1,0.5,0.8,0.3,0.4,,
Thuja,arborvitae,Thuja,Cupressaceae,Ntr,genus,0.003,0.003,0.15,0.1,0.15,0.15,0.03,0.05,0.09,0.06,1.6,0.4,0.7,0.4,1.5,0.1,0.2,0.04,1,0.5,0.8,0.3,0.4,,
Thuja occidentalis,arborvitae,Thuja,Cupressaceae,Ntr,species,0.003,0.003,0.15,0.1,0.15,0.15,0.03,0.05,0.09,0.06,1.6,0.4,0.7,0.4,1.5,0.1,0.2,0.04,1,0.5,0.8,0.3,0.4,,
Thuja orientalis,,Thuja,Cupressaceae,Unknown,species,0.003,0.003,0.15,0.1,0.15,0.15,0.03,0.05,0.09,0.06,1.6,0.4,0.7,0.4,1.5,0.1,0.2,0.04,1,0.5,0.8,0.3,0.4,,
Thuja plicata,western redcedar,Thuja,Cupressaceae,Ntr,species,0.003,0.003,0.15,0.1,0.15,0.15,0.03,0.05,0.09,0.06,1.6,0.4,0.7,0.4,1.5,0.1,0.2,0.04,1,0.5,0.8,0.3,0.4,,
Thuja plicate,,Thuja,Cupressaceae,Unknown,species,0.003,0.003,0.15,0.1,0.15,0.15,0.03,0.05,0.09,0.06,1.6,0.4,0.7,0.4,1.5,0.1,0.2,0.04,1,0.5,0.8,0.3,0.4,,
Thujopsis dolabrata,Hiba,Thujopsis,Cupressaceae,Ntr,species,6,0.01,0.4,0.3,0.18,0.25,0.03,0.05,0.06,0.04,1.4,0.4,0.7,0.4,1.2,0.1,0.2,0.04,1,0.5,0.8,0.3,0.4,,
Thymus vulgaris,garden thyme,Thymus,Lamiaceae,Shrub,species,6,0.01,0.4,0.3,0.18,0.25,0.03,0.05,0.06,0.04,1.4,0.4,0.7,0.4,1.2,0.1,0.2,0.04,1,0.5,0.8,0.3,0.4,,
Tilia,basswood,Tilia,Malvaceae,Btr,genus,0.003,0.003,0.2,0.2,0.04,0.06,0.03,0.05,0.06,0.04,1.6,0.4,0.7,0.4,1.2,0.1,0.2,0.04,1,0.5,0.8,0.3,0.4,,
Tilia americana,American basswood,Tilia,Malvaceae,Btr,species,0.003,0.003,0.2,0.2,0.04,0.06,0.03,0.05,0.06,0.04,1.6,0.4,0.7,0.4,1.2,0.1,0.2,0.04,1,0.5,0.8,0.3,0.4,,
Tilia amurensis,,Tilia,Malvaceae,Unknown,species,0.003,0.003,0.2,0.2,0.04,0.06,0.03,0.05,0.06,0.04,1.6,0.4,0.7,0.4,1.2,0.1,0.2,0.04,1,0.5,0.8,0.3,0.4,,
Tilia cordata,littleleaf linden,Tilia,Malvaceae,Btr,species,0.003,0.003,0.2,0.2,0.04,0.06,0.03,0.05,0.06,0.04,1.6,0.4,0.7,0.4,1.2,0.1,0.2,0.04,1,0.5,0.8,0.3,0.4,,
Tilia heterophylla,,Tilia,Malvaceae,Btr,species,0.003,0.003,0.2,0.2,0.04,0.06,0.03,0.05,0.06,0.04,1.6,0.4,0.7,0.4,1.2,0.1,0.2,0.04,1,0.5,0.8,0.3,0.4,,
Tilia mandshurica,,Tilia,Malvaceae,Unknown,species,0.003,0.003,0.2,0.2,0.04,0.06,0.03,0.05,0.06,0.04,1.6,0.4,0.7,0.4,1.2,0.1,0.2,0.04,1,0.5,0.8,0.3,0.4,,
Tilia tomentosa,,Tilia,Malvaceae,Btr,species,0.003,0.003,0.2,0.2,0.04,0.06,0.03,0.05,0.06,0.04,1.6,0.4,0.7,0.4,1.2,0.1,0.2,0.04,1,0.5,0.8,0.3,0.4,,
Tiliaceae,,Tiliaceae,Tiliaceae,Unknown,family,6,0.01,0.4,0.3,0.18,0.25,0.03,0.05,0.06,0.04,1.4,0.4,0.7,0.4,1.2,0.1,0.2,0.04,1,0.5,0.8,0.3,0.4,,
Tipuana tipu,tipa,Tipuana,Fabaceae,Unknown,species,6,0.003,0.4,0.3,0.18,0.25,0.03,0.05,0.06,0.04,1.4,0.4,0.7,0.4,1.2,0.1,0.2,0.04,1,0.5,0.8,0.3,0.4,,
Tocoyena pittieri,,Tocoyena,TBD,Unknown,species,6,0.01,0.4,0.3,0.18,0.25,0.03,0.05,0.06,0.04,1.4,0.4,0.7,0.4,1.2,0.1,0.2,0.04,1,0.5,0.8,0.3,0.4,,
Tontelea richardi,,Tontelea,Hyppocrateaceae,Shrub,species,6,0.01,0.4,0.3,0.18,0.25,0.03,0.05,0.06,0.04,1.4,0.4,0.7,0.4,1.2,0.1,0.2,0.04,1,0.5,0.8,0.3,0.4,,
Toona ciliata,Australian redcedar,Toona,Meliaceae,Btr,species,6,0.01,0.4,0.3,0.18,0.25,0.03,0.05,0.06,0.04,1.4,0.4,0.7,0.4,1.2,0.1,0.2,0.04,1,0.5,0.8,0.3,0.4,,
Torreya californica,California nutmeg,Torreya,Taxaceae,Ntr,species,0.003,0.003,0.15,0.2,0.08,0.12,0.03,0.05,0.09,0.06,1.6,0.4,0.7,0.4,1.5,0.1,0.2,0.04,1,0.5,0.8,0.3,0.4,,
Toxicodendron succedaneum,wax tree,Toxicodendron,Anacardiaceae,Unknown,species,6,0.01,0.4,0.3,0.18,0.25,0.03,0.05,0.06,0.04,1.4,0.4,0.7,0.4,1.2,0.1,0.2,0.04,1,0.5,0.8,0.3,0.4,,
Trachelospermum asiaticum var.liuliuens,trachelospermum,Trachelospermum,Apocynaceae,Shrub,species,6,0.01,0.4,0.3,0.18,0.25,0.03,0.05,0.06,0.04,1.4,0.4,0.7,0.4,1.2,0.1,0.2,0.04,1,0.5,0.8,0.3,0.4,,
Trachycarpus fortunei,Chinese windmill palm,Trachycarpus,Arecaceae,Unknown,species,6,0.01,0.4,0.3,0.18,0.25,0.03,0.05,0.06,0.04,1.4,0.4,0.7,0.4,1.2,0.1,0.2,0.04,1,0.5,0.8,0.3,0.4,,
Trachycarpus wagnerianus,,Trachycarpus,Arecaceae,Unknown,species,6,0.01,0.4,0.3,0.18,0.25,0.03,0.05,0.06,0.04,1.4,0.4,0.7,0.4,1.2,0.1,0.2,0.04,1,0.5,0.8,0.3,0.4,,
Trattinnickia aspera,,Trattinnickia,TBD,Unknown,species,6,0.01,0.4,0.3,0.18,0.25,0.03,0.05,0.06,0.04,1.4,0.4,0.7,0.4,1.2,0.1,0.2,0.04,1,0.5,0.8,0.3,0.4,,
Treculia africana,African breadfruit,Treculia,Moraceae,Unknown,species,6,0.01,0.4,0.3,0.18,0.25,0.03,0.05,0.06,0.04,1.4,0.4,0.7,0.4,1.2,0.1,0.2,0.04,1,0.5,0.8,0.3,0.4,,
Trema guineensis,,Trema,Ulmaceae,Unknown,species,6,0.01,0.4,0.3,0.18,0.25,0.03,0.05,0.06,0.04,1.4,0.4,0.7,0.4,1.2,0.1,0.2,0.04,1,0.5,0.8,0.3,0.4,,
Trema micrantha,Jamaican nettletree,Trema,Ulmaceae,Btr,species,6,0.01,0.4,0.3,0.18,0.25,0.03,0.05,0.06,0.04,1.4,0.4,0.7,0.4,1.2,0.1,0.2,0.04,1,0.5,0.8,0.3,0.4,,
Trema orientalis,Oriental trema,Trema,Ulmaceae,Btr,species,6,0.01,0.4,0.3,0.18,0.25,0.03,0.05,0.06,0.04,1.4,0.4,0.7,0.4,1.2,0.1,0.2,0.04,1,0.5,0.8,0.3,0.4,,
Trevesia palmata,,Trevesia,TBD,Unknown,species,6,0.01,0.4,0.3,0.18,0.25,0.03,0.05,0.06,0.04,1.4,0.4,0.7,0.4,1.2,0.1,0.2,0.04,1,0.5,0.8,0.3,0.4,,
Triadica sebifera,Chinese tallow,Triadica,Euphorbiaceae,Btr,species,0.003,0.003,0.04,0.05,0.04,0.05,0.03,0.05,0.06,0.04,1.6,0.4,0.7,0.4,1.2,0.1,0.2,0.04,1,0.5,0.8,0.3,0.4,,
Trichilia,trichilia,Trichilia,Meliaceae,Btr,genus,6,0.01,0.4,0.3,0.18,0.25,0.03,0.05,0.06,0.04,1.4,0.4,0.7,0.4,1.2,0.1,0.2,0.04,1,0.5,0.8,0.3,0.4,,
Trichilia emetica,,Trichilia,Meliaceae,Unknown,species,6,0.01,0.4,0.3,0.18,0.25,0.03,0.05,0.06,0.04,1.4,0.4,0.7,0.4,1.2,0.1,0.2,0.04,1,0.5,0.8,0.3,0.4,,
Trichilia gilgiana,,Trichilia,Meliaceae,Unknown,species,6,0.01,0.4,0.3,0.18,0.25,0.03,0.05,0.06,0.04,1.4,0.4,0.7,0.4,1.2,0.1,0.2,0.04,1,0.5,0.8,0.3,0.4,,
Trichostema lanatum,woolly bluecurls,Trichostema,Lamiaceae,Shrub,species,6,0.01,0.4,0.3,0.18,0.25,0.03,0.05,0.06,0.04,1.4,0.4,0.7,0.4,1.2,0.1,0.2,0.04,1,0.5,0.8,0.3,0.4,,
Trichostigma octandra,,Trichostigma,Phytolaccaceae,Unknown,species,6,0.01,0.4,0.3,0.18,0.25,0.03,0.05,0.06,0.04,1.4,0.4,0.7,0.4,1.2,0.1,0.2,0.04,1,0.5,0.8,0.3,0.4,,
Trifolium,clover,Trifolium,Fabaceae,Shrub,genus,6,0.01,0.4,0.3,0.18,0.25,0.03,0.05,0.06,0.04,1.4,0.4,0.7,0.4,1.2,0.1,0.2,0.04,1,0.5,0.8,0.3,0.4,,
Trifolium pratense,red clover,Trifolium,Fabaceae,Herb,species,6,0.01,0.4,0.3,0.18,0.25,0.03,0.05,0.06,0.04,1.4,0.4,0.7,0.4,1.2,0.1,0.2,0.04,1,0.5,0.8,0.3,0.4,,
Trifolium repens,white clover,Trifolium,Fabaceae,Herb,species,6,0.01,0.4,0.3,0.18,0.25,0.03,0.05,0.06,0.04,1.4,0.4,0.7,0.4,1.2,0.1,0.2,0.04,1,0.5,0.8,0.3,0.4,,
Trigonostemon thyrsoidium,,Trigonostemon,TBD,Unknown,species,6,0.01,0.4,0.3,0.18,0.25,0.03,0.05,0.06,0.04,1.4,0.4,0.7,0.4,1.2,0.1,0.2,0.04,1,0.5,0.8,0.3,0.4,,
Trilepisium madagascariense,,Trilepisium,TBD,Unknown,species,6,0.01,0.4,0.3,0.18,0.25,0.03,0.05,0.06,0.04,1.4,0.4,0.7,0.4,1.2,0.1,0.2,0.04,1,0.5,0.8,0.3,0.4,,
Triplochiton scleroxylon,,Triplochiton,TBD,Unknown,species,6,0.01,0.4,0.3,0.18,0.25,0.03,0.05,0.06,0.04,1.4,0.4,0.7,0.4,1.2,0.1,0.2,0.04,1,0.5,0.8,0.3,0.4,,
Tristania conferta,,Tristania,Myrtaceae,Unknown,species,6,0.01,0.4,0.3,0.18,0.25,0.03,0.05,0.06,0.04,1.4,0.4,0.7,0.4,1.2,0.1,0.2,0.04,1,0.5,0.8,0.3,0.4,,
Tristania laurina,,Tristania,Myrtaceae,Unknown,species,6,0.01,0.4,0.3,0.18,0.25,0.03,0.05,0.06,0.04,1.4,0.4,0.7,0.4,1.2,0.1,0.2,0.04,1,0.5,0.8,0.3,0.4,,
Tristaniopsis laurina,water-gum,Tristaniopsis,Myrtaceae,Unknown,species,6,0.01,0.4,0.3,0.18,0.25,0.03,0.05,0.06,0.04,1.4,0.4,0.7,0.4,1.2,0.1,0.2,0.04,1,0.5,0.8,0.3,0.4,,
Trithrinax acanthacoma,,Trithrinax,Arecaceae,Ntr,species,6,0.01,0.4,0.3,0.18,0.25,0.03,0.05,0.06,0.04,1.4,0.4,0.7,0.4,1.2,0.1,0.2,0.04,1,0.5,0.8,0.3,0.4,,
Trithrinax acanthocoma,,Trithrinax,TBD,Unknown,species,6,0.01,0.4,0.3,0.18,0.25,0.03,0.05,0.06,0.04,1.4,0.4,0.7,0.4,1.2,0.1,0.2,0.04,1,0.5,0.8,0.3,0.4,,
Triticum,wheat,Triticum,Poaceae,Herb,genus,6,0.01,0.4,0.3,0.18,0.25,0.03,0.05,0.06,0.04,1.4,0.4,0.7,0.4,1.2,0.1,0.2,0.04,1,0.5,0.8,0.3,0.4,,
Triticum aestivum,common wheat,Triticum,Poaceae,Herb,species,6,0.01,0.4,0.3,0.18,0.25,0.03,0.05,0.06,0.04,1.4,0.4,0.7,0.4,1.2,0.1,0.2,0.04,1,0.5,0.8,0.3,0.4,,
Tsuga,hemlock,Tsuga,Pinaceae,Ntr,genus,0.003,0.003,0.6,0.5,0.1,0.2,0.03,0.05,0.09,0.06,1.6,0.4,0.7,0.4,1.5,0.1,0.2,0.04,1,0.5,0.8,0.3,0.4,,
Tsuga canadensis,eastern hemlock,Tsuga,Pinaceae,Ntr,species,0.003,0.003,0.6,0.5,0.1,0.2,0.03,0.05,0.09,0.06,1.6,0.4,0.7,0.4,1.5,0.1,0.2,0.04,1,0.5,0.8,0.3,0.4,,
Tsuga caroliniana,Carolina hemlock,Tsuga,Pinaceae,Ntr,species,0.003,0.003,0.6,0.5,0.1,0.2,0.03,0.05,0.09,0.06,1.6,0.4,0.7,0.4,1.5,0.1,0.2,0.04,1,0.5,0.8,0.3,0.4,,
Tsuga heterophylla,western hemlock,Tsuga,Pinaceae,Ntr,species,0.003,0.003,0.6,0.5,0.1,0.2,0.03,0.05,0.09,0.06,1.6,0.4,0.7,0.4,1.5,0.1,0.2,0.04,1,0.5,0.8,0.3,0.4,,
Tsuga mertensiana,mountain hemlock,Tsuga,Pinaceae,Ntr,species,0.003,0.003,0.6,0.5,0.1,0.2,0.03,0.05,0.09,0.06,1.6,0.4,0.7,0.4,1.5,0.1,0.2,0.04,1,0.5,0.8,0.3,0.4,,
Tulipa,tulip,Tulipa,Liliaceae,Herb,genus,6,0.01,0.4,0.3,0.18,0.25,0.03,0.05,0.06,0.04,1.4,0.4,0.7,0.4,1.2,0.1,0.2,0.04,1,0.5,0.8,0.3,0.4,,
Tynnanthus croatianus,,Tynnanthus,TBD,Unknown,species,6,0.01,0.4,0.3,0.18,0.25,0.03,0.05,0.06,0.04,1.4,0.4,0.7,0.4,1.2,0.1,0.2,0.04,1,0.5,0.8,0.3,0.4,,
Uapaca heudelotii,,Uapaca,TBD,Unknown,species,6,0.01,0.4,0.3,0.18,0.25,0.03,0.05,0.06,0.04,1.4,0.4,0.7,0.4,1.2,0.1,0.2,0.04,1,0.5,0.8,0.3,0.4,,
Ulex europaeus,common gorse,Ulex,Fabaceae,Shrub,species,8,0.01,0.4,0.3,0.18,0.25,0.03,0.05,0.06,0.04,1.4,0.4,0.7,0.4,1.2,0.1,0.2,0.04,1,0.5,0.8,0.3,0.4,,
Ulex parviflorus,,Ulex,Fabaceae,Unknown,species,8,0.01,0.4,0.3,0.18,0.25,0.03,0.05,0.06,0.04,1.4,0.4,0.7,0.4,1.2,0.1,0.2,0.04,1,0.5,0.8,0.3,0.4,,
Ulmaceae,,Ulmaceae,Ulmaceae,Unknown,family,0.003,0.003,0.04,0.2,0.05,0.3,0.03,0.05,0.06,0.04,1.6,0.4,0.7,0.4,1.2,0.1,0.2,0.04,1,0.5,0.8,0.3,0.4,,
Ulmus,elm,Ulmus,Ulmaceae,Btr,genus,0.003,0.003,0.04,0.2,0.05,0.3,0.03,0.05,0.06,0.04,1.6,0.4,0.7,0.4,1.2,0.1,0.2,0.04,1,0.5,0.8,0.3,0.4,,
Ulmus alata,winged elm,Ulmus,Ulmaceae,Btr,species,0.003,0.003,0.04,0.2,0.05,0.3,0.03,0.05,0.06,0.04,1.6,0.4,0.7,0.4,1.2,0.1,0.2,0.04,1,0.5,0.8,0.3,0.4,,
Ulmus americana,American elm,Ulmus,Ulmaceae,Btr,species,0.003,0.003,0.04,0.2,0.05,0.3,0.03,0.05,0.06,0.04,1.6,0.4,0.7,0.4,1.2,0.1,0.2,0.04,1,0.5,0.8,0.3,0.4,,
Ulmus campestris,,Ulmus,Ulmaceae,Unknown,species,0.003,0.003,0.04,0.2,0.05,0.3,0.03,0.05,0.06,0.04,1.6,0.4,0.7,0.4,1.2,0.1,0.2,0.04,1,0.5,0.8,0.3,0.4,,
Ulmus crassifolia,cedar elm,Ulmus,Ulmaceae,Btr,species,0.003,0.003,0.04,0.2,0.05,0.3,0.03,0.05,0.06,0.04,1.6,0.4,0.7,0.4,1.2,0.1,0.2,0.04,1,0.5,0.8,0.3,0.4,,
Ulmus japonica,,Ulmus,Ulmaceae,Unknown,species,0.003,0.003,0.04,0.2,0.05,0.3,0.03,0.05,0.06,0.04,1.6,0.4,0.7,0.4,1.2,0.1,0.2,0.04,1,0.5,0.8,0.3,0.4,,
Ulmus laciniata,,Ulmus,Ulmaceae,Unknown,species,0.003,0.003,0.04,0.2,0.05,0.3,0.03,0.05,0.06,0.04,1.6,0.4,0.7,0.4,1.2,0.1,0.2,0.04,1,0.5,0.8,0.3,0.4,,
Ulmus minor,elm,Ulmus,Ulmaceae,Btr,species,0.003,0.003,0.04,0.2,0.05,0.3,0.03,0.05,0.06,0.04,1.6,0.4,0.7,0.4,1.2,0.1,0.2,0.04,1,0.5,0.8,0.3,0.4,,
Ulmus parviflora,,Ulmus,Ulmaceae,Unknown,species,0.003,0.003,0.04,0.2,0.05,0.3,0.03,0.05,0.06,0.04,1.6,0.4,0.7,0.4,1.2,0.1,0.2,0.04,1,0.5,0.8,0.3,0.4,,
Ulmus parvifolia,Chinese elm,Ulmus,Ulmaceae,Btr,species,0.003,0.003,0.04,0.2,0.05,0.3,0.03,0.05,0.06,0.04,1.6,0.4,0.7,0.4,1.2,0.1,0.2,0.04,1,0.5,0.8,0.3,0.4,,
Ulmus procera,English elm,Ulmus,Ulmaceae,Btr,species,0.003,0.003,0.04,0.2,0.05,0.3,0.03,0.05,0.06,0.04,1.6,0.4,0.7,0.4,1.2,0.1,0.2,0.04,1,0.5,0.8,0.3,0.4,,
Ulmus propingua,,Ulmus,Ulmaceae,Unknown,species,0.003,0.003,0.04,0.2,0.05,0.3,0.03,0.05,0.06,0.04,1.6,0.4,0.7,0.4,1.2,0.1,0.2,0.04,1,0.5,0.8,0.3,0.4,,
Ulmus pumila,Siberian elm,Ulmus,Ulmaceae,Btr,species,0.003,0.003,0.04,0.2,0.05,0.3,0.03,0.05,0.06,0.04,1.6,0.4,0.7,0.4,1.2,0.1,0.2,0.04,1,0.5,0.8,0.3,0.4,,
Ulmus rubra,slippery elm,Ulmus,Ulmaceae,Btr,species,0.003,0.003,0.04,0.2,0.05,0.3,0.03,0.05,0.06,0.04,1.6,0.4,0.7,0.4,1.2,0.1,0.2,0.04,1,0.5,0.8,0.3,0.4,,
Ulmus serotina,September elm,Ulmus,Ulmaceae,Btr,species,0.003,0.003,0.04,0.2,0.05,0.3,0.03,0.05,0.06,0.04,1.6,0.4,0.7,0.4,1.2,0.1,0.2,0.04,1,0.5,0.8,0.3,0.4,,
Ulmus thomasii,rock elm,Ulmus,Ulmaceae,Btr,species,0.003,0.003,0.04,0.2,0.05,0.3,0.03,0.05,0.06,0.04,1.6,0.4,0.7,0.4,1.2,0.1,0.2,0.04,1,0.5,0.8,0.3,0.4,,
Umbelliferae,,Umbelliferae,Umbelliferae,Unknown,family,0.003,0.003,0.15,0.2,0.08,0.12,0.03,0.05,0.06,0.04,1.6,0.4,0.7,0.4,1.2,0.1,0.2,0.04,1,0.5,0.8,0.3,0.4,,
Umbellularia californica,California laurel,Umbellularia,Lauraceae,Btr,species,0.003,0.003,0.15,0.2,0.08,0.12,0.03,0.05,0.06,0.04,1.6,0.4,0.7,0.4,1.2,0.1,0.2,0.04,1,0.5,0.8,0.3,0.4,,
Ungnadia speciosa,,Ungnadia,Sapindaceae,Btr,species,0.003,0.003,0.15,0.2,0.08,0.12,0.03,0.05,0.06,0.04,1.6,0.4,0.7,0.4,1.2,0.1,0.2,0.04,1,0.5,0.8,0.3,0.4,,
Unknown ,,generic tree,generic tree,Btr,species,6,0.003,0.3,0.3,0.07,0.22,0.03,0.05,0.06,0.04,1.6,0.4,0.7,0.4,1.2,0.1,0.2,0.04,1,0.5,0.8,0.3,0.4,,
UNKNOWN Tree,,generic tree,generic tree,Btr,species,6,0.003,0.3,0.3,0.07,0.22,0.03,0.05,0.06,0.04,1.6,0.4,0.7,0.4,1.2,0.1,0.2,0.04,1,0.5,0.8,0.3,0.4,,
UNKNOWN Umbellularia/Vaccinium,,generic shrub,GF,Unknown,GF,6,0.003,0.6,0.5,0.1,0.2,0.03,0.05,0.06,0.04,1.6,0.4,0.7,0.4,1.2,0.1,0.2,0.04,1,0.5,0.8,0.3,0.4,,
Urena lobata,Caesarweed,Urena,Malvaceae,Shrub,species,6,0.01,0.4,0.3,0.18,0.25,0.03,0.05,0.06,0.04,1.4,0.4,0.7,0.4,1.2,0.1,0.2,0.04,1,0.5,0.8,0.3,0.4,,
Urera caracasana,flameberry,Urera,Urticaceae,Btr,species,6,0.01,0.4,0.3,0.18,0.25,0.03,0.05,0.06,0.04,1.4,0.4,0.7,0.4,1.2,0.1,0.2,0.04,1,0.5,0.8,0.3,0.4,,
Urtica dioica,stinging nettle,Urtica,Urticaceae,Herb,species,6,0.01,0.4,0.3,0.18,0.25,0.03,0.05,0.06,0.04,1.4,0.4,0.7,0.4,1.2,0.1,0.2,0.04,1,0.5,0.8,0.3,0.4,,
Vaccinium,blueberry,Vaccinium,Ericaceae,Shrub,genus,6,0.01,0.4,0.3,0.18,0.25,0.03,0.05,0.06,0.04,1.4,0.4,0.7,0.4,1.2,0.1,0.2,0.04,1,0.5,0.8,0.3,0.4,,
Vaccinium arboreum,blueberry,Vaccinium,Ericaceae,Shrub,genus,6,0.01,0.4,0.3,0.18,0.25,0.03,0.05,0.06,0.04,1.4,0.4,0.7,0.4,1.2,0.1,0.2,0.04,1,0.5,0.8,0.3,0.4,,
Vaccinium duclouxii,,Vaccinium,Ericaceae,Shrub,species,6,0.01,0.4,0.3,0.18,0.25,0.03,0.05,0.06,0.04,1.4,0.4,0.7,0.4,1.2,0.1,0.2,0.04,1,0.5,0.8,0.3,0.4,,
Vaccinium myrtillus,whortleberry,Vaccinium,Ericaceae,Shrub,species,6,0.01,0.4,0.3,0.18,0.25,0.03,0.05,0.06,0.04,1.4,0.4,0.7,0.4,1.2,0.1,0.2,0.04,1,0.5,0.8,0.3,0.4,,
Vaccinium uliginosum,bog blueberry,Vaccinium,Ericaceae,Shrub,species,6,0.01,0.4,0.3,0.18,0.25,0.03,0.05,0.06,0.04,1.4,0.4,0.7,0.4,1.2,0.1,0.2,0.04,1,0.5,0.8,0.3,0.4,,
Vaccinium vitis-idaea,lingonberry,Vaccinium,Ericaceae,Shrub,species,6,0.01,0.4,0.3,0.18,0.25,0.03,0.05,0.06,0.04,1.4,0.4,0.7,0.4,1.2,0.1,0.2,0.04,1,0.5,0.8,0.3,0.4,,
Vachellia,Previously Acacias,Vachellia,Fabaceae,Btr,genus,0.003,0.003,2,0.5,1,0.7,0.03,0.05,0.06,0.04,1.6,0.4,0.7,0.4,1.2,0.1,0.2,0.04,1,0.5,0.8,0.3,0.4,,
Vachellia farnesiana,,Vachellia,Fabaceae,Btr,species,6,0.01,0.4,0.3,0.18,0.25,0.03,0.05,0.06,0.04,1.4,0.4,0.7,0.4,1.2,0.1,0.2,0.04,1,0.5,0.8,0.3,0.4,,
Vantanea depleta,,Vantanea,TBD,Unknown,species,6,0.01,0.4,0.3,0.18,0.25,0.03,0.05,0.06,0.04,1.4,0.4,0.7,0.4,1.2,0.1,0.2,0.04,1,0.5,0.8,0.3,0.4,,
Verbenaceae,,Verbenaceae,Verbenaceae,Unknown,family,6,0.01,0.4,0.3,0.18,0.25,0.03,0.05,0.06,0.04,1.4,0.4,0.7,0.4,1.2,0.1,0.2,0.04,1,0.5,0.8,0.3,0.4,,
Vernonia,ironweed,Vernonia,Asteraceae,Shrub,genus,0.003,0.003,0.15,0.2,0.08,0.12,0.03,0.05,0.06,0.04,1.6,0.4,0.7,0.4,1.2,0.1,0.2,0.04,1,0.5,0.8,0.3,0.4,,
Vernonia colorata,,Vernonia,Asteraceae,Unknown,species,6,0.01,0.4,0.3,0.18,0.25,0.03,0.05,0.06,0.04,1.4,0.4,0.7,0.4,1.2,0.1,0.2,0.04,1,0.5,0.8,0.3,0.4,,
Vernonia titanophylla,,Vernonia,Asteraceae,Unknown,species,6,0.01,0.4,0.3,0.18,0.25,0.03,0.05,0.06,0.04,1.4,0.4,0.7,0.4,1.2,0.1,0.2,0.04,1,0.5,0.8,0.3,0.4,,
Viburnum,,Viburnum,Caprifoliaceae,Unknown,species,6,0.01,0.4,0.3,0.18,0.25,0.03,0.05,0.06,0.04,1.4,0.4,0.7,0.4,1.2,0.1,0.2,0.04,1,0.5,0.8,0.3,0.4,,
Viburnum cylindricum,,Viburnum,Caprifoliaceae,Unknown,species,6,0.01,0.4,0.3,0.18,0.25,0.03,0.05,0.06,0.04,1.4,0.4,0.7,0.4,1.2,0.1,0.2,0.04,1,0.5,0.8,0.3,0.4,,
Viburnum japonicum,,Viburnum,Caprifoliaceae,Unknown,species,6,0.01,0.4,0.3,0.18,0.25,0.03,0.05,0.06,0.04,1.4,0.4,0.7,0.4,1.2,0.1,0.2,0.04,1,0.5,0.8,0.3,0.4,,
Viburnum plicatum,Japanese snowball,Viburnum,Caprifoliaceae,Shrub,species,6,0.01,0.4,0.3,0.18,0.25,0.03,0.05,0.06,0.04,1.4,0.4,0.7,0.4,1.2,0.1,0.2,0.04,1,0.5,0.8,0.3,0.4,,
Viburnum rufidulum,rusty blackhaw,Viburnum,Caprifoliaceae,Btr,species,6,0.01,0.4,0.3,0.18,0.25,0.03,0.05,0.06,0.04,1.4,0.4,0.7,0.4,1.2,0.1,0.2,0.04,1,0.5,0.8,0.3,0.4,,
Viburnum suspensum,viburnum,Viburnum,Caprifoliaceae,Shrub,species,6,0.01,0.4,0.3,0.18,0.25,0.03,0.05,0.06,0.04,1.4,0.4,0.7,0.4,1.2,0.1,0.2,0.04,1,0.5,0.8,0.3,0.4,,
Viburnum tinus,laurustinus,Viburnum,Caprifoliaceae,Shrub,species,6,0.01,0.4,0.3,0.18,0.25,0.03,0.05,0.06,0.04,1.4,0.4,0.7,0.4,1.2,0.1,0.2,0.04,1,0.5,0.8,0.3,0.4,,
Viburnum trilobum,,Viburnum,Caprifoliaceae,Unknown,species,6,0.01,0.4,0.3,0.18,0.25,0.03,0.05,0.06,0.04,1.4,0.4,0.7,0.4,1.2,0.1,0.2,0.04,1,0.5,0.8,0.3,0.4,,
Vicia faba,horsebean,Vicia,Fabaceae,Shrub,species,6,0.01,0.4,0.3,0.18,0.25,0.03,0.05,0.06,0.04,1.4,0.4,0.7,0.4,1.2,0.1,0.2,0.04,1,0.5,0.8,0.3,0.4,,
Vicia pannonica,Hungarian vetch,Vicia,Fabaceae,Shrub,species,6,0.01,0.4,0.3,0.18,0.25,0.03,0.05,0.06,0.04,1.4,0.4,0.7,0.4,1.2,0.1,0.2,0.04,1,0.5,0.8,0.3,0.4,,
Vigna,cowpea,Vigna,Fabaceae,Shrub,genus,6,0.01,0.4,0.3,0.18,0.25,0.03,0.05,0.06,0.04,1.4,0.4,0.7,0.4,1.2,0.1,0.2,0.04,1,0.5,0.8,0.3,0.4,,
Vigna unguiculata,blackeyed pea,Vigna,Fabaceae,Shrub,species,6,0.01,0.4,0.3,0.18,0.25,0.03,0.05,0.06,0.04,1.4,0.4,0.7,0.4,1.2,0.1,0.2,0.04,1,0.5,0.8,0.3,0.4,,
Virola,virola,Virola,Myristicaceae,Unknown,genus,6,0.01,0.4,0.3,0.18,0.25,0.03,0.05,0.06,0.04,1.4,0.4,0.7,0.4,1.2,0.1,0.2,0.04,1,0.5,0.8,0.3,0.4,,
Virola pavonis,,Virola,Myristicaceae,Unknown,species,6,0.01,0.4,0.3,0.18,0.25,0.03,0.05,0.06,0.04,1.4,0.4,0.7,0.4,1.2,0.1,0.2,0.04,1,0.5,0.8,0.3,0.4,,
Virola sebifera,virola,Virola,Myristicaceae,Unknown,species,6,0.01,0.4,0.3,0.18,0.25,0.03,0.05,0.06,0.04,1.4,0.4,0.7,0.4,1.2,0.1,0.2,0.04,1,0.5,0.8,0.3,0.4,,
Vismia guianensis,,Vismia,TBD,Unknown,species,6,0.01,0.4,0.3,0.18,0.25,0.03,0.05,0.06,0.04,1.4,0.4,0.7,0.4,1.2,0.1,0.2,0.04,1,0.5,0.8,0.3,0.4,,
Vismia japurensis,,Vismia,TBD,Unknown,species,6,0.01,0.4,0.3,0.18,0.25,0.03,0.05,0.06,0.04,1.4,0.4,0.7,0.4,1.2,0.1,0.2,0.04,1,0.5,0.8,0.3,0.4,,
Vitellaria paradoxa,shea butter,Vitellaria,Sapotaceae,Unknown,species,6,0.01,0.4,0.3,0.18,0.25,0.03,0.05,0.06,0.04,1.4,0.4,0.7,0.4,1.2,0.1,0.2,0.04,1,0.5,0.8,0.3,0.4,,
Vitex,chastetree,Vitex,Verbenaceae,Btr,genus,6,0.01,0.4,0.3,0.18,0.25,0.03,0.05,0.06,0.04,1.4,0.4,0.7,0.4,1.2,0.1,0.2,0.04,1,0.5,0.8,0.3,0.4,,
Vitex agnus-castus,lilac chastetree,Vitex,Verbenaceae,Btr,species,6,0.01,0.4,0.3,0.18,0.25,0.03,0.05,0.06,0.04,1.4,0.4,0.7,0.4,1.2,0.1,0.2,0.04,1,0.5,0.8,0.3,0.4,,
Vitex doniana,,Vitex,Verbenaceae,Unknown,species,6,0.01,0.4,0.3,0.18,0.25,0.03,0.05,0.06,0.04,1.4,0.4,0.7,0.4,1.2,0.1,0.2,0.04,1,0.5,0.8,0.3,0.4,,
Vitex lucens,,Vitex,Verbenaceae,Btr,species,6,0.01,0.4,0.3,0.18,0.25,0.03,0.05,0.06,0.04,1.4,0.4,0.7,0.4,1.2,0.1,0.2,0.04,1,0.5,0.8,0.3,0.4,,
Vitex negundo,Chinese chastetree,Vitex,Verbenaceae,Btr,species,6,0.01,0.4,0.3,0.18,0.25,0.03,0.05,0.06,0.04,1.4,0.4,0.7,0.4,1.2,0.1,0.2,0.04,1,0.5,0.8,0.3,0.4,,
Vitex rehmanni,,Vitex,Verbenaceae,Unknown,species,6,0.01,0.4,0.3,0.18,0.25,0.03,0.05,0.06,0.04,1.4,0.4,0.7,0.4,1.2,0.1,0.2,0.04,1,0.5,0.8,0.3,0.4,,
Vitis,grape,Vitis,Vitaceae,Shrub,genus,6,0.01,0.4,0.3,0.18,0.25,0.03,0.05,0.06,0.04,1.4,0.4,0.7,0.4,1.2,0.1,0.2,0.04,1,0.5,0.8,0.3,0.4,,
Vitis coignetiae,,Vitis,Vitaceae,Unknown,species,6,0.01,0.4,0.3,0.18,0.25,0.03,0.05,0.06,0.04,1.4,0.4,0.7,0.4,1.2,0.1,0.2,0.04,1,0.5,0.8,0.3,0.4,,
Vitis tiliifolia,West Indian grape,Vitis,Vitaceae,Shrub,species,6,0.01,0.4,0.3,0.18,0.25,0.03,0.05,0.06,0.04,1.4,0.4,0.7,0.4,1.2,0.1,0.2,0.04,1,0.5,0.8,0.3,0.4,,
Vitis vinifera,wine grape,Vitis,Vitaceae,Shrub,species,6,0.01,0.4,0.3,0.18,0.25,0.03,0.05,0.06,0.04,1.4,0.4,0.7,0.4,1.2,0.1,0.2,0.04,1,0.5,0.8,0.3,0.4,,
Vochysia ferruginea,,Vochysia,Vochysiaceae,Btr,species,6,0.01,0.4,0.3,0.18,0.25,0.03,0.05,0.06,0.04,1.4,0.4,0.7,0.4,1.2,0.1,0.2,0.04,1,0.5,0.8,0.3,0.4,,
Wallichia caryotoides,,Wallichia,TBD,Unknown,species,6,0.01,0.4,0.3,0.18,0.25,0.03,0.05,0.06,0.04,1.4,0.4,0.7,0.4,1.2,0.1,0.2,0.04,1,0.5,0.8,0.3,0.4,,
Wallichia densiflora,,Wallichia,TBD,Unknown,species,6,0.01,0.4,0.3,0.18,0.25,0.03,0.05,0.06,0.04,1.4,0.4,0.7,0.4,1.2,0.1,0.2,0.04,1,0.5,0.8,0.3,0.4,,
Warscewiczia coccinea,,Warscewiczia,TBD,Unknown,species,6,0.01,0.4,0.3,0.18,0.25,0.03,0.05,0.06,0.04,1.4,0.4,0.7,0.4,1.2,0.1,0.2,0.04,1,0.5,0.8,0.3,0.4,,
Washingtonia,fan palm,Washingtonia,Arecaceae,Btr,genus,8,0.003,0.15,0.15,0.04,0.01,0.03,0.05,0.06,0.04,1.6,0.4,0.7,0.4,1.2,0.1,0.2,0.04,1,0.5,0.8,0.3,0.4,,
Washingtonia filifera,California fan palm,Washingtonia,Arecaceae,Btr,species,8,0.003,0.15,0.15,0.04,0.01,0.03,0.05,0.06,0.04,1.6,0.4,0.7,0.4,1.2,0.1,0.2,0.04,1,0.5,0.8,0.3,0.4,,
Washingtonia robusta,Washington fan palm,Washingtonia,Arecaceae,Btr,species,8,0.003,0.15,0.15,0.04,0.01,0.03,0.05,0.06,0.04,1.6,0.4,0.7,0.4,1.2,0.1,0.2,0.04,1,0.5,0.8,0.3,0.4,,
Welfia georgii,,Welfia,Arecaceae,Unknown,species,8,0.003,0.15,0.15,0.04,0.01,0.03,0.05,0.06,0.04,1.6,0.4,0.7,0.4,1.2,0.1,0.2,0.04,1,0.5,0.8,0.3,0.4,,
Wisteria,wisteria,Wisteria,Fabaceae,Shrub,genus,6,0.01,0.4,0.3,0.18,0.25,0.03,0.05,0.06,0.04,1.4,0.4,0.7,0.4,1.2,0.1,0.2,0.04,1,0.5,0.8,0.3,0.4,,
Wisteria floribunda,Japanese wisteria,Wisteria,Fabaceae,Shrub,species,6,0.01,0.4,0.3,0.18,0.25,0.03,0.05,0.06,0.04,1.4,0.4,0.7,0.4,1.2,0.1,0.2,0.04,1,0.5,0.8,0.3,0.4,,
Wisteria sinensis,Chinese wisteria,Wisteria,Fabaceae,Shrub,species,6,0.01,0.4,0.3,0.18,0.25,0.03,0.05,0.06,0.04,1.4,0.4,0.7,0.4,1.2,0.1,0.2,0.04,1,0.5,0.8,0.3,0.4,,
Wodyetia,,Wodyetia,Arecaceae,Btr,genus,6,0.01,0.4,0.3,0.18,0.25,0.03,0.05,0.06,0.04,1.4,0.4,0.7,0.4,1.2,0.1,0.2,0.04,1,0.5,0.8,0.3,0.4,,
Wodyetia bifurcata,,Wodyetia,Arecaceae,Btr,species,6,0.01,0.4,0.3,0.18,0.25,0.03,0.05,0.06,0.04,1.4,0.4,0.7,0.4,1.2,0.1,0.2,0.04,1,0.5,0.8,0.3,0.4,,
Woodfordia fruticosa,,Woodfordia,TBD,Unknown,species,6,0.01,0.4,0.3,0.18,0.25,0.03,0.05,0.06,0.04,1.4,0.4,0.7,0.4,1.2,0.1,0.2,0.04,1,0.5,0.8,0.3,0.4,,
Wyethia,mule-ears,Wyethia,Asteraceae,Herb,genus,6,0.01,0.4,0.3,0.18,0.25,0.03,0.05,0.06,0.04,1.4,0.4,0.7,0.4,1.2,0.1,0.2,0.04,1,0.5,0.8,0.3,0.4,,
Xanthocephalum dracuna,,Xanthocephalum,Asteraceae,Unknown,species,6,0.01,0.4,0.3,0.18,0.25,0.03,0.05,0.06,0.04,1.4,0.4,0.7,0.4,1.2,0.1,0.2,0.04,1,0.5,0.8,0.3,0.4,,
Xanthocercis zambesiaca,,Xanthocercis,TBD,Unknown,species,6,0.01,0.4,0.3,0.18,0.25,0.03,0.05,0.06,0.04,1.4,0.4,0.7,0.4,1.2,0.1,0.2,0.04,1,0.5,0.8,0.3,0.4,,
Xylia torreana,,Xylia,Fabaceae,Unknown,species,6,0.01,0.4,0.3,0.18,0.25,0.03,0.05,0.06,0.04,1.4,0.4,0.7,0.4,1.2,0.1,0.2,0.04,1,0.5,0.8,0.3,0.4,,
Xylopia frutescens,pimientillo,Xylopia,Annonaceae,Unknown,species,6,0.01,0.4,0.3,0.18,0.25,0.03,0.05,0.06,0.04,1.4,0.4,0.7,0.4,1.2,0.1,0.2,0.04,1,0.5,0.8,0.3,0.4,,
Xylopia hypolampra,,Xylopia,Annonaceae,Unknown,species,6,0.01,0.4,0.3,0.18,0.25,0.03,0.05,0.06,0.04,1.4,0.4,0.7,0.4,1.2,0.1,0.2,0.04,1,0.5,0.8,0.3,0.4,,
Xylopia mildbraedii,,Xylopia,Annonaceae,Unknown,species,6,0.01,0.4,0.3,0.18,0.25,0.03,0.05,0.06,0.04,1.4,0.4,0.7,0.4,1.2,0.1,0.2,0.04,1,0.5,0.8,0.3,0.4,,
Xylosma,xylosma,Xylosma,Flacourtiaceae,Btr,genus,6,0.01,0.4,0.3,0.18,0.25,0.03,0.05,0.06,0.04,1.4,0.4,0.7,0.4,1.2,0.1,0.2,0.04,1,0.5,0.8,0.3,0.4,,
Xylosma congestum,dense logwood,Xylosma,Flacourtiaceae,Btr,species,6,0.01,0.4,0.3,0.18,0.25,0.03,0.05,0.06,0.04,1.4,0.4,0.7,0.4,1.2,0.1,0.2,0.04,1,0.5,0.8,0.3,0.4,,
Yucca,yucca,Yucca,Agavaceae,Btr,genus,0.003,0.003,0.15,0.2,0.08,0.12,0.03,0.05,0.06,0.04,1.6,0.4,0.7,0.4,1.2,0.1,0.2,0.04,1,0.5,0.8,0.3,0.4,,
Yucca aloifolia,aloe yucca,Yucca,Agavaceae,Btr,species,0.003,0.003,0.15,0.2,0.08,0.12,0.03,0.05,0.06,0.04,1.6,0.4,0.7,0.4,1.2,0.1,0.2,0.04,1,0.5,0.8,0.3,0.4,,
Yucca brevifolia,Joshua tree,Yucca,Agavaceae,Btr,species,0.003,0.003,0.15,0.2,0.08,0.12,0.03,0.05,0.06,0.04,1.6,0.4,0.7,0.4,1.2,0.1,0.2,0.04,1,0.5,0.8,0.3,0.4,,
Yucca elephantipes,yucca,Yucca,Agavaceae,Btr,species,0.003,0.003,0.15,0.2,0.08,0.12,0.03,0.05,0.06,0.04,1.6,0.4,0.7,0.4,1.2,0.1,0.2,0.04,1,0.5,0.8,0.3,0.4,,
Yucca gloriosa,moundlily yucca,Yucca,Agavaceae,Btr,species,0.003,0.003,0.15,0.2,0.08,0.12,0.03,0.05,0.06,0.04,1.6,0.4,0.7,0.4,1.2,0.1,0.2,0.04,1,0.5,0.8,0.3,0.4,,
Yucca schidigera,Mojave yucca,Yucca,Agavaceae,Btr,species,0.003,0.003,0.15,0.2,0.08,0.12,0.03,0.05,0.06,0.04,1.6,0.4,0.7,0.4,1.2,0.1,0.2,0.04,1,0.5,0.8,0.3,0.4,,
Zamia floridana,,Zamia,Zamiaceae,Unknown,species,6,0.01,0.4,0.3,0.18,0.25,0.03,0.05,0.06,0.04,1.4,0.4,0.7,0.4,1.2,0.1,0.2,0.04,1,0.5,0.8,0.3,0.4,,
Zanthoxylum clava-herculis,lime pricklyash,Zanthoxylum,Rutaceae,Btr,species,6,0.01,0.4,0.3,0.18,0.25,0.03,0.05,0.06,0.04,1.4,0.4,0.7,0.4,1.2,0.1,0.2,0.04,1,0.5,0.8,0.3,0.4,,
Zanthoxylum fagara,lime pricklyash,Zanthoxylum,Rutaceae,Btr,species,6,0.01,0.4,0.3,0.18,0.25,0.03,0.05,0.06,0.04,1.4,0.4,0.7,0.4,1.2,0.1,0.2,0.04,1,0.5,0.8,0.3,0.4,,
Zea mays,corn,Zea,Poaceae,Herb,species,6,0.01,0.4,0.3,0.18,0.25,0.03,0.05,0.06,0.04,1.4,0.4,0.7,0.4,1.2,0.1,0.2,0.04,1,0.5,0.8,0.3,0.4,,
Zelkova,Japanese zelkova,Zelkova,Ulmaceae,Btr,species,6,0.01,0.4,0.3,0.18,0.25,0.03,0.05,0.06,0.04,1.4,0.4,0.7,0.4,1.2,0.1,0.2,0.04,1,0.5,0.8,0.3,0.4,,
Zelkova serrata,Japanese zelkova,Zelkova,Ulmaceae,Btr,species,6,0.01,0.4,0.3,0.18,0.25,0.03,0.05,0.06,0.04,1.4,0.4,0.7,0.4,1.2,0.1,0.2,0.04,1,0.5,0.8,0.3,0.4,,
Zenia insignis,,Zenia,TBD,Unknown,species,6,0.01,0.4,0.3,0.18,0.25,0.03,0.05,0.06,0.04,1.4,0.4,0.7,0.4,1.2,0.1,0.2,0.04,1,0.5,0.8,0.3,0.4,,
Ziziphus jujuba,,Ziziphus,Rhamnaceae,Btr,species,2,0.003,0.4,0.3,0.18,0.25,0.03,0.05,0.06,0.04,1.4,0.4,0.7,0.4,1.2,0.1,0.2,0.04,1,0.5,0.8,0.3,0.4,,
Ziziphus mucronata,,Ziziphus,Rhamnaceae,Unknown,species,2,0.003,0.4,0.3,0.18,0.25,0.03,0.05,0.06,0.04,1.4,0.4,0.7,0.4,1.2,0.1,0.2,0.04,1,0.5,0.8,0.3,0.4,,
Ziziphus obtusifolia,lotebush,Ziziphus,Rhamnaceae,Btr,species,2,0.003,0.4,0.3,0.18,0.25,0.03,0.05,0.06,0.04,1.4,0.4,0.7,0.4,1.2,0.1,0.2,0.04,1,0.5,0.8,0.3,0.4,,
Ziziphus rivularis,,Ziziphus,Rhamnaceae,Unknown,species,2,0.003,0.4,0.3,0.18,0.25,0.03,0.05,0.06,0.04,1.4,0.4,0.7,0.4,1.2,0.1,0.2,0.04,1,0.5,0.8,0.3,0.4,,
Zuelania guidonia,,Zuelania,TBD,Unknown,species,6,0.01,0.4,0.3,0.18,0.25,0.03,0.05,0.06,0.04,1.4,0.4,0.7,0.4,1.2,0.1,0.2,0.04,1,0.5,0.8,0.3,0.4,,
Zygophyllaceae,,Zygophyllaceae,Zygophyllaceae,Unknown,family,6,0.01,0.4,0.3,0.18,0.25,0.03,0.05,0.06,0.04,1.4,0.4,0.7,0.4,1.2,0.1,0.2,0.04,1,0.5,0.8,0.3,0.4,,
